rainfall,soil_moisture,humidity,ndvi,ndwi,elevation,slope,temperature,flood_label,cluster_label
1.2238243329331406,-1.16157834491577,-0.5412321869449496,0.39327585165937,-0.1115366753753808,-0.1567936342792283,0.934396393392146,1.880385623838086,1,2
0.0470637807576257,-0.6920350372016874,0.4803328305140367,-0.6200640457547937,-0.0190855094654417,-0.3329621552752206,-0.3041278691614322,0.1010459619528297,0,2
0.0726803369954599,-0.7240288710286545,-0.3745138388420852,-0.7098957721203081,0.2986422316047922,-0.6231607808433254,2.4393355629974787,-1.5233059692026016,1,1
-1.2529764483124668,-0.4378868360973278,0.3946488986205323,0.5121008865343893,-0.0202557773883523,-0.6443122841646158,-0.112959920589944,0.9081898583510064,0,1
-0.2884419488573436,-0.2274485206438957,0.5939138565124021,0.900421100505952,-0.8464649309632517,1.2168789980867996,-1.1176085013805317,-0.1847755674450278,0,2
0.0911811831672291,-0.9096832307006336,-0.051704607057256,2.3020812118916787,-1.2338236134466678,3.132970182292143,0.0843091327231873,-1.350202789426434,0,2
-0.7244570831554822,1.1640579421402566,0.6530291273536569,-0.9228302346163424,0.3477934843670384,1.521178625869098,1.4875632233011329,1.2040755261079434,0,1
-1.227715677577936,0.4957923707967017,-1.103823584726329,0.5092490856973887,-0.3584632071095222,1.4234586805247365,1.1886090909606144,-0.6537644149781331,0,2
-0.5102742101669229,1.3393481021218094,-0.4083888816837029,-0.715124073654809,1.0721893286487136,-1.317588136551647,-0.1719372664258287,1.0128568972854337,1,1
-0.7552325291912136,0.4083725994948476,1.1232944279784696,-1.8995720212890004,0.4829594294632153,-0.3748891351920896,-0.0743195905595367,0.8578691665556087,0,1
0.1287165537657227,-0.5415288330015882,0.4265312918832317,-1.2736017375673991,-0.4263387466383383,1.0972084926290102,-0.3488693039334828,0.5338039113932489,0,2
-0.9167591476908914,0.1186256255407638,0.7234360791421177,0.9298897091549568,-0.7136395217128961,-0.4108466908382834,-0.9305079559701386,0.6686633654049138,1,2
-0.261935928861251,0.8594405947173007,1.6048514095504884,-0.3225261584277454,0.5648781840669589,-0.6044064478984478,-0.3956444402860808,0.0024174060338509,1,1
0.8308592445346958,1.1230517607563972,-1.7799960085060738,1.1561325755569931,1.037081290961395,-0.9289175121877568,-0.1393980411370647,-0.5229306163100991,1,0
0.7440475817287016,1.141527073248026,0.3561243400947709,-0.0059762655206943,0.1067182922474501,1.5044924399156356,-0.596980896760308,0.3848546636788718,0,1
-1.286776071126276,-0.4847510433931671,0.2804036560958603,-0.7559998856518156,-0.8716256913058302,-1.178082221312558,-0.1719372664258287,-0.9456244273914386,1,2
0.4064071390939129,-1.019633870894718,-1.0261102511485,0.6708511331274148,-0.3514415995720584,-0.9340878796662944,-0.9000024322619223,0.4210855617715579,1,2
-0.0354784560087294,0.2001873709306381,-0.0078663163210449,0.1480209796773305,-0.7434813537471169,-1.056672592248351,-0.4485206813803223,1.377178705884111,1,1
0.6348214322146023,0.8454714560041184,0.910745139560475,-1.916207526171503,0.9727165552013108,0.156060601513014,-0.7047670805293386,2.08971970170694,1,1
2.006018761945346,0.3020268983235197,-1.8165279174529168,0.3286350326873595,0.980908430661685,-0.0011185698345307,-0.6620593473378358,-0.8329060777697477,1,0
0.4816557730425512,-1.4882759438531112,-0.1241042084246352,1.6903699323550798,-0.258405299700664,-0.6394239367303619,-0.5339361477633278,0.6867788144512569,0,2
0.0166441202251972,0.564736829606927,-0.5146635258927003,1.3258147253585209,0.945215259012911,0.1040279033426396,-0.4851273098301819,-0.9395859443759906,0,1
-0.4627768454759383,-0.1048805938701618,-1.4731279733525944,-0.5943978382217895,-0.0623854226131347,-1.1787872714232677,-0.0621173810762503,-0.5309819269973626,1,1
0.076416084780144,0.3759281482900355,-1.2619071179872123,-0.8011533989043228,0.9446301250514558,-1.1402445320378052,0.425970998255209,1.1215495915634923,1,1
1.1761490754905044,-0.7668375219238925,0.6204825175646519,2.132399062090151,0.3671029050950637,-1.1840046422425194,0.2470052591670073,0.8840359262892152,1,0
-0.685854356047079,-0.7551214700999325,0.0578911197832727,0.3158019289208575,-0.3192592316920164,-0.1550545106728111,-0.958979778097807,0.7813817150266047,0,2
-0.4759409090981588,-0.6622942902639433,-2.154614129342789,-0.5473431244112817,-0.2209567261675241,1.2792994345549638,-0.6640930489183836,1.4536661574131156,0,2
2.3331635322326885,0.0429219060628695,1.741015797443266,0.0073321383853076,1.4367277866353727,-1.1082352570115857,-0.3732737229000558,-0.8771882865496979,1,0
-0.0109292562808049,-0.4203127583613881,-1.2499512205137,1.6922711329130795,0.3717839767867061,-0.8307275334362553,-0.8267891753622033,-2.584066152249582,0,2
0.8004395840022674,-0.2373621029564771,-1.4478877453529573,-1.117703291811374,0.8749991836382739,-0.550869642825226,0.3120837097445351,0.3305083165398425,0,0
-1.3846170845346712,0.3718725918894342,0.3966415481994511,0.3077218265493563,-0.3157484279232844,0.122735232946803,-1.0260919302558826,0.2258412776054157,0,1
1.333939946205498,-0.9925968282240416,1.163147419556844,0.2283467032528436,0.44492572196862,0.3299259588140214,-0.999653809708762,-0.6376617936036055,0,0
-1.0144222683476347,1.429922195068576,0.8018136292462528,-0.009778666636695,0.2442247731894483,-0.3738080583556681,1.308597484212931,0.4975730133005627,0,1
-0.0952504205636761,-0.2666522325163766,0.4617347677774621,-0.3111189550797438,-1.7112929259942018,4.445162445004287,1.1703057767356846,-0.3256735044721407,0,2
1.458998550616592,-0.7699918435688048,-0.2928152061064183,-1.9318924307750047,0.7527061856941137,-0.3469221474672723,-0.8715306101342537,-0.8288804224261159,1,0
-0.2525076130237148,-1.3368685048973228,1.763599159337678,0.7411955537734264,0.1880519128897384,-0.6218916906440479,-0.9223731496479476,-0.6014308955109193,0,2
-0.9155138984293298,1.0671752059036654,0.1236485558875894,1.285414213501014,0.3197070542171835,0.2676465323679996,-0.3387007960307441,0.4653677705515082,0,1
0.3754538003065296,-0.3536213864403861,-0.8029334983096056,0.1228300722838263,0.1874667789282831,-1.1101153906401449,-1.0037212128698574,0.0004045783620346,1,1
2.342591848070225,-0.3184732309685066,0.8429950538772395,0.4118125570998731,1.06516772111125,0.7442604072077438,-0.1271958316537783,-1.1348302285421328,1,0
-0.7639492740221434,1.7678852284520328,-0.1254326414772479,-2.3972112673455808,0.9493111967430984,-0.0022466500116663,-0.926440552809043,2.035373354567911,0,1
-0.8308369486431553,0.2411935523144977,-0.2948078556853371,0.4821569777458843,-0.8335919838112349,-0.3756881919842273,0.1290505674952379,0.6968429528103366,1,2
-0.7365537902677928,-0.659139968619031,-0.2244009038968767,1.300623817965017,-0.9962592250958114,0.4369995689604648,0.4686787314467115,0.2560336926826547,0,2
-0.1843746891411415,0.1398046422994607,-0.9676591968335512,1.2374088994115062,0.702384665008957,-1.0764609986889362,-0.16176875852309,1.6509232692510734,1,1
-0.1553781706219263,-1.2318746558595288,0.1156779575719143,-0.5145474147857767,-0.5375141993148476,-0.7257690736219409,0.377162160322063,-0.1425061863368937,0,2
-1.02812001022481,-0.2378127203343216,0.4418082719882754,0.5021195836048877,-0.5135237068951797,-0.2947954426154699,-0.5441046556660666,0.5277654283778009,0,2
-0.061984476004822,0.1893725538623674,1.3106034883968278,-1.928565329798505,0.2143829411552274,0.1389043821524117,0.3019152018417964,0.0024174060338509,0,1
-1.0313220797545393,-1.185461065941534,-0.3034426705273182,-1.3206564513779069,-0.32628083922948,-0.5357815704560389,-1.2050576693440844,-0.2532117082867684,1,2
-0.6516989477299665,1.7286815165795515,0.817754825877603,0.0434549489873135,0.1295385167442073,1.0615329570271002,-0.3000604660003368,0.0728663745474077,0,1
-0.7413568945623867,-0.1202015847168787,0.7845439995622913,-1.062093175489865,1.209110675629257,-0.2559706831857235,0.2124323322976954,0.2399310713081271,1,1
-0.2973365864399249,0.3241071498379056,1.346471180817364,0.7497509562844279,0.1833708411980959,-1.1502562436098829,0.0273654884678505,0.1292255493582524,0,1
-0.1552002778702746,-1.1931215613648924,0.7340635435630173,-0.634323049939796,-1.3233491095493304,1.4272659511225685,-0.3081952723225278,0.1956488625281775,0,2
0.2600014044846236,0.0559898100203635,1.1644758526094563,-0.2379227335967318,0.9621841438951152,-0.1228102189430219,-0.5013969224745638,-0.2290577762249774,1,1
-0.4684694135287904,0.8693541770298822,0.8489730026139958,-0.8149371029498251,1.4888047092048955,-0.0718115942683548,-0.6030820015019512,1.0249338633163283,0,1
-1.1419713712818516,-0.3653374382643459,0.3162713485163973,-0.9703602485663504,-0.2355850752039069,-1.1081882536708718,-0.2837908533559548,0.8276767514783705,1,1
2.1590065283657456,0.166841684970137,0.5427691839868225,1.4223006536770364,0.8796802553299163,-0.3660055037971477,0.3120837097445351,-0.0318006643870197,0,0
-0.5586610386161655,-1.5441524987058428,0.6696345405113128,0.5876736087149016,-0.9541295798710292,-1.3168360831002233,0.3547914429360378,-0.1002368052287603,0,2
-1.2383892426770335,-0.9182449608796812,0.0206949943101235,1.495021575020548,-0.380698297644824,-0.7394940491104227,-0.7840814421707006,-0.5913667571518397,1,2
-0.729260187450076,-0.1544485054330689,0.4218817761990876,-0.3800374753072547,-0.8727959592287406,-0.3688257042399864,-0.3956444402860808,0.4392010108179017,0,2
-0.508317389898755,-0.9096832307006336,-1.6092923612453718,0.7093504444269211,-1.8733750333173231,2.23285620761945,-1.0240582286753348,-0.2552245359585846,0,2
0.2532414799218618,-1.9740414771696,-0.6760681417851149,-0.9675084477293496,-0.7007665745608792,0.2479991359495564,-1.06473226028629,1.3932813272586375,1,2
1.115665539928951,0.2339836742689838,2.021315171544497,0.3029688251543556,0.6257321160583112,-0.612867049226964,0.2551400654891983,0.604252879906805,1,0
0.6332203974497378,1.0162554422072247,1.6799078770230933,-0.1732819146247213,0.6625955556299958,0.4531687181660735,-0.4708913987663475,-0.4645586138274381,0,1
-0.6652187968554903,0.0312058542389098,0.0565626867306595,1.5482551906445563,-0.0483422075382073,-0.2089673424717448,0.5764649152157424,1.149729178968915,1,1
0.0127304796888615,-0.3315411349260002,-0.3904550354734349,0.319129029897358,0.6883414499340295,-1.0263554374878348,0.4442743124801387,-0.7745340752870867,0,1
-0.9082202956116132,0.615205975925523,-0.6322298510489037,-0.4736716027887701,-1.1050941419264992,0.7584554161033653,0.1941290180727657,1.0692160720962778,0,2
-0.8018404301239401,-1.280090715288902,-0.0676458036886053,0.3414681364538618,-1.720655069377487,2.459553319882969,-0.5583405667299007,-0.9979579468586516,0,2
-0.9123118288996008,-1.8807636799557657,-0.1699351487397656,-0.4617890993012681,-0.247287754433013,-0.9910089252709228,-0.4322510687359404,0.7109327465130479,0,2
1.0244065583316664,0.2398417001809638,-1.9506996557667755,-0.3615007698667519,1.0563907116894202,-0.0975224216389013,0.1310842690757856,-0.8932909079242248,1,0
-0.8466694035401501,0.0726626530006139,1.0814487868211773,0.1893720918138371,-1.192864236144796,3.612075234189728,-0.8389913848454897,1.04908779537812,0,2
-0.9192496462140142,-0.5356708070896081,0.3308841120951343,0.7103010447059211,-0.3836239674521006,-1.0091522147865186,-1.0199908255142394,-0.6195463445572624,0,2
-0.1176649072717813,-0.3473127431505616,-0.5139993093663942,-0.1613994111372194,0.1822005732751853,2.0456419015556726,0.755430654303944,0.6686633654049138,0,2
-1.0307884014995845,-1.4360043280231367,1.0156913507168606,-0.1723313143457213,-0.4854372767453247,-0.1626220485277617,-0.716969290012625,-1.72056308104056,1,2
-0.5768060992846314,-0.0088990923892603,-0.8959238119924781,1.559662393992559,-2.4684562721173746,4.644832636357268,0.9486323044559802,0.5921759138759098,0,2
-1.070102699614594,-0.800633825262238,-0.8241884271514046,-1.0540130731183637,-0.9909930194427136,-0.2100484193081664,-0.5176665351189458,-0.1022496329005758,1,2
-0.8589440034041125,-0.3955288025799347,1.9648567668084669,0.2516364100883472,-1.5363378715190636,0.653214936244767,-0.3631052149973169,-0.895303735596041,0,2
1.7000432291045469,1.965706257325816,1.195029812819543,1.215069792855003,1.5549248468493455,-0.8973312672279632,-0.9203394480673998,-0.2954810893949025,1,0
-0.7426021438239481,-1.5144117517680986,2.2916512977511334,-0.2412498345732322,-0.3736766901073602,-0.1559005708056627,0.8774527491368087,1.5583331963475415,0,2
0.6655968782503339,-0.4635720266344706,-0.8235242106250985,0.4341516636563766,0.9522368665503748,-1.220197214592283,-0.8125532642983692,-1.5253187968744175,1,0
-0.8891857711848891,-0.283325075496627,0.1150137410456086,0.776843064235932,0.7919101611116195,-1.1450858761313452,-0.1638024601036377,-0.4363790264220154,1,1
0.1548667882585119,-0.4978189473506611,-0.451562955893608,0.188421491534837,-0.6048046048822082,-1.1084232703744417,-0.8532272959093241,0.7028814358257844,1,2
-0.1649843792111141,-0.0197139094575307,-1.5481844408251988,-0.1442886061152167,0.3390164749452087,-0.464853529318645,1.1438676561885637,-0.6779183470399234,0,1
1.4823025010829551,-0.3414547172385815,1.3092750553442147,-0.6390760513347968,-0.2162756544758815,-0.7796819054208745,-1.0281256318364305,1.1758959387025207,1,0
-0.9758195412392316,-0.5352201897117635,-1.702946891454551,1.2074649906230015,-1.7575185089491712,0.2849437617507435,-0.2817571517754071,0.0809176852346711,0,2
-0.1103713044540646,0.4002614866936444,-0.887953213676803,-0.982242752053852,-0.4661278560172994,-0.6333605057782586,0.96693561868091,0.1392896877173321,0,1
3.143109230502548,0.13484785114317,2.2916512977511334,-2.547406111427605,1.702378605136084,-1.0901859741774178,0.5825660199573856,0.5821117755168301,1,0
-0.9962772076791688,0.7048788341166002,0.2903669039904542,-0.1960963213207252,-0.2110094488227837,1.6893095756029997,0.8286439112036631,-0.0499161134333628,0,1
2.5292013445527823,-0.0206151442132201,0.8748774471399389,-0.808282900996824,1.1921417907470524,-0.2633502076778182,-1.1786195487969635,-0.6155206892136307,1,0
-0.1061018784144254,-0.5942510662094072,-0.3838128702103725,0.8134411749774381,0.6813198423965658,-0.7677900602202378,0.3893643698053495,-0.1747114290859481,1,1
-0.0991640611000119,-0.1296645496516155,1.3810104401852887,-1.844912505246492,-1.1858426286073325,1.308582515819772,-0.6762952584016702,-0.5148793056228357,0,2
-0.4784314076212816,-0.5158436424644454,1.1266155106100006,-1.736544073440474,-0.3812834316062794,0.2080932996833885,-0.2207461043589747,-1.6662167339015308,0,2
-0.4067406287056757,0.8869282547658218,0.7646175037731044,-0.6847048647268041,-0.2192013242831581,-0.5073915526647956,0.0904102374648306,-2.1633851688400587,0,1
2.752456747875574,1.0076937120281773,-0.8115683131515863,0.349072938685863,0.6830752442809318,1.4592282228080742,-0.8674632069731584,-1.112689124152158,1,0
-0.7973931113326495,-0.2747633453175795,-1.1117941830420035,-0.7331854789558119,-0.9084891308775148,1.1512623344500856,-0.2919256596781458,1.1919985600770475,0,2
2.0734401148213126,0.2930145507666277,-1.3303214201967544,0.5063972848603885,1.8164797276198696,-0.7441473798411065,-0.9854178986449276,0.859881994227425,1,0
-0.8112687459614762,0.5976318981895832,-0.4920801639982882,-1.4123893783014214,-0.3625591448397094,1.815795565464317,-0.7739129342679619,-1.1207404348394214,0,1
-1.260625836633487,0.1249342688305883,0.2212883852546055,2.443720653462701,-0.2859065958890636,-0.1127985073709444,-0.5990145983408557,2.609029241035443,0,2
-0.9398852054056028,0.2831009684540463,-0.0238075129523942,1.7203138411435843,-0.3391537863814969,1.3365025002038755,-0.997620108128214,-0.0177108706843083,0,2
0.3485919948071341,1.2127246189474743,0.8449877034561583,1.3790483409825294,0.90542614963395,-0.9667081981217958,0.5418919883464307,1.143690695953467,1,1
0.1817285937579074,-0.4293251059182804,-0.0623320714781555,-0.0188093692871965,-0.108025871606649,-0.8852514086644707,0.2937803955196054,-1.0060092575459156,1,1
1.1419936671733917,1.128008551912688,-1.1051520177789411,-0.2878292482442399,1.4876344412819846,-1.20515614556381,-0.0234770510458431,-1.6118703867625015,1,0
2.593064842395716,0.4574898936799099,0.2823963056747791,-0.9494470424283468,1.0874028116465515,-0.5812808042671702,3.199939954122337,2.4137849568692995,1,0
-0.5885470208936389,0.2006379883084826,2.2916512977511334,1.0030859306379685,-0.337398384497131,-0.9092231124285998,-1.032193034997526,-0.3115837107694293,1,1
0.8772892527157703,-0.6911338024459983,0.910745139560475,0.3267338321293594,-0.7809299272802569,1.5509787438817606,0.8774527491368087,-0.8288804224261159,0,2
-1.0151338393542413,-0.0499052737731196,0.6224751671435707,0.4384293649118773,-1.6235228317759052,0.2733809399351048,-0.0417803652707729,-1.0945736751058148,0,2
-0.0167997170853085,0.8643973858735914,0.9632182451386676,0.2335750047873444,0.9469706608972772,-0.6076026750669984,3.417546023240946,0.7008686081539682,0,1
-1.1332546264509218,-0.3283868132810879,0.2850531717800044,0.1280583738183273,-0.8201339026977627,0.2742270000679565,-0.9040698354230178,0.2721363140571816,0,2
-0.4473001760822468,-0.9723190462210342,-1.4923902526154749,-0.9732120494033506,-0.4064441919488578,-1.2747210898204984,-0.2939593612586935,-1.5233059692026016,1,2
0.3847042233924142,0.8891813416550455,0.3474895252527902,1.4270536550720372,0.0341616810269915,-0.721162746231971,-0.7312052010764593,0.9645490331618516,1,1
-1.1058591426965712,-1.5364920032824845,-0.8035977148359117,1.2673528082000116,-2.0184882557582404,2.2577209748571447,0.7961046859148991,0.0024174060338509,0,2
-0.6034900120323755,0.2033416925755504,-0.7006441532584453,-0.0311671729141985,-0.046001671692386,-0.3424098267587303,-0.9732156891616413,0.4452394938333489,0,1
-0.9252979997701696,-1.8073130473670944,-0.4296438105255024,0.1779648884658352,-1.9096533389275523,1.1983126785047784,-0.4546217861219656,0.2338925882926792,0,2
0.5985313108776704,0.9820085214910343,-0.7318623299948387,0.1475456795378304,0.5947200161011797,0.670653175649653,-0.8044184579761782,-0.3860583346266178,1,1
0.8301476735280892,0.0325577063724437,-1.1064804508315536,1.7540601510480898,-0.1829230186729288,0.3223114176183568,-0.548172058827162,1.2403064242006296,1,2
0.5862567110137082,0.580508437831488,1.921018476072256,2.168997172831657,0.3091746429109878,0.3312890556947266,0.3873306682248018,0.1714949304663865,1,1
-1.1193789918220949,-0.1206522020947232,0.7247645121947299,-1.1856712117598849,-1.3520206736606408,-0.3903532342869887,0.2592074686502937,0.936369445756429,0,2
-0.1706769472639663,-0.1711213484133196,0.1953839407286624,0.2041063961383394,-0.8874243082651235,-0.7328195747290377,-0.5990145983408557,-0.3437889535184838,1,2
0.0618288791447107,-1.294961088757774,-0.0629962880044621,0.3595295417548645,-0.3701658863386284,-0.9763908863088754,0.1331179706563333,-0.3357376428312204,0,2
0.0239377230429141,-1.0471215309432391,0.5839506086178092,0.533964692951393,0.0113414565302344,-1.1048510164801792,-1.0281256318364305,-0.6497387596345007,1,2
0.2448805205942351,-0.2346583986894093,-0.1765773140028275,0.5059219847208885,-0.160687928137627,-0.7550051515460356,-1.174552145635868,-0.4866997182174129,1,2
-0.7440252858371612,0.65305783566447,1.1917087301880116,1.4973980757180487,-0.3608037429553435,-0.3761582253913671,-0.7698455311068665,0.936369445756429,1,1
-0.4206162633345027,-0.0125040314120171,0.649708044722126,0.645184925594411,-0.1624433300219929,-1.3672706676863229,-0.8491598927482287,0.4613421152078765,1,1
-0.9171149331941946,-1.878961210444388,0.5427691839868225,0.9931046277084667,-1.2039817814124472,-0.992889058899482,-0.4261499639942971,-0.2834041233640073,0,2
-0.0367237052702909,-0.6001090921213872,1.2428534027135911,-2.3206879448860684,0.9165436949016008,-1.165156302616214,-0.3346333928696485,0.9866901375518266,1,1
0.2696076130738113,-1.186812918075068,-0.970316062938776,-0.1081657955132109,-0.3953266466812068,0.2098794266305196,0.0782080279815442,0.6545735717022024,0,2
-0.2560654680567474,0.9536196266868242,-0.7511246092577194,0.4189420591923742,-0.2771295864672339,0.500548085605764,0.995407440808578,-0.0277750090433873,0,1
-0.6239476784723128,-1.5306339773705044,0.1070431427299336,0.4484106678413789,-0.9705133307917776,0.6405710375927067,2.020393037404644,-0.0076467323252287,0,2
1.7553678748682031,-0.905627674300032,-1.1303922457785784,0.0810036600078196,1.6731219070633183,-1.2430408381792768,1.631956035520023,-0.4565073031401747,1,0
0.7132721356929701,-1.4450166755800289,-0.8354801080986106,1.0125919334279698,-1.19110883426043,0.2415596782717413,-0.4505543829608702,-0.812777801051589,0,2
0.7104258516665439,-1.4463685277135627,-0.7232275151528574,-1.2755029381253995,0.6883414499340295,-0.2337851063687256,-0.2634538375504774,0.2359054159644954,0,0
0.4981997989461526,1.8877494509586985,0.8164263928249907,1.109553161885986,-0.0746732358036962,3.054333593277656,-0.7515422168819368,1.3268580140887134,1,1
0.4672464601587693,0.911261593169431,-1.8311406810316533,0.1118981690753246,0.8316992704905809,-1.2348622568950445,0.7594980574650397,0.3204441781807629,1,1
-0.3848598202525255,-1.4112203722416832,-2.5312248997584232,0.2454575082748463,-0.1981365016707669,-0.880128044526647,1.5302709564926358,1.1034341425171486,0,2
2.5325813068341634,-0.3446090388834938,-1.0247818180958872,0.7545039576794287,2.088567019696589,-0.608354728518422,-0.3793748276416989,1.572422990050253,1,0
2.7556588174053034,-1.4445660582021842,0.2983375023061283,-1.2346271261283928,1.6304071278770806,-0.6744884289029901,0.0578710121760666,-0.3236606768003252,1,0
-0.6854985705437758,-0.0093497097671049,0.3740581863050389,-0.337735762891748,-1.2724424549027185,-0.4782494814221289,0.0985450437870216,1.8159751383399767,0,2
-1.0957192558524285,1.2672493216666725,0.1369328864137142,0.7820713657704328,0.5601971123753164,-0.301281903633999,-0.934575359131234,0.4271240447870059,0,1
-0.1900672571939935,0.7152430338070265,0.2186315191493811,-1.247935530034395,-0.24143641481846,1.8684393070639729,0.3751284587415154,-0.3337248151594049,0,1
0.9850922602166564,-0.1846398697486578,1.9588788180717105,0.3072465264098561,0.7714304724606836,-0.8834182783766256,0.183960510170027,-0.3337248151594049,1,0
-0.9130233999062072,1.4668728200518335,1.1764317500829682,1.4893179733465471,0.5631227821825929,0.8814631587518477,-0.056016276334607,0.5861374308604619,1,1
0.5581496562527509,-1.0070165843150691,-0.1314105902140037,0.5719887041113987,-0.2607458355464853,-0.0017766166045266,0.0477025042733279,-1.295856442287405,0,2
0.7210994167656417,-0.8001832078843936,1.0176840002957783,0.4027818544493716,-0.3292065090367566,0.4892202804936952,1.473327312237299,0.0165071997365622,1,2
-0.1978945382666653,-1.1205721635319104,1.6825647431283175,1.0834116542134815,-1.1489791890356478,-0.1359711543429357,0.3019152018417964,-0.6678542086808438,0,2
0.6501202088566422,-0.2130287645528682,-1.68899834440212,-0.604854441290791,-0.6679990727193819,1.8718235475953795,-0.5054643256356592,-0.4826740628737812,0,2
0.171944492417068,-0.965559785553365,-0.1712635817923778,-1.1105737897188728,0.2570977203414651,0.5364116345705298,-0.0519488731735116,-1.491100726453548,0,2
0.1541552172519052,0.2930145507666277,-1.7049395410334696,-0.0121551673341954,-0.7785893914344356,2.5808689422657487,-0.4363184718970359,1.1396650406098343,0,2
-0.7595019552308527,-0.1296645496516155,-0.8334874585196919,-0.9275832360113432,-0.9751944024834204,-0.5653466717651314,-1.1867543551191548,0.0950074789373825,0,2
-0.6063362960588016,-0.4081460891595838,2.1302466818587185,-0.6728223612393022,-0.1671244017136354,-0.8419613318668963,0.4503754172217818,0.0406611317983532,1,1
1.2474840689028068,-1.215652430257123,2.0458911830178272,-0.4560854976272671,-0.549802012505409,-0.6376848131239446,-0.5298687446022322,0.8176126131192909,1,2
0.3864831509089306,-0.2878312492750732,-0.53060472252405,-1.309724548169405,-0.6949152349463261,0.8636488926212497,0.9059245712644772,0.7713175766675251,1,2
-0.6698440083984326,0.2803972641869786,-0.6587985121011529,-0.7726353905343183,-0.66448826895065,0.7656469272326042,2.278673138134207,-0.2471732252713205,0,1
-0.4782535148696298,-0.0548620649294103,0.0857882138881346,0.6627710307559135,0.0558116376008381,-0.1686854794798651,-0.7942499500734395,0.7552149552929975,1,1
0.6332203974497378,1.8093420272137368,-0.5956979421020606,-0.9684590480083498,1.4297061790979086,0.8738016142154692,1.0970925198359656,-0.6215591722290786,1,1
2.1003019203207085,0.13484785114317,1.125951294083695,-0.2783232454542383,1.8000959766991207,-0.0922580474789357,1.223182017829926,0.9564977224745876,1,0
-0.5488769372753259,-0.1269608453845478,0.9957648549276727,-0.4627396995802681,-0.4415522296361763,-0.5429260782445636,-0.9691482860005456,-2.9805932035973144,1,1
1.1037467255682922,-1.584257445334013,0.979159441770017,-0.2868786479652399,0.5543457727607632,-0.904804798401486,-0.7739129342679619,-1.0140605682331791,1,0
0.1383227623549104,1.0811443446168485,2.2916512977511334,0.6081115147134049,0.8012723044949046,-0.2579918268364247,0.1819268085894793,-1.207292024727506,0,1
1.707158939170612,0.0830268526910397,-0.67341127567989,1.3814248416800294,0.8586154327175252,-0.8090589933671112,-1.1013388887361493,-0.4504688201247268,1,0
-0.6525884114882248,1.4245147865344403,-1.0028626727277816,1.32201232424252,-0.3877199051822877,0.8502999438584798,2.7382896953379983,0.3204441781807629,0,1
0.8867175685533065,-0.5654115540273524,-0.2815235251592127,0.900896400645452,0.9885151721606042,-0.8412562817561865,0.200230122814409,1.2906271159960272,1,0
-0.8870510581650696,0.8405146648478278,-0.8706835839928411,-2.323539745723069,0.7527061856941137,-0.2189320507031083,2.341717887131187,-0.6155206892136307,0,1
2.671337653122433,0.1407058770551497,-1.0513504791481365,1.4893179733465471,1.956911878369144,1.400615056937743,-0.121094726912135,-1.8232172923031715,0,0
-0.7315727932215472,0.419187416563118,0.328227245989909,0.2944134226433541,-0.1524960526772527,2.1186380896844814,-0.9874516002254754,-2.294218967508092,0,2
-0.8635692149470547,1.5610518520213572,0.1043862766247082,0.1594281830253324,0.190977582697015,-0.0864296332304023,-1.1054062918972447,1.9689500413979864,1,1
0.7107816371698473,-1.2359302122601303,0.7858724326149035,1.3890296439120309,-0.5533128162741409,0.4440500700675616,0.1636234943645496,0.2499952096672068,0,2
1.410789614919001,0.0938416697593104,-0.9503895671495892,-0.2902057489417403,2.041171168818709,0.2563657305966446,2.0224267389851907,-1.0422401556386018,1,0
-0.1329636839138212,-0.0940657768018915,-0.6116391387334104,1.2069896904835016,-0.5527276823126855,1.4772305023015275,0.377162160322063,-1.225407473773849,0,2
0.071257194982247,-0.5676646409165753,-0.3525946934739796,0.8039351721874365,0.3823163880929017,-0.8672491291710169,4.627598463666855,0.411021423412479,0,1
0.2655160797858241,-1.6987142593065436,-0.0610036384255433,0.3229314310133587,-0.723001665096181,-0.4811166852056817,2.010224529501904,0.3325211442116588,0,2
1.82172187123426,-1.174195631495419,0.5341343691448418,-0.690883766540305,-0.7276827367878237,3.263545462795576,2.1871565670095587,0.8216382684629226,0,2
-0.6125625423666086,-0.1283126975180817,0.5314775030396164,0.2668460145523498,-1.8236386465936216,2.8286235511691307,0.7900035811732556,-0.5470845483718901,0,2
-0.5319771258684214,-0.8339795112227392,0.6005560217754651,-1.03072336628286,-0.8763067629974725,-0.3573568891057756,-0.5949471951797602,0.0547509255010646,0,2
0.9448884983433888,-0.5311646333111619,-0.1838836957921965,-0.189917419507224,-0.1653689998292694,0.3867529977372216,-0.7840814421707006,-0.4947510289046763,0,2
0.3660254844689934,0.6909096954034173,0.7167939138790558,0.4949900815123866,1.4402385904041044,-1.0137585421764883,-0.588846090438117,-1.6501141125270038,1,1
0.0668098761909563,1.5250024617937885,1.336507932922771,-0.5882189364082884,0.8755843175997291,-0.5911515058171058,0.7188240258540846,-0.1284163926341823,0,1
-0.8377747659575687,-0.0408929262162276,-2.4641390306014936,-1.6338792433084577,0.1857113770439172,-1.2254145854115348,1.1296317451247295,-0.2854169510358229,0,1
-0.6673535098753098,0.1947799623965029,1.4607164233420358,-0.4137837852117604,0.2518315146883674,-0.0867586566154001,0.706621816370798,0.2781747970726295,1,1
0.8701735426497056,0.1037552520718918,0.8164263928249907,-1.5288379124789404,0.3021530353735241,-0.8876485790408836,0.305982605002892,0.3184313505089474,1,1
0.7401339411923658,0.3304157931277302,0.1236485558875894,1.031128638868473,0.3799758522470805,0.4769524085673467,-0.9223731496479476,0.9806516545363786,1,0
1.643829119582633,-0.3662386730200352,-0.9550390828337328,-1.0763521796748672,0.506949921882883,0.0949092552441278,-0.3570041102556738,-0.0418648027460986,1,0
-0.7911668650248425,0.663872652732741,-0.004545233689513,-0.6799518633318034,-1.243770890791408,1.276103207386413,0.8774527491368087,-1.710498942681481,0,2
-0.1278047941159239,1.085650518395295,-1.4013925885115213,0.9740926221284636,-0.1577622583303504,2.568977097065112,0.1798931070089316,0.0466996148138005,0,2
0.7894102333998664,0.8202368828448202,0.0127243959944484,-0.4137837852117604,0.5742403274502439,1.095093342296881,-0.6030820015019512,-2.358629453006201,1,1
0.3966230377530733,-0.8240659289101578,-0.380491787578841,-0.7540986850938153,-0.3473456618418714,-1.302124037456748,0.9059245712644772,-0.1988653611477391,0,2
0.3802569046011235,0.4146812427846719,-0.0032168006369008,0.2982158237593548,0.5853578727178947,-0.9986704698073012,-0.3549704086751259,-0.4142379220320406,1,1
-0.9898730686197104,0.6517059835309365,0.1502172169398391,-0.542114822876781,0.5110458596130703,-1.304662217855303,-0.3285322881280052,-0.0297878367152035,0,1
0.6750251940878702,-1.067399312946247,0.8243969911406649,-0.3006623520107419,-0.6603923312204628,0.9499940295128284,0.2876792907779621,2.069591424988782,1,2
1.414881148206988,-1.15572031900379,-0.3585726422107355,-0.41140728451426,-0.1238244885659424,2.159248976061359,-0.7027333789487908,1.037010829347224,1,2
-1.0364809695524366,-0.2680040846499105,-1.9022118493464208,0.3210302304553584,-0.8534865385007157,-0.3009528802490011,-0.5908797920186647,0.9142283413664544,0,2
1.1462630932130309,-0.7542202353442434,-1.5906942985087975,-0.2916316493602406,0.6116889009833837,0.0619599134036284,-0.169903564845281,0.6887916421230731,1,0
0.2728096826035407,0.6882059911363495,-0.7743721876784371,0.8148670753959382,0.6122740349448391,-0.3482852443479777,1.1784405830578757,-0.5511102037155218,0,1
-1.1076380702130877,-1.0308993053408333,1.5317875916568031,-0.4446782942792651,-1.8774709710475104,0.350372412024602,0.5540941978297169,0.3144056951653157,1,2
0.9683703415614036,1.2226382012600556,-0.2941436391590309,-0.232219131922731,0.7673345347304966,-1.2796564405954662,1.3553726205655297,-1.6943963213069535,1,0
-0.9398852054056028,-1.0218869577839411,0.4252028588306195,-1.6837857579559656,-0.9734390005990542,-0.6615625102066459,-0.5542731635688053,0.4613421152078765,0,2
0.2543088364317714,-0.1657139398791841,-0.4555482550514455,1.396159146004532,-0.0307881886945479,0.0455087441537359,-0.9630471812589024,-0.4222892327193041,1,2
-0.5280634853320856,-1.2909055323571728,-0.2914867730538061,-0.4442029941397651,-1.0325375307060407,-0.3755471819620854,-1.20912507250518,1.0329851740035916,0,2
0.157179394029983,1.3907184831960948,0.0891092965196655,-0.2607371402927356,0.305663839142256,-0.5331493833760561,-0.3387007960307441,-0.428327715734752,1,1
-1.009974949556344,-1.2264672473253937,1.093404684294689,0.0657940555438173,-0.476660267323495,-0.8052987261099929,-1.10947369505834,-1.0643812600285767,1,2
-0.7602135262374592,0.6156565933033675,-0.3114132688429929,0.6694252327089149,-1.016153779785292,-0.4716220103814579,-0.7068007821098863,1.1960242154206802,1,2
-0.0436615225847044,-1.4666463097165698,-1.0765907071477734,0.0781518591708192,-0.7399705499783851,0.7122511321815242,-0.7149355884320773,-1.5474599012643926,1,2
-0.6840754285305627,-1.3418252960536134,-0.7989481991517681,-1.1371905975308771,-0.6059748728051189,1.642682261614733,-0.6722278552405746,-1.1227532625112375,0,2
0.0865559716242869,-1.1881647702086018,-0.3413030125267736,-0.4822270052997713,-0.9026377912629616,0.895940187691753,-0.918305746486852,-0.3900839899702496,0,2
-0.5116973521801359,-0.4667263482793828,0.6942105519846437,-0.1756584153222217,-1.3174977699347772,-0.1760180006312457,-0.6173179125657854,0.1916232071845458,0,2
-0.3284678179789597,-0.6807696027555721,1.2667651976606158,-0.0896290900727078,0.2647044618403842,0.9459047388707124,-0.9569460765172592,-1.59778059305979,0,2
0.3818579393659882,-0.1458867752540214,-0.616288654417554,-0.870547219271334,0.4583838030820922,-0.637261783057519,-0.8776317148758971,0.1050716172964621,1,1
1.0827553808734,1.2068665930354945,1.4334835457634805,-1.1775911093883835,1.6643448976414883,0.0670832775414523,0.6334085594710792,2.144066048845969,1,0
0.5899924587983922,-1.0944363556169232,0.750668956720673,0.3405175361748615,0.390508263553276,-0.1748429171133963,-0.3936107387055332,-0.7765469029589029,1,2
1.7905906396952251,-0.5419794503794326,-1.4817627881945754,-1.346322658910911,0.1506033393565985,0.6387849106455755,-0.7454411121402935,-1.2636511995383506,0,0
-0.095784098818631,-1.5468562029729105,1.9542293023875672,0.7440473546104266,-1.1612670022262093,-0.5326793499689163,-0.1027914126872053,0.694830125138521,0,2
1.53531454107514,1.9174901978964427,-0.2396778840019198,-0.9584777450788484,2.434966324878133,-1.302406057501032,-0.942710165453425,-0.0499161134333628,1,0
-1.3235998707181629,0.9373974010844184,-0.0835870003199555,-1.8297029007824888,-0.6246991595716889,0.8138253514644324,-1.0362604381586211,0.7974843364011316,0,1
2.1433519662204024,0.3358232016618653,0.6118477027226702,2.582983594336224,1.2635281340446003,-0.5650176483801337,-1.0769344697695764,-0.9838681531559402,1,0
-0.669666115646781,0.8306010825352458,0.8788627462977765,0.9902528268714668,-0.2232972620133453,-0.9122783295750084,0.8408461206869494,0.7854073703702364,1,1
-0.3373624555615411,0.9333418446838166,-0.5372468877871125,0.1689341858153339,1.697112399482986,-0.7356397751718764,0.3222522176472738,-1.2757281655692465,1,1
0.6116953744998908,-1.321547514050606,-0.8826394814663533,0.1461197791193301,-2.2882350119891384,2.481456876655684,0.167690897525645,0.0789048575628549,0,2
-0.0520224819123308,-0.9790783068887032,0.1907344250445192,0.127583073678827,-1.0167389137467473,2.4166862731518206,-1.0871029776723151,0.2359054159644954,0,2
2.9860299307941616,-1.1426524150462962,-0.7292054638896133,0.6009820126209039,1.361830639569093,0.2446148954181498,-0.4119140529304629,-0.3135965384412456,1,0
-0.5330444823783312,0.6224158539710369,-0.9072154929396836,-0.5250040178547782,1.0212826740021017,-1.2342042101250488,-0.8328902801038467,-1.1750867819784514,0,1
-0.629996032028468,-0.1364238103192846,-0.4661757194723455,1.031603939007973,0.3173665183713622,0.2008547852134356,-0.7718792326874142,-0.1022496329005758,0,2
1.4593543361198948,1.9630025530587485,2.2916512977511334,0.962685418780462,1.3366698792265144,-0.6256049545604522,0.5662964073130036,-0.2109423271786343,1,0
3.781032637925284,-0.0976707158246483,-0.3864697363155974,0.2159888996258414,2.878497867661259,-0.60407742451345,1.335035604760052,0.0265713380956419,1,0
-0.4729167323200811,0.9648850611329394,-0.140709621582291,0.5781676059249001,0.0628332451383018,1.4251978041311535,0.0334665932094936,-0.911406356970568,1,1
0.3357837166882167,0.056440427398208,2.2916512977511334,0.9992835295219682,0.4905661709621343,-0.90898809572503,-0.3224311833863621,-0.7564186262407436,1,1
0.9776207646472884,2.000403795419851,1.062186507558296,0.2093346976728405,1.3120942528453914,-0.1823164482869188,-0.6295201220490719,1.147716351297098,1,0
-0.9443325241968936,0.1479157551006636,0.6795977884059066,1.7402764470025875,-0.8704554233829194,-0.981655260468841,-0.7210366931737205,0.0366354764547215,1,2
0.9007710959337856,0.5791565856979544,-0.7497961762051066,-0.251231137502734,1.1096379021818537,-0.4854409925513676,1.125564341963634,-1.5595368672952885,1,0
-0.8059319634119275,0.166841684970137,-1.3794734431434157,-0.5216769168782778,-0.2578201657392087,-0.5461693087538281,-0.3509030055140305,-1.5233059692026016,0,1
-0.8125139952230377,-0.7402510966310605,-2.063616465238835,-0.3904940783762565,-0.7089584500212537,-0.241728670949388,-0.5074980272162071,2.337297505340296,0,2
-0.5111636739251809,2.1008914706791986,0.1900702085182126,0.423695060587375,1.903664687876711,-0.5446181985102668,-0.798317353234535,1.2584218732469734,1,1
0.8844049627818354,0.6999220429603096,0.489631861882324,0.5263598907193916,0.5736551934887886,0.2158018475604809,-1.1338781140249132,0.1312383770300687,1,0
-0.3462570931441224,0.6084467152578539,-0.3731854057894725,2.703709829769243,0.2015099940032106,-0.824805112506294,-0.0519488731735116,1.6026154051274926,1,1
0.3324037544068358,0.439014581188281,-0.4256585113676648,1.0900658561664829,-0.2894173996577955,1.998027517412412,-0.5705427762131873,1.9709628690698024,0,2
-0.3176163601282104,-0.4405905403643956,-0.6614553782063778,-0.6001014398957903,-1.023760521284211,-0.7448994332925302,-0.0031400352403657,1.1235624192353078,0,2
2.836244233903491,-0.1724732005468532,1.0356178465060473,0.3329127339428603,0.5379620218400145,1.1979836551197802,-0.2858245549365025,0.6787275037639935,1,0
-0.7863637607302484,-0.1720225831690087,-0.8407938403090605,2.082492547442643,-0.7241719330190917,-0.2163468669638394,-0.16176875852309,-0.1284163926341823,0,2
0.0541794908236906,0.1073601910946486,-0.6362151502067408,-0.5064673124142752,1.0575609796123309,-0.8388591113797736,-1.103372590316697,0.4190727340997424,1,1
1.567868914627388,-0.574874518962089,0.5600388136707849,1.6818145298440783,0.5754105953731544,0.578244607805971,-0.4871610114107295,-0.6235719999008942,0,0
1.3803699543865724,-0.2968435968319655,1.6360695862868813,0.0890837623793208,0.1318790525900286,-0.61742637327622,-0.7291714994959115,-0.4484559924529105,1,0
-0.4812776916477075,0.1722490935042725,-1.6504737858763583,1.7364740458865873,-0.3046308826556335,-0.0509421109913483,3.4094112169187545,-0.5068279949355722,0,2
0.7792703465557238,0.6453973402411118,-0.3824844371577598,1.098621258677484,1.3103388509610254,-0.5870622151749897,-0.3305659897085531,2.534554617178254,1,0
2.548057976227855,-0.0855040466228437,-0.1187904762141854,0.6988938413579195,0.7140873442380633,-1.2393275742628724,-0.98338419706438,-0.6316233105881576,1,0
-0.5784071340494961,-1.607238931604088,0.364094938410446,-0.7659811885813171,-1.6539497977715811,0.5807357848638117,-0.1434654442981603,0.5780861201731985,0,2
-1.1510439016160847,1.5723172864674724,-0.2503053484228198,0.4198926594713743,0.8826059251371928,-0.4958287308491569,1.353338918984982,-0.9617270487659654,1,1
0.3420099629960238,1.6106197635842638,1.2116352259771983,0.0068568382458076,1.7889784314314698,-0.6296002385211403,0.2266682433615297,-0.5329947546691788,1,1
-0.9142686491677686,0.222267622445024,-1.3509121325122475,1.0159190344044706,0.1113993639390926,-0.944052587897658,-1.0199908255142394,1.2523833902315256,0,1
1.224535903939747,1.1230517607563972,-0.7916418173623995,0.1513480806538309,1.7936595031231124,-0.5712220893543788,-0.9549123749367114,-0.3135965384412456,1,0
-0.0210691431249475,0.2849034379654247,-1.2187330437773072,-1.3377672563999097,0.6111037670219285,-0.444877109515204,-0.5542731635688053,-0.4404046817656471,1,1
-0.5374918011696219,-0.2391645724678555,2.062496596175483,-0.982242752053852,0.2020951279646659,0.4011360199956991,-0.1495665490398034,0.1594179644354914,0,1
0.8273013895016632,-1.5707389239986749,0.91871573787615,-0.0031244646836938,-1.4111192037676272,0.7114990787301004,-0.0255107526263909,-0.8630984928469866,0,2
-0.5040479638591159,-0.615430082968104,-0.6707544095746651,0.3086724268283564,-0.9886524835968922,0.2910541960435608,0.8957560633617389,-0.4504688201247268,0,2
1.9702623188633688,-0.4658251135236938,-0.2330357187388574,0.0857566614028204,0.365932637172153,-0.9321607426970216,0.7513632511428486,-0.4967638565764926,1,0
0.5592170127626607,-0.9880906544455954,0.5607030301970906,-0.944694041033346,0.6128591689062943,0.5107478105406974,-0.1821057743285674,0.4432266661615334,1,0
-0.0356563487603811,-1.8316463857707035,-0.2835161747381315,-0.9969770563783544,-1.2765383926329057,0.7631087468340492,-0.1434654442981603,-0.7845982136461663,0,2
0.3891515421837049,0.9775023477125884,1.3557702121856512,1.179422282392497,1.2202282208969073,-0.5894593855514025,4.367284661356743,0.5841246031886463,1,1
0.6437160697971837,0.4606442153248221,0.0299940256784108,-0.0815489877012066,1.4121521602542495,0.3805015534222625,0.2144660338782433,0.0748792022192232,1,0
-0.4627768454759383,-0.042695395727606,-0.3406387960004675,-0.5397383221792806,-0.3736766901073602,-0.2955004927261796,-0.910170940164661,0.2117514839027044,0,1
0.7476054367617341,1.6696506400819078,0.2990017188324349,-1.3729394667229151,0.9060112835954052,-0.2966755762440291,-0.4261499639942971,-1.0684069153722084,1,1
1.414881148206988,-0.3500164474176293,1.0914120347157712,1.1556572754174932,0.8334546723749466,-0.7068737306549214,0.8855875554589999,1.1457035236252826,1,0
0.1431258666495043,-0.4865535129045459,0.1043862766247082,1.742177647560588,-0.4485738371736401,-0.9622898840946816,-1.0769344697695764,-1.4568826560326773,0,2
0.1630498548344866,-1.2034857610553185,0.2259379009387497,-0.0877278895147074,-0.5579938879657833,0.6809469072660143,1.1540361640913026,0.3083672121498677,0,2
-1.3006517057551032,1.8994655027826584,0.5806295259862773,0.2735002165053506,0.9721314212398554,-0.2023868747717876,-0.2187124027784268,0.7411251615902869,0,1
2.650168415675888,0.4218911208301858,-0.1320748067403103,1.3942579454465318,1.6813137825236928,0.2509603464145371,0.2368367512642684,-0.5128664779510195,1,0
-0.2128375294054018,0.737323285321412,0.904102974297413,-0.1000856931417097,-0.4193171391008745,2.605921722866299,-0.1170273237510394,0.6787275037639935,0,2
0.719498382000777,0.8855764026322887,-0.883967914518966,0.4959406817913866,1.663174629718578,-0.4490134034980341,-0.8755980132953494,-0.794662352005246,1,0
0.2584003697197589,-1.5788500367998777,0.024680293467961,-0.4004753813057581,-2.0073707104905893,2.5569442418423334,1.2089461067660918,-1.3944849982063845,0,2
2.625797108699616,0.527786204623669,0.3567885566210775,0.0791024594498193,1.232516034087469,0.482874829497308,-0.2410831201644521,-0.9556885657505182,1,0
1.6148326010634173,0.0947429045149998,-0.7810143529414996,-0.3049400532662427,1.4349723847510063,-1.0727947381132457,-0.580711284115926,-2.074820751280159,1,0
0.5387593463227237,-1.6194056008058924,0.4697053660931363,1.4037639482365334,-1.7095375241098358,0.4854130098958629,-0.9203394480673998,-0.1243907372905506,0,2
0.7488506860232956,0.2461503434707884,1.000414370611817,0.126157173260327,1.9955307198251944,-1.176719124431853,-0.7718792326874142,0.6022400522349894,1,0
-0.1792157993432442,0.1722490935042725,1.1857307814512554,-1.253163831568896,0.3109300447953538,-1.1279766601114567,0.0293991900483982,0.5378295667368805,1,1
-0.7819164419389577,-0.6185844046130162,-0.8919385128346405,-1.582071528102949,-1.7130483278785675,-0.3613051697257498,0.3486903381943947,0.545880877424144,0,2
-0.7226781556389659,-1.2895536802236387,1.8147438318632576,-2.367742658696576,-0.4596913824412911,-0.2117875429145833,0.0680395200788053,-0.8751754588778817,0,2
-0.5551031835831329,-1.1674363708277498,0.7300782444051797,-0.9542000438233476,-0.5538979502355962,-0.8734065668045481,-0.9874516002254754,-1.3924721705345684,1,2
0.0765939775317957,0.5489652213823655,-0.7816785694678061,0.3519247395228634,-0.4111252636405002,2.472855265305025,-0.975249390742189,-0.4102122666884089,0,2
-0.7395779670458705,-1.2057388479445414,0.2850531717800044,-0.2645395414087361,-1.6990051128036403,1.7593445532668286,1.7743151461583655,1.3872428442431912,0,2
3.1139348192316816,1.3659345274146415,0.235236932307037,-0.2189107280167287,1.085647409762186,1.5115899443634464,0.7208577274346323,-0.2713271573331114,1,0
-0.9027056203104128,-1.0372079486306578,-1.1343775449364155,-0.5397383221792806,-1.394150318885423,-0.3215403434817238,-0.0519488731735116,0.563996326470487,0,2
-0.0703454353324485,1.11449003057735,-1.084561305463448,-0.6005767400352903,0.2120424053094062,0.9939891564211129,-1.1806532503775116,0.4553036321924286,1,1
0.1843969850326819,-1.59372041026875,1.4341477622897871,-0.7555245855123154,-0.034884126424735,-0.1051839661752798,-0.950844971775616,-0.1948397058041074,1,2
0.2260238889191628,-0.6280473695477528,-1.3907651240906214,-0.6153110443597929,-0.7177354594430834,1.7935629853066049,-0.056016276334607,-1.6279730081370292,0,2
0.6330425046980861,-0.0030410664772803,0.4165680439886379,-0.2236637294117295,0.5830173368720736,-1.170138656731896,-0.2898919580975981,0.8377408898374494,1,0
0.1324523015504067,-1.6906031465053408,0.0977441113616462,-0.0330683734721988,-0.4316049522914361,-0.2213762244202351,0.3812295634831585,-1.561549694967104,0,2
-0.8950562319893929,-0.4076954717817393,-0.4741463177880201,1.0834116542134815,-1.0770077117766446,1.0534953857650096,-0.8613621022315151,1.1155111085480445,1,2
0.8498937689614198,-0.915991873990458,0.2086682712547873,0.812965874837938,0.2331072279217974,-0.833782750582664,-0.6152842109852377,-0.663828553337212,1,0
3.551550988294684,1.4839962804099287,0.3992984143046764,-0.4941095087872732,2.952809880766084,-0.9327717861263032,1.3452041126627907,0.3969316297097676,1,0
-0.250017114500592,-1.1998808220325616,-0.5379111043134186,0.5544025989498963,0.0359170829113575,-0.528778072689656,0.9445649012948844,-0.2572373636304001,0,2
-0.5099184246636196,-0.2409670419792339,-1.1682525877780336,0.0976391648903223,-0.6445937142611694,1.5867012828243845,-0.7678118295263187,1.4959355385212496,1,2
-0.0847547482162301,0.6458479576189564,0.0306582422047164,-0.6219652463127938,-0.1179731489513893,1.913797530852963,-0.7718792326874142,1.1316137299225713,0,1
-0.819985490792406,-1.6356278264082982,0.0299940256784108,-0.3638772705642523,-1.6638970751163218,0.9050588357902648,-0.4973295193134683,0.9645490331618516,0,2
2.374612543367518,-0.5451337720243449,-1.042051447779849,0.5691369032743986,0.0856534696350589,1.1486771507108169,-0.605115703082499,-1.2193689907584009,0,0
-0.5239719520440981,-1.4616895185602792,1.2229269069244046,-1.1291104951593758,-0.4596913824412911,-0.6739243888144223,-0.169903564845281,-0.5933795848236559,1,2
0.1185766669215798,0.1271873557198116,-0.6574700790485403,0.2792038181793517,0.7386629706191863,-0.714347261828444,2.0590333674350507,-0.5772769634491284,0,1
-0.4211499415894574,-1.1642820491828374,2.224565428594204,-0.2502805372237338,-0.3385686524200417,-1.196272514168868,-0.6844300647238611,-0.6255848275727104,0,2
-0.5449632967389901,-1.7158377196646386,0.0499205214675976,-0.2241390295512295,-1.3028694208983944,0.0628059735364801,-0.4647902940247043,-0.9456244273914386,1,2
-0.5848112731089546,0.8945887501891803,-0.5040360614718008,-1.496992803132435,1.1096379021818537,-0.4811166852056817,1.745843324030697,-0.6175335168854462,1,1
-0.7902774012665842,-1.0867758601935649,-0.3977614172628034,0.0054309378273073,-0.1232393546044871,-0.597261940109923,0.110747253270308,-1.839319913677698,0,2
-0.5855228441155612,1.8332247482395003,-0.5511954348395429,-1.8154438965974868,0.3238029919473706,-0.9675542582546474,1.68889967977536,-0.3055452277539821,1,1
-1.1933823765091718,-1.0268437489402318,-0.8979164615713968,-1.1880477124573854,-1.7229956052233082,0.0383642363652112,-0.9447438670339728,-1.509216175499891,0,2
0.0988305714882492,1.5786259297572969,-0.2363568013703889,-0.4209132873042613,1.5473181053504264,-0.5692949523851057,-0.458689189283061,1.4657431234440117,0,1
-0.9153360056776784,0.4656010064811128,0.142246618624164,0.442231766027878,-1.488356886679728,0.8881846364739466,-0.7942499500734395,1.781757067919108,0,2
0.9294118289496972,2.04140997680371,-0.6282445518910662,0.5525013983918956,1.3261374679203186,0.8757287511847421,-0.9142383433257566,1.8200007936836096,1,0
-0.9333031735944926,-1.2174548997685013,-1.289804212092074,-0.7070439712833076,-0.7967285442395502,0.2956605234335308,-0.9406764638728772,0.1493538260764117,0,2
-0.0779948236534683,1.0356319894545434,-1.5707678027196104,-0.3486676661002497,-0.2232972620133453,1.4534468119002548,-0.178038371167472,0.0607894085165118,0,1
1.0327675176592928,0.8436689864927397,-1.4737921898789004,-0.4594125986037677,0.6450415367863366,-0.6581312663345256,0.8245765080425673,-1.0945736751058148,1,0
0.3896852204386598,0.9937245733149944,1.0289756812429844,0.4926135808148862,0.5362066199556486,0.151689290826614,1.308597484212931,0.948446411787324,0,1
-0.7038215239638933,-0.41265226293803,0.292359553569373,0.6699005328484149,-1.047751013703879,1.1217442364817067,-0.4078466497693674,0.4371881831460855,0,2
-0.9430872749353322,-0.1648127051234951,0.5839506086178092,-0.8738743202478346,-0.5193750465097328,-0.6330784857339748,-0.8166206674594647,1.4315250530231407,0,1
0.6679094840218049,0.7630084758585545,1.163147419556844,-1.3396684569579098,0.3928487993990974,0.8702763636619207,-0.8939013275202791,0.3888803190225042,1,1
0.1352985855768327,-0.1738250526803871,-0.7212348655739387,-0.5516208256667825,-0.6919895651390495,0.0092691684632584,0.7635654606261352,-0.8490086991442752,1,2
-0.7733775898596797,-1.0304486879629886,0.2206241687282989,-0.5753858326417863,-0.8224744385435839,0.1931462373363432,-1.103372590316697,1.0571391060653834,1,2
2.820945457261451,0.3083355416133442,0.4849823461981799,-0.1219494995587132,1.215547149205265,-0.4928675203841763,-1.0098223176115009,-0.4746227521865178,1,0
-0.8731754235362427,0.8481751602711856,-0.3220407332638929,1.024949737054972,-0.301705212848357,-0.888917669240161,-0.8572946990704197,0.4955601856287465,1,1
-1.1088833194746488,-0.4838498086374781,0.2013618894654187,-1.284533640775901,-1.6621416732319556,1.515444218301993,-1.0260919302558826,0.0024174060338509,0,2
-0.9247643215152144,-0.0616213255970797,-0.7770290537836625,1.7802016587205944,0.7696750705763179,-1.1241223861729106,-0.4973295193134683,1.334909324775977,0,1
1.0622977144334629,-1.9614241905899503,0.063869068520028,0.1741624873498347,-0.2034027073238647,-0.7898346270150938,-0.2349820154228088,0.954484894802772,1,2
-0.8249664878386516,1.0599653278581518,-0.9497253506232828,0.2492599093908467,0.262363925994563,-0.6083077251777079,1.3574063221460777,0.8236510961347381,0,1
0.715762634216093,-1.3886895033494526,-0.4787958334721638,0.3357645347798607,-0.2900025336192507,2.4459223510759154,0.2470052591670073,-1.7125117703532966,0,2
-0.1363436461952021,0.2619219516953497,0.4451293546198063,-0.2973352510342414,-0.4111252636405002,0.5977979975429859,-0.6234190173074287,0.7109327465130479,1,1
-1.181819347651816,0.6683788265111869,1.0422600117691092,1.4280042553510373,-0.0928123886088109,1.2086064101211391,0.2856455891974144,1.5522947133320952,0,1
-1.1811077766452096,-1.689251294371807,0.0857882138881346,-1.390525571884418,-1.5626688997845526,-1.0219371234607209,-1.1623499361525818,-1.8171788092877232,0,2
-0.554569505328178,-0.5559485890926156,0.8363528886141776,-1.349649759887411,-0.3274511071523907,-0.2079802723167513,0.143286478559072,-0.2451603975995049,0,1
-0.4746956598365974,1.738595098892133,0.1648299805185761,0.0149369406173088,1.0043137891198974,-0.1392143848522002,-0.8837328196175404,1.9910911457879608,1,1
-0.6481410926969341,0.1357490858988591,-1.9500354392404693,0.8671500907409466,0.1699127600846238,-0.0950782479217742,1.40011405533758,-0.2290577762249774,0,1
-0.7678629145584792,0.3556503662870283,1.2209342573454858,0.6432837250364103,0.5028539841526959,-0.0953132646253442,-0.9650808828394504,2.7982350421861373,1,1
-0.8139371372362507,0.0519342536197618,0.3800361350417952,-0.6257676474287945,0.5291850124181848,-0.8506569498989823,-0.3610715134167692,-1.4689596220635723,1,1
-0.4416076080293947,-0.2621460587379304,-0.9915709917805756,-0.6647422588678007,-0.2028175733624094,-0.2560176865264374,-0.9122046417452088,0.2922645907753409,1,2
-0.0959619915702828,1.1014221266198558,-0.1181262596878793,2.2659584012896725,-0.6334761689935186,0.1349090981917236,0.4605439251245207,0.3123928674934995,0,1
0.4238406287557723,-0.1179484978276558,1.1531841716622504,-0.4408758931632647,-0.0419057339621988,0.1326059344967386,-0.5359698493438756,2.144066048845969,0,1
-0.5552810763347846,-0.0634237951084581,0.4252028588306195,-0.3524700672162504,-0.6744355462953902,-0.2229743380045105,0.8123742985592811,-1.466946794391757,0,2
-1.14944286685122,-0.2418682767349232,1.1312650262941448,0.8315025802784412,0.110229096016182,-0.89540413025869,0.6659477847598432,-2.169423651855506,0,1
-0.1996734657831815,0.0627490706880325,1.426177163974112,0.2283467032528436,-0.5053318314348054,2.952477353950464,0.7961046859148991,-2.461283664268812,0,2
1.7688877239937266,-0.3130658224343713,-0.2569475136858818,-0.3923952789342569,1.189216120939776,-0.6586483030823792,-0.8593284006509674,-0.2753528126767432,1,0
1.2944477553388367,1.495261714856044,0.324906163358378,-1.172838107993383,2.694180669802836,-0.897895307316531,0.8815201522979045,0.7391123339184706,1,0
-0.8041530358954112,0.1690947718593602,0.7593037715626547,-0.3491429662397499,-0.8780621648818385,-0.0939971710853529,1.5872146007479726,0.787420198042052,0,1
0.9850922602166564,0.3245577672157501,1.3677261096591635,-1.96088573928451,1.2559213925456816,0.2437688352852982,-0.6152842109852377,-0.7141492451326096,1,0
-0.0964956698252377,-0.8637202581604834,0.9100809230341692,1.0453876430534754,-0.170050071520912,-0.1610709382842005,0.6130715436656018,-0.764469936928007,0,2
0.1470395071858401,-0.1337201060522168,-1.7726896267167052,-1.1281598948803755,0.1845411091210065,0.8160815118187031,1.6502593497449531,0.5680219818141188,0,1
1.945891011887096,-1.5743438630214317,-0.3572442091581232,-0.7987768982068224,0.908936953402682,-0.36520644700501,0.995407440808578,1.3872428442431912,0,0
-0.6219908582041449,-0.3784053422218394,-0.8653698517823913,-0.3149213561957442,-0.0138193038123439,-0.3628092766285971,0.6822173974042252,1.25037056255971,1,1
-0.6065141888104532,0.642693635974044,-0.090893382109324,-0.3448652649842492,0.3875825937459996,-0.8626428017810469,1.85159580621918,0.7250225402157593,1,1
-0.1699653762573597,1.6705518748375967,0.2392222314648736,0.1028674664248231,2.284001762822663,-1.0510791947033875,1.85159580621918,-0.6920081407426347,1,1
-0.9343705301044024,-1.4233870414434877,-0.6587985121011529,-0.4365981919077639,-1.318668037857688,0.4444731001339873,-0.3366670944501962,-1.03821450029497,0,2
0.1523762897353891,-0.7064547932927148,-0.8573992534667162,-0.263113640990236,-0.5544830841970515,-0.2634912176999601,-0.814586965878917,0.8860487539610314,0,2
-1.073482661895975,1.0085949467838664,0.0651975015726412,-1.0221679637718586,-0.1472298470241549,0.8275973302936281,-1.174552145635868,-0.6738926916962916,0,1
-0.4435644282975626,-1.513961134390254,-0.9902425587279629,0.3975535529148707,-0.7036922443681558,0.22228830857901,0.0009273679207298,0.3647263869607132,0,2
-0.4480117470888533,0.2560639257833697,-0.2868372573696625,-0.8339491085298282,0.7070657367005995,0.7766457089596751,-1.137945517186009,0.4794575642542196,0,1
-0.8249664878386516,0.3223046803265272,-0.3167270010534431,0.2986911238988549,0.0084157867229578,-0.2641492644699557,-0.3875096339638899,-0.3015195724103504,0,1
0.5455192708854855,-0.2211398773540712,1.4301624631319496,1.7992136643005974,0.0768764602132293,-0.1391203781707723,-0.7312052010764593,-0.9677655317814132,1,2
0.1276491972558129,-1.079565982148051,0.3714013201998145,-0.6818530638898035,0.6655212254372724,0.1502321872644806,1.0259129645167944,0.2822004524162612,0,2
5.29347681246742,0.3624096269546974,0.2040187555706431,-0.0454261770992008,2.350121900467113,-1.3751202255855568,-0.5359698493438756,0.1634436197791231,1,0
-0.7290822946984244,-0.5045782080183302,-0.4834453491563074,-0.9703602485663504,-1.3332963868940708,0.4203603863477163,-0.2044764917145927,0.3506365932580018,0,2
0.1911569095954437,-0.2932386578092084,2.112977052174757,-0.3800374753072547,-0.2268080657820772,-0.5378497174474539,-0.2044764917145927,-0.9013422186114882,0,1
-0.5205919897627173,-2.0970600213211776,-0.3585726422107355,-0.6756741620763026,-1.305795090705671,-0.2175689538224028,1.9349775710216373,-0.6235719999008942,0,2
0.3254659370924223,-1.162479579671459,-0.9158503077816648,-1.0768274798143675,-1.4983041640244688,1.185057736423436,-0.8918676259397313,-0.895303735596041,0,2
0.973885016862604,1.4925580105889769,1.7297241164960608,0.2910863216668536,1.687750256099701,-0.9099751658800236,2.935558748651129,-1.243522922820192,1,0
-1.1563806841656334,0.231279970001916,-0.6754039252588088,-1.1956525146893866,-0.0536084131913051,-0.210753469418876,1.5140013438482538,0.5237397730341692,0,1
1.9400205510825923,0.3948540781595092,2.080430442385751,0.3875722499853692,0.9762273589700428,0.2689156225672769,0.6720488895014863,-0.3478146088621155,0,0
-0.789921615763281,1.3983789786194534,0.6802620049322122,-0.715599373794309,0.9463855269358218,0.0821243465699254,-0.2654875391310251,0.3949188020379514,0,1
-0.6671756171236581,-0.7641338176568248,0.928678985770744,1.5035769775315495,-1.9453465105763263,0.8345068213785829,0.9628682155198144,1.2946527713396596,0,2
-0.4510359238669308,1.2911320426924366,0.3242419468320714,0.2031557958593394,-0.6012938011134764,0.0053678911839982,1.6868659781948123,-0.953675738078702,1,1
-0.3896629245471195,-0.6194856393687053,-0.2928152061064183,0.8243730781859396,-0.5223007163170094,-0.0124933782873136,-1.0586311555446466,-0.8429702161288273,1,2
-0.7410011090590836,-1.3607512259230872,-0.7444824439946569,-1.7351181730219738,0.4841296973861259,-0.4968158010041504,-0.5298687446022322,-0.2471732252713205,1,2
0.2866853172323677,-1.383732712193162,-0.391119251999741,0.601932612899904,-0.1337717659106827,-0.0769349584061784,0.7533969527233962,0.7109327465130479,1,2
0.4250858780173338,-0.3901213940457995,0.7274213782999552,0.2915616218063537,-0.074088101842241,0.7296893715864102,0.192095316492218,-1.2837794762565098,0,2
-0.4590410976912542,1.795372888500554,-1.3655248960909847,-0.1485663073707174,1.190971522824142,0.1992096682884465,1.076755504030488,-0.3961224729856975,1,1
-0.7895658302599777,0.3515948098864267,0.1542025160976757,0.2939381225038541,-0.6849679576015859,1.1514033444722276,-0.6701941536600268,-0.1183522542751034,0,2
-0.6118509713600021,-0.514942407708756,-0.8215315610461797,-0.1133940970477117,-0.4678832579016653,-0.1813763814726393,-0.4973295193134683,0.4794575642542196,1,2
0.1086146728290886,-0.6068683527890563,0.8117768771408466,-0.8781520215033354,0.880850523252827,-0.5474854022938195,-0.064151082656798,-0.5893539294800242,1,1
-0.1774368718267281,1.7264284296903287,1.6679519795495807,-2.0483409649525246,1.7971703068918443,-0.2263585785359169,-0.6864637663044088,-0.5933795848236559,1,1
-0.2994712994597444,-0.1075842981372296,-1.4053778876693583,2.879095581244772,0.4537027313904497,-0.3287788579516765,-0.588846090438117,-2.2901933121644604,1,2
0.4090755303686872,-1.8239858903473447,2.2916512977511334,-0.0035997648231939,-1.5328270677503315,-0.2277216754166222,-0.6640930489183836,-0.3800198516111699,1,2
0.0961621802134746,1.5998049465159934,1.427505597026724,-1.942824333983508,1.3372550131879697,-1.286565931680421,0.3873306682248018,-1.3059205806464846,1,1
-0.3288236034822629,-0.9669116376868988,0.274425707359104,-1.227972924175392,-0.4550103107496486,0.1544624879287386,-0.3041278691614322,-0.1445190140087099,0,2
-0.9011045855455482,1.8381815393957912,0.3826930011470206,-0.1742325149037216,-0.7089584500212537,0.2648263319251608,-0.2451505233255477,0.1111101003119093,0,1
2.8250369905494384,0.3989096345601108,-1.434603414826833,1.8581508815986068,2.092077823465321,-0.7729604276987755,-0.3570041102556738,-0.846995871472459,1,0
-1.3187967664235691,-0.9047264395443428,-1.6378536718765395,0.602407913039404,-1.202226379528081,-0.7886595434972443,-0.1739709680063764,-0.2954810893949025,0,2
1.6838549887042489,-0.7650350524125141,0.5274922038817789,0.9051741019009528,-0.4128806655248661,0.9399823179407512,-0.3997118434471765,-0.7564186262407436,1,2
-0.1395457157249315,-1.694658702905942,0.424538642304313,0.4997430829073874,-0.407029325910313,-0.2448778947772245,1.2597886462797854,-1.9600895739866524,1,2
-0.9085760811149164,-0.2269979032660509,-1.044044097358768,1.25737150527051,-0.7183205934045386,0.1941333074913366,4.381520572420578,1.3852300165713742,0,2
-0.1731674457870891,-1.6446401739651906,-0.8368085411512233,-0.9109477311288404,-1.6521943958872154,1.583740072359404,0.0456688026927802,0.7612534383084455,0,2
-1.0781078734389171,-0.0075472402557265,-0.4422639245253207,-0.96940964828735,-0.9242877478368082,-0.9726776223924712,2.437301861416932,1.0007799312545378,1,1
-1.309724236089336,0.8342060215580032,-1.5083314492468247,-0.9855698530303526,-0.5059169653962606,-0.1565116142349444,-0.997620108128214,-2.3847962127398072,0,1
0.2511067669020422,-0.6185844046130162,-1.1297280292522718,-0.554947926643283,-0.0635556905360453,-0.8397991781940531,-0.6193516141463331,-1.0261375342640744,1,2
0.213927181806852,-0.3346954565709125,-0.8926027293609466,-1.4594440921119292,-1.662726807193411,-0.5141130303868946,-0.3142963770641711,-1.0080220852177313,0,2
-0.3757872899182926,1.7449037421819575,-1.926123644293445,-0.573484632083786,1.0517096399977777,0.9022386353474264,-0.9061035370035656,-0.1264035649623668,0,1
-1.1266725946398115,0.1826132931946983,0.3926562490416135,2.5910636967077254,-0.6615625991433735,1.889026770296696,-0.0072074384014611,-0.4383918540938316,0,2
1.3728984588172044,1.1676628811630134,-0.1134767440037357,-0.5525714259457826,1.0177718702333698,1.0672673645942057,0.5683301088935513,0.221815622261784,1,0
0.2930894562918263,-1.3035228189368215,-0.3060995366325431,-0.2227131291327294,-0.6135816143040379,0.3883511113214967,2.016325634243548,-0.7564186262407436,0,2
0.492329338141649,-0.4658251135236938,2.2916512977511334,0.0943120639138219,0.4367338465082457,-1.0199159798100197,2.6752449463410177,0.8437793728528974,1,1
-0.3322035657636438,-0.6095720570561239,-0.6063254065229606,-0.0040750649626939,0.7310562291202672,-1.1189520186943729,4.501508965672895,0.4271240447870059,0,1
-1.1649195362449116,-2.1750168276882955,-2.642149059651564,2.5511384849897194,-2.950021522395095,0.2698556893815564,0.4402069093190434,0.0165071997365622,0,2
2.029144819660057,0.1794589715497861,1.5284665090252725,-0.2536076382002344,0.9733016891627662,-0.5522327397059315,-0.8186543690400123,-0.0519289411051783,1,0
-0.2290257698057001,-0.6987942978693564,1.3537775626067323,0.9931046277084667,-1.2104182549884557,0.3043561414656167,-0.7617107247846755,-1.503177692484443,1,2
1.743449060507544,1.2334530183283263,0.5361270187237596,-1.8895907183594989,0.190977582697015,-0.7958510546264831,0.4076676840302793,-1.378382376831857,1,0
-0.551723221301752,1.8909037726036104,-0.1061703622143672,1.343876130659524,1.876163391688312,-0.7277902172726419,0.5927345278601244,0.0829305129064866,1,1
6.016610847931285,-1.0534301742330638,0.4378229728304378,-0.2982858513132415,2.1693155063774223,-0.0295555909664879,0.507319061477119,0.777356059682973,1,0
-1.153178614635904,-0.1021768896030944,0.3268988129372968,0.1123734692148247,0.4349784446238798,-0.8495288697218467,-1.1298107108638178,0.6022400522349894,0,1
-0.6728681851765103,1.069878910170733,0.1933912911497436,1.0458629431929751,-0.4567657126340145,1.933867957337832,-0.2085438948756881,-0.1968525334759229,0,2
-0.831014841394807,1.205064123524116,-1.1875148670409144,-0.0387719751461996,1.336084745265059,-1.1418896489627943,-0.7190029915931728,1.1758959387025207,0,1
-0.3560411944849619,0.7675146496370009,0.099736760940565,-1.7702903833449797,-0.8423689932330646,2.0327159828593286,0.9303289902310504,-0.4907253735610447,0,1
0.9735292313593006,0.6814467304686808,-0.3692001066316355,-0.5088438131117756,0.0271400734895278,2.1182620629587703,-0.1353306379759693,-0.66986703635266,0,1
3.3001885302109346,0.2583170126725926,-0.7471393100998818,1.390455544330531,0.491736438885045,1.4326243319639624,-0.4139477545110107,0.2620721756981019,0,0
0.6077817339635551,-0.7596276438783787,-0.8653698517823913,0.169884786094334,-0.7382151480940193,1.6579113440060622,-1.0810018729306718,0.7149584018566797,0,2
0.1004316062531139,-1.1133622854863967,0.5381196683026783,0.8880632968789498,-0.4380414258674445,-0.873453570145262,-0.4810599066690864,0.2137643115745206,0,2
-0.2927113748969825,-1.2818931848002806,-0.6966588541006082,-0.3748091737727539,-0.7112989858670749,-1.2328881165850571,3.1490974146086432,0.3848546636788718,1,2
-0.7502515321449681,-1.901041461958773,0.5686736285127656,1.0938682572824832,-2.486595424922489,1.6778407604687893,-1.015923422353144,1.4053582932895337,0,2
-0.7262360106719985,2.078360601786968,1.1086816643997326,-1.2503120307318951,1.5496586411962476,-1.039187349502751,0.2042975259755046,0.0064430613774826,1,1
3.1706826070085508,0.1127675996287841,0.2040187555706431,0.379492147613868,2.457201415413435,-1.3525586220428472,-1.0749007681890286,0.4673805982233237,1,0
0.0728582297471117,0.195681197152192,-1.0626421600953424,0.8614464890669458,-0.4743197314776738,0.7129561822922338,-0.8532272959093241,0.787420198042052,0,2
1.0505567928244557,1.2726567302008072,0.2086682712547873,-0.2003740225762256,1.3624157735305482,-0.7809509956201519,-0.0987240095261097,-0.3639172302366431,1,0
-0.7655503087870081,1.2658974695331384,0.1468961343083072,-0.1694795135087209,0.4794486256944834,1.1358452386959004,0.3629262492582288,0.3405724548989222,0,1
-0.987560462848239,0.8661998553849701,-0.490751730945676,-1.7317910720454732,-0.36372941276262,-0.6101878588062671,-0.9894853018060232,0.463354942879692,0,1
-0.6011774062609044,0.3389775233067776,-1.3130517905127923,0.1489715799563305,-1.1858426286073325,2.5842061794564413,0.0517699074344235,0.8820230986173998,0,2
-0.8950562319893929,0.5476133692488316,-0.8673625013613101,-0.394296479492257,-0.0237665811570841,1.9063710030201533,-0.1678698632647331,-0.4464431647810951,0,2
-1.1835982751683325,-1.134991919622938,0.081802914730297,1.3790483409825294,-1.0980725343890356,0.2685395958415651,1.5648438833619476,-0.2411347422558732,0,2
-1.0517797461944765,1.6453173016782991,-1.6265619909293343,0.0619916544278165,-0.2045729752467754,-0.4291309903760212,-0.6071494046630467,-0.5189049609664674,1,1
-0.1018324523747864,1.126656699779154,-0.2423347501071447,-0.4218638875832616,0.6046672934459201,0.0142515225789401,0.6171389468266972,-0.3337248151594049,1,1
0.4944640511614683,-1.3787759210368713,0.2797394395695537,1.343876130659524,-0.18526355451875,-1.0871307570310094,2.046831157951764,-1.0321760172795222,0,2
-0.0708791135874034,0.4457738418559501,0.8157621762986842,0.1736871872103347,1.0043137891198974,-1.2540866232470615,-0.3936107387055332,-1.5696010056543674,1,1
0.3576645251413669,0.1767552672827186,0.0698470172567844,-0.8444057115988299,0.174008697814811,-1.399514959416112,-1.1399792187665565,1.2342679411851818,1,1
0.007215804387661,-1.0480227656989285,-1.957341821029838,-0.1694795135087209,-1.849384540897656,3.72516527194756,1.7600792350945311,-0.4907253735610447,0,2
-0.3571085509948717,-0.35497323857392,0.8018136292462528,-1.0792039805118678,-0.2917579355036168,-0.0981804684088969,-0.1495665490398034,-1.0442529833104175,0,1
1.7596373009078423,-1.2544055247517591,0.3302198955688278,1.662327224124575,0.8761694515611845,-0.2795663602241408,1.2902941699880015,0.4371881831460855,0,0
-0.7011531326891189,-0.1238065237396355,0.4404798389356622,0.5144773872318894,0.5555160406836739,-0.8790469676902255,-1.0220245270947872,0.0768920298910394,0,1
2.9698416903938627,0.0812243831796613,-1.1536398241992962,1.4094675499105342,1.5999801618814042,0.1368832385017105,-0.0539825747540593,1.0833058657989891,1,0
-0.390374495553726,1.2266937576606574,-1.220725693356226,1.2630751069445108,0.683660378242387,-0.4491074101794621,-0.4017455450277242,1.5462562303166472,1,1
-0.1580465618967006,-0.7979301209951705,-1.557483472193486,-0.7807154929058195,-0.5907613898072808,-1.2632522746862878,-1.135911815605461,-1.0402273279667855,1,2
1.132921136839159,1.6331506324764944,-0.2835161747381315,0.4759780759323835,1.2962956358860978,0.947220832410704,0.4442743124801387,-0.3538530918775635,0,0
0.5569044069911896,1.7318358382244636,-0.2436631831597574,-1.830178200921989,0.6678617612830936,-0.513360976935471,-1.052530050803003,-0.3256735044721407,1,1
-1.1170663860506238,-0.9326647169707086,-2.2628814231307053,-0.3230014585672457,-2.4175496174707622,1.6797208940973485,-1.0179571239336918,0.5982143968913577,0,2
-0.4604642397044671,-0.8164054334867994,-0.1984964593709336,0.2297726036713436,-0.8985418535327745,-0.009532167822333,-1.0810018729306718,0.4553036321924286,0,2
0.9198056203605096,1.5736691386010062,1.2069857102930552,0.2388033063218451,2.5221512851349748,-0.6794237796779579,-0.9040698354230178,0.6726890207485455,1,0
-0.1621380951846881,-1.7419735275796262,0.1077073592562401,0.6542156282449124,-0.5977829973447444,0.0421715069630435,2.0244604405657385,-1.0019836022022832,0,2
0.9488021388797246,-0.7853128344155214,-1.9154961798725456,1.1204850650944875,-0.7206611292503599,0.4491264308646712,0.7778013716899694,1.6650130629537847,0,2
-0.8907868059497537,1.5119345578362946,-0.7185779994687138,1.0415852419374745,0.5724849255658779,-1.063253059948308,-0.3448019007723872,-0.4947510289046763,1,1
1.5285546165123782,-0.027825022258734,2.2916512977511334,-0.9351880382433444,0.8240925289916616,0.4603132259545981,-0.0865218000428233,-2.352590969990753,1,0
0.6152532295329234,1.474533315475192,0.9705246269280364,-1.0582907743738643,2.188039793143992,-0.6410690536553513,0.6517118736960089,1.0048055865981695,1,0
0.4496350777452583,-0.7388992444975266,2.2916512977511334,0.1846190904188363,0.331994867407745,-0.8552162739482384,-0.7373063058181025,0.0849433405783028,1,1
-1.0870025110214987,-1.215652430257123,0.7838797830359847,1.5221136829720523,-0.8979567195713193,-0.9034887048614944,-1.2009902661829888,-1.4629211390481252,0,2
0.639268751005893,-0.8118992597083533,-1.728187119454188,1.1009977593749845,-0.6229437576873228,0.0518071918094092,-1.015923422353144,0.0366354764547215,1,2
-1.0343462565326171,-0.0981213332024928,-1.2134193115668577,0.5962290112259031,-0.2905876675807061,-0.5965098866584994,-0.0539825747540593,-0.8590728375033548,0,2
-0.1911346137039033,0.3574528357984067,0.7221076460895055,-0.9356633383828448,-0.3052160166170889,-1.0095282415122304,1.141833954608016,-1.6782936999324265,1,1
-0.6755365764512846,0.6616195658435174,0.3714013201998145,0.6494626268499117,1.052294773959233,-1.2839807479411522,1.6461919465838577,0.7330738509030227,1,1
-1.3285808677644084,-1.669424129746644,-0.9550390828337328,0.0116098396408084,-1.5380932734034296,0.3687507182437678,1.8556632093802752,0.9866901375518266,0,2
1.742025918494331,0.0996996956712905,0.0485920884149854,0.5263598907193916,1.4373129205968278,-0.0662652000641053,1.5119676422677062,1.892462589868982,1,0
0.5134985755881926,0.2817491163205124,0.2830605222010857,-0.4817517051602712,1.1640553605971975,-0.85122098998755,-0.8878002227786358,-1.8735379840985689,1,0
-0.9025277275587612,0.1443108160779065,-0.9862572595701256,0.0924108633558215,-0.2736187826985021,0.4546728250689208,1.416383667981962,0.894100064648295,0,2
-0.1676527704858886,-1.2066400827002308,0.9851373905067732,-0.9461199414518462,-0.2349999412424515,0.699184203463038,-0.8613621022315151,0.8900744093046632,1,2
0.3667370554756,0.738675137454946,-0.7823427859941122,0.4436576664463781,0.4057217465511142,-0.7767206949558938,2.9579294660371547,-0.2934682617230862,0,1
-1.2120611154325929,-1.1773499531403313,-1.1257427300944347,1.4617505652555427,-1.544529746979438,1.0058339982810354,0.1859942117505747,0.14532817073278,0,2
-0.9640786196302242,0.6251195582381043,-0.9430831853602206,1.6818145298440783,-0.3286213750753013,0.9820973112204764,-0.2980267644197891,0.086956168250119,0,2
-0.8964793740026058,1.18884189792171,-2.138008716185133,-0.7840425938823201,0.1775195015835428,-0.5703290258808132,0.5540941978297169,-1.4085747919090958,0,1
0.8088005433298938,-1.0678499303240914,0.1043862766247082,-0.5592256278987837,-0.1033447999150065,-0.5294361194596517,-0.1678698632647331,-0.8047264903643256,0,2
-0.6024226555224659,0.5552738646721901,-1.503017717036375,-0.8990652276413387,0.6690320292060042,-0.8850633953016147,1.4123162648208665,-0.7040851067735306,0,1
1.7920137817084385,-0.7641338176568248,-0.4263227278939714,0.065318755404317,-0.5538979502355962,0.862520812444114,0.7045881147902503,-1.0422401556386018,1,2
0.5099407205551599,0.1654898328366034,-2.1214033030274773,-0.4922083082292728,0.2255004864228783,-0.268285558452786,0.6984870100486071,0.3747905253197928,1,1
-0.9715501151995926,0.0722120356227694,-0.5505312183132368,-2.257473026332558,-1.7370388202982356,1.547970530076066,-0.9162720449063044,-1.16099698827574,0,2
1.242858857359865,0.5971812808117387,-2.189153388710713,-0.0249882711006973,1.5514140430806136,-0.0796141488268754,1.715337800322481,0.2318797606208637,1,0
0.7129163501896667,-0.7997325905065489,-1.2227183429351445,-0.8396527102038291,-0.1934554299791244,-0.9417024208619592,-0.121094726912135,-0.7684955922716388,1,2
-1.004282381503492,-0.9457326209282022,0.7035095833529309,-0.3382110630312481,0.0593224413695699,-1.2896211488268294,-0.2146449996173314,-0.2008781888195553,1,1
-1.0439524651218048,0.7436319286112366,-0.6023401073651231,-0.5278558186917787,0.4624797408122794,-1.0604328595054693,-0.3773411260611512,0.7974843364011316,0,1
-0.9480682719815776,0.5624837427177036,-1.2725345824081118,1.7678438550935922,-0.2502134242402896,0.3141328363341245,-0.7840814421707006,-0.6779183470399234,0,2
1.6285303429405928,0.9184714712149448,-1.099174069042185,0.0933614636348216,0.6163699726750262,-1.0608088862311813,0.7086555179513461,0.5418552220805123,1,0
0.2580445842164557,-0.9930474456018862,-0.3572442091581232,0.3566777409178642,-1.5246351922899577,3.0708317658682627,0.281578186036319,0.2379182436363116,0,2
1.88184962129251,0.0068725158353009,-1.771361193664093,1.2649763075025109,0.4174244257802204,0.6448953449383928,-0.8532272959093241,1.4113967763049815,1,0
-0.7468715698635872,-1.8947328186689485,-1.2147477446194697,0.3177031294788579,-1.264250579442344,-0.6962979789942763,-0.2349820154228088,-1.6541397678706355,0,2
0.3348942529299586,1.72462596017895,0.8071273614567034,-1.179017009806884,0.2805030787996776,-1.092583144553831,-1.2070913709246325,-0.7383031771944005,1,1
3.2131989746532894,1.3312369893206062,0.8303749398774212,0.2958393230618544,1.936432189718208,-1.179774341578261,0.4280046998357568,-1.420651757939991,1,0
0.8390423111106705,-0.4144547324494084,0.7984925466147218,-0.2132071263427279,0.1494330714336879,-0.4145129514139737,4.462868635642488,-1.4951263817971796,1,1
-0.6527663042398764,-0.0733373774210394,-1.332314069775673,-0.9290091364298436,-0.7750785876657038,0.1184109256011171,0.1636234943645496,-0.162634463055053,0,2
0.5252394971971999,-0.8794918663850446,-0.1400454050559849,1.3790483409825294,-0.0957380584160874,-0.4194953055296554,-0.3081952723225278,-1.3461771340828026,1,2
-0.9848920715734646,-1.4360043280231367,0.3009943684113537,0.5639086017398978,-0.9336498912200932,-0.3760172153692251,-0.950844971775616,0.4190727340997424,0,2
0.0575594531050717,-1.5495599072399782,-1.29578216082883,-1.506498805922437,-0.2999498109639911,-0.6410220503146372,-0.3753074244806035,-0.6215591722290786,1,2
0.0612952008897558,0.1186256255407638,1.6061798426031015,0.857644087950945,-0.1747311432125544,2.002868861505952,0.2348030496837207,-0.3478146088621155,0,2
-1.1743478520824475,0.6859529042471266,-1.3728312778803533,0.3595295417548645,-0.5995383992291105,1.4504385980945602,-0.975249390742189,-0.5410460653564422,0,2
1.483725643096168,0.0532861057532957,0.6789335718796,-0.3115942552192438,-0.5240561182013752,1.048278014945758,-0.4729251003468954,0.328495488868027,1,0
-1.0932287573293058,-0.0472015695060522,-1.1450050093573154,0.8400579827894421,0.5040242520756064,-1.2121596433301929,-1.10947369505834,-0.1082881159160237,0,1
0.6366003597311187,1.663792614169928,0.54675448314466,-2.228479717823053,0.7907398931887091,-0.0877927301111075,-0.6417223315323584,0.5297782560496171,1,1
-0.2912882328837696,-0.331991752303845,-0.2728887103172315,1.5349467867385542,-0.1267501583732189,0.4675987437652649,-0.6742615568211223,-0.2773656403485594,1,2
-1.062097525790271,-1.5135105170124097,-1.6106207942979844,0.096213264471822,-1.845288603167468,0.4901133439672608,-1.1318444124443654,0.4653677705515082,0,2
0.0111294449239967,-1.4247388935770215,1.4042580186060063,2.091523250093145,-1.3087207605129476,-0.6285661650254328,-0.9488112701950684,-0.0116723876688604,0,2
1.7322418171534917,0.3930516086481308,-0.7258843812580823,-1.1395670982283774,1.5414667657358732,0.9990185138775088,-0.9650808828394504,0.310380039821684,0,0
-0.4451654630624272,0.8932368980556464,0.1322833707295701,0.2773026176213514,0.3963596031678292,-0.7332896081361774,-0.4342847703164881,0.6545735717022024,1,1
-0.4505022456119761,-0.0399916914605383,-0.3253618158954238,0.5082984854183886,0.2588531222258311,-0.7742295178980529,0.1534549864618109,0.328495488868027,1,1
-0.8231875603221352,-0.4595164702338692,-1.2227183429351445,-1.5088753066199372,-0.2390958789726387,-0.7884245267936746,-0.9447438670339728,-1.3119590636619325,0,1
-0.6164761829029444,-0.2134793819307127,0.1110284418877711,-0.5159733152042767,-1.4239921509196438,-0.6318563988754115,-0.9386427622923296,-1.2113176800711376,0,2
2.937109424089964,-1.6568068431669951,-1.0221249519906623,0.0363254468948123,0.0552265036393828,-0.1154776977916412,1.6502593497449531,-0.3417761258466683,1,0
-0.8287022356233358,-0.2130287645528682,-0.5644797653656678,0.5724640042508993,-0.1027596659535511,-0.6037013977877381,-0.2614201359699295,-1.2153433354147691,1,2
-0.4433865355459109,-0.7100597323154716,0.98580160703308,0.0135110401988088,0.3501340202128596,-0.8475077260711458,-0.0600836794957026,1.0651904167526467,1,1
-0.092048351033947,0.0821256179353507,-1.15297560767299,-0.2193860281562287,-1.721240203338942,2.3344774302430724,0.0538036090149712,3.1685953338002624,0,2
-0.644761130415553,0.453884954657153,0.6716271900902315,-2.150530494945041,-0.1565919904074398,-0.35669884233578,1.821090282510964,-0.5511102037155218,1,1
-0.1121502319705808,-1.493232735009402,0.2870458213589222,-0.2431510351312326,-1.0097173062092837,-0.3423158200773025,-0.6640930489183836,-0.1505574970241578,0,2
0.4382499416395541,-1.024140044673164,0.1515456499924513,-0.4831776055787714,-1.5755418469365696,1.2874310124984816,-0.9366090607117816,0.3466109379143701,0,2
-1.070458485117897,0.4637985369697344,1.5165106115517597,-0.5026649112982747,0.7386629706191863,0.688232425076681,-0.8674632069731584,-0.7101235897889778,1,1
-0.0440173080880075,1.592144451092635,1.121301778399551,-0.2859280476862396,1.2869334925028129,-0.5923735926756692,-0.0438140668513206,-1.5132418308435227,1,1
0.7298161615965714,-1.7771216830515055,-0.090893382109324,1.7245915423990852,1.134798662524432,-0.5421740247931399,-0.1312632348148737,-0.5953924124954714,0,0
-0.4063848432023724,-0.2022139474845975,0.2133177869389304,-1.4537404904379283,-1.0582834250100743,0.2754960902672339,-0.112959920589944,0.3747905253197928,0,2
-1.109239104977952,1.359625884124817,0.4989308932506113,-0.9542000438233476,0.9469706608972772,-0.7110100246377515,0.556127899410265,1.7918212062781869,0,1
-0.5070721406371936,1.333039458831985,-2.2569034743939493,1.3300924266140215,0.8182411893771085,-0.7889885668822423,0.9526997076170756,1.053113450721751,0,1
0.8050647955452098,1.36187897101404,-0.5080213606296379,-0.424240388280762,1.2020890680917926,-0.338931579545896,0.6456107689543658,-1.130804573198501,1,0
-0.1712106255189212,1.47137899383028,0.9280147692444374,0.8044104723269365,0.6503077424394343,-1.1304678371692976,1.1601372688329457,0.6404837779994919,1,1
0.2185523933497944,-0.7213251667615869,-0.0424055756889688,2.152361667949154,-0.5334182615846603,0.0354500292409445,0.9140593775866686,-0.5631871697464169,0,2
1.440319811693171,-0.1238065237396355,0.0240160769416544,-1.5297885127579405,1.356564433915995,-0.1725867567591252,0.1148146564314036,0.5056243239878261,1,0
0.2920220997819164,-1.25936231590805,-0.8919385128346405,2.7365055393947486,-1.2888262058234672,-0.948376895243344,1.5790797944257815,-1.2093048523993213,0,2
-0.5800081688143607,-1.1841092138080005,-1.1509829580940714,-0.5354606209237799,-1.4959636281786477,-0.4901883299634794,-0.5095317287967548,-0.05595459644881,1,2
-0.7458042133536774,1.7944716537448642,0.6344310646170823,0.7226588483329234,0.6959481914329486,-0.6006461806413295,-0.6945985726265999,0.2117514839027044,1,1
-1.043063001363547,-1.0453190614318608,-0.3147343514745243,0.1675082853968336,-1.677940290191249,-0.0484509339335073,-0.1800720727480197,0.3003159014626043,0,2
-1.1659868927548211,-0.9660104029312097,-1.406042104195665,-0.8277702067163272,-0.6089005426123955,0.2295268230489628,0.3364881287111081,-0.2451603975995049,0,2
-0.7299717584566827,1.4731814633416582,0.2312516331491994,-0.7631293877443167,0.2752368731465798,-0.7127491482441688,-0.950844971775616,-2.596143118280477,1,1
-0.933658959097796,-0.8236153115323132,-2.368491850813396,2.067282942978641,-0.2431918167028259,-0.8576134443246513,-0.3122626754836232,-0.1002368052287603,0,2
2.3180426483423004,1.2149777058366973,2.131575114911332,-0.6756741620763026,1.522157345007848,-1.123182319358631,-0.3366670944501962,1.52008947058304,1,0
-0.2286699843023966,1.1469344817821616,0.5069014915662855,0.218840700462842,0.7579723913472116,-0.8179896281027671,-0.7617107247846755,1.409383948633166,1,1
0.0614730936414075,-0.8614671712712604,-0.9862572595701256,-0.2383980337362318,-1.188768298414609,0.1464719200073623,-0.7434074105597458,1.0128568972854337,0,2
-1.3123926273641104,-1.6270660962292507,-1.0832328724108358,-0.5017143110192744,-1.1536602607272903,0.0213490270267509,-0.1434654442981603,0.3144056951653157,0,2
-0.2165732771900861,-0.2819732233630931,-0.5120066597874754,1.1974836876935,-0.8452946630403412,0.4954717248086543,-0.8288228769427513,-1.1811252649938986,0,2
1.0606966796685982,-0.5352201897117635,1.208978359871974,1.3586104349840262,0.0563967715622934,0.292605306287122,-1.0281256318364305,1.3912684995868223,0,0
0.0433280329729413,-1.0908314165941662,1.9256679917563988,-0.2502805372237338,-1.222706068179017,-0.6271560648040135,-0.716969290012625,1.5422305749730147,1,2
1.388730913714199,1.5560950608650663,-0.208459707265527,0.1418420778638293,2.2658626100175487,-0.2897660851590742,-0.3203974818058142,-0.7765469029589029,1,0
-0.1370552172018087,0.6589158615764503,-1.0586568609375049,0.0577139531723158,-0.0822799773026153,0.6409470643184184,-0.5380035509244232,-0.1908140504604757,1,1
1.619279919854708,1.058613475724618,0.8788627462977765,-1.1595297040873809,1.219643086935452,0.5156361579749513,0.0680395200788053,0.0406611317983532,1,0
-1.098743432630506,0.0343601758838221,-0.5611586827341368,0.8666747906014466,-1.3812773717334064,0.9819563011983344,-1.1237096061221743,-0.8550471821597232,0,2
-1.2131284719425024,-0.13011516702946,0.382028784620714,-2.623454133747617,-0.7967285442395502,-0.6455343710231792,-1.095237783994506,0.5499065327677757,0,1
-0.0902694235174305,0.2425454044480313,-1.0221249519906623,0.2986911238988549,1.397523811217867,-0.1093202601581099,-0.8735643117148016,-0.6275976552445258,1,1
-0.3994470258879589,0.1672923023479818,0.3846856507259393,0.6185681177824064,-1.628789037429003,0.3800315200151226,-0.7535759184624845,0.0547509255010646,0,2
-1.3509953544725135,-1.0813684516594295,-1.87232210566264,0.5082984854183886,-0.7171503254816279,-0.3543016719593669,-1.176585847216416,0.3828418360070563,0,2
0.9749523733725138,0.4151318601625167,0.5653525458812346,0.0101839392223081,-0.4052739240259471,0.8099240741851719,1.0015085455502215,0.6646377100612821,1,1
0.1605593563113638,0.5741997945416637,-1.2605786849345997,0.0691211565203177,0.9551625363576514,0.4773754386337724,-0.9467775686145204,-0.5511102037155218,0,1
-0.3704505073687438,0.2393910828031193,0.235236932307037,0.2696978153893502,-0.2338296733195409,-1.0054389508701145,-0.7942499500734395,-0.9355602890323588,1,1
0.9238971536484968,-2.0258624756217296,-1.2174046107246943,0.3286350326873595,-0.1893594922489372,0.7215577936428921,-0.741373708979198,-0.4726099245147016,0,2
-0.154488706863668,0.750391189278906,-1.0905392542002044,-0.9142748321053412,-0.1302609621419508,0.1187399489861149,-0.1821057743285674,-0.5792897911209446,1,1
-0.9427314894320288,0.5683417686296837,0.1588520317818198,-1.209911518874389,-0.2449472185871918,0.3647084309423655,-0.5868123888575693,-1.1026249857930783,0,1
0.3402310354795074,-0.5559485890926156,-1.6577801676657271,-0.5278558186917787,-1.2987734831682074,1.5889574431786555,-0.8084858611372737,1.5522947133320952,0,2
-0.1598254894132171,-0.694738741468755,1.2448460522925102,0.8343543811154412,-1.3461693340460876,0.8966922411431768,-0.5908797920186647,2.08971970170694,0,2
-1.0912719370611377,-0.3513682995511632,-0.2775382260013752,1.0948188575614837,-0.9424269006419228,0.769924231237576,0.1798931070089316,-2.117090132388293,0,2
-0.334516171535115,-0.4369856013416388,-0.7404971448368194,-1.5378686151294418,0.5994010877928222,-1.3042861911295909,0.1900616149116703,1.7354620314673417,1,1
0.4467887937188323,-0.3612818818637445,-1.364860679564678,-0.7693082895578177,-0.2818106581588764,-0.6835130703200739,-0.3773411260611512,-0.0156980430124921,1,2
2.3771030418906407,-1.2683746634649422,-1.2180688272510012,1.0396840413794746,0.3144408485640856,-0.2970516029697408,-0.0499151715929638,1.351011946150505,1,0
-1.066189059078258,-0.6929362719573767,0.3494821748317089,0.768762961864431,0.2120424053094062,-0.9462617449112152,0.7513632511428486,-1.4709724497353889,0,1
0.549610804173473,0.968039382777852,1.0303041142955975,1.3329442274510217,1.7322204371703047,-1.110867444091569,-0.3264985865474575,-0.4766355798583332,1,0
0.0556026328369036,1.218582644859454,0.7446910079839167,2.6214829056357303,1.1663958964430188,-0.7002462596142504,0.6639140831792955,1.2403064242006296,1,1
-0.3304246382471276,1.2046135061462715,-0.2602685963174132,-0.3738585734937538,0.4115730861656673,-0.3306119882395217,0.118882059592499,0.5881502585322781,1,1
-1.3225325142082534,-1.1413005629127624,-0.6607911616800717,-0.3729079732147535,-0.6861382255244964,-1.0059089842772542,1.4875632233011329,-0.7443416602098485,0,2
-0.0859999974777916,-0.5775782232291568,0.6091908366174458,-0.6433537525902973,-0.4175617372165086,0.6197955609971281,0.3080163065834397,-0.3639172302366431,0,2
0.0383470359266958,-0.0093497097671049,1.2441818357662044,0.7492756561449274,0.4133284880500332,-0.3390255862273238,-0.926440552809043,-1.3341001680519071,1,1
1.0009247151136516,0.1506194593677311,0.4105900952518825,-1.9394972330070064,1.371777916913833,-1.0774950721846437,1.0442162787417242,0.1171485833273573,1,0
-1.0836225487401177,0.6584652441986055,1.4959198992362663,-2.20709121154555,-0.0869610489942578,-0.6474145046517383,-0.9447438670339728,-1.1328174008703171,1,1
-0.2791915257714589,1.2375085747289276,0.3029870179902724,0.0586645534513161,1.4496007337873893,-0.0599667524084323,-0.82068807062056,-0.1002368052287603,1,1
-0.8495156875665762,0.7481381023896824,0.2080040547284807,-0.1823126172752229,1.2904442962715448,-1.1245454162393365,0.0660058184982576,-0.9254961506732792,1,1
-0.6899458893350665,-0.2220411121097602,-0.076280618530587,-0.3253779592647461,-0.168294669636546,0.1301617607796118,0.1290505674952379,0.0265713380956419,0,2
-1.2664962974379907,1.1712678201857702,0.8390097547194019,-1.2778794388228998,-0.1548365885230739,0.1328879545410225,-0.523767639860589,0.1231870663428052,0,1
0.6164984787944847,0.2479528129821668,1.5138537454465353,-1.0611425752108647,0.0616629772153912,-0.4988839479955656,-0.1149936221704917,-0.6416874489472372,1,1
0.8088005433298938,-0.3635349687529675,-0.3924476850523532,-1.328261253609908,0.788984491304343,0.6580092769975927,0.0965113422064739,0.7974843364011316,1,0
-0.0683886150642806,0.3763787656678804,0.5673451954601534,0.9945305281269674,1.052294773959233,0.0423595203258995,-0.3142963770641711,-0.1304292203059985,1,1
2.2894019153263883,1.894959329004212,-0.0198222137945566,-0.0202352697056966,2.219637027062579,-1.0968134452180889,1.0747218024499403,-1.9399612972684928,1,0
0.6147195512779685,0.4876812579954987,0.6769409223006813,-0.2626383408507357,-0.0454165377309307,-0.9606447671696924,0.2022638243949567,1.0591519337371988,1,1
-0.8164276357593735,-0.0273744048808892,0.7333993270367116,0.1632305841413328,0.2922057580287838,-1.2076003192809368,-0.3061615707419801,3.625507215302473,1,1
0.0088168391525257,-0.1968065389504623,-0.2058028411603021,-2.045489164115524,-1.2613249096350674,0.3495263518917503,-0.8044184579761782,-0.1123137712596555,0,2
-0.6335538870615006,-0.7866646865490552,0.135604453361102,-0.2089294250872271,0.3518894220972255,-1.1643572458240763,2.7525256064018326,-0.2914554340512708,0,1
-0.3571085509948717,-0.4982695647285056,-1.0374019320957053,1.7816275591390944,-0.3736766901073602,-1.0052979408479723,0.853048330170236,0.0024174060338509,0,2
-1.344235429909752,1.1600023857396549,-0.0477193078994185,1.4360843577225386,-0.3795280297219133,-0.2964875628811732,-0.6823963631433133,0.386867491350688,0,1
-0.5440738329807321,1.0870023705288288,-1.0048553223067005,-0.8173136036473255,-1.160681868264754,-0.1256774227265744,0.3161511129056307,-0.0418648027460986,0,1
1.1564029800571736,1.2402122789959953,0.0027611480998554,-0.083925488398707,1.742167714515045,-0.1722107300334135,-0.1353306379759693,0.2761619694008133,1,0
-0.4823450481576173,0.4687553281260251,-1.0546715617796678,-1.0350010675383607,-1.0202497175154792,-0.7940649276793519,-0.2004090885534971,-0.3015195724103504,1,1
-0.4311119356819486,-0.0922633072905131,-1.380801876196028,0.5135267869528894,1.085647409762186,-1.0418665399234477,-0.9284742543895907,1.6408591308919944,1,1
-0.663439869338974,-1.5977759666693512,2.041241667333684,-1.2797806393809,-1.4473975093778564,-0.5375206940624562,1.7641466382556268,-0.5692256527618649,0,2
-0.3579980147531298,-1.6527512867663934,-1.0108332710434562,1.0810351535159817,-1.4111192037676272,-0.2581328368585665,-0.7779803374290575,1.679102856656496,0,2
-0.6364001710879266,-0.2283497553995848,0.3547959070421587,0.7625840600509296,-1.119722490962882,2.0578157668005934,-0.7515422168819368,0.9102026860228224,0,2
-0.2813262387912785,0.274088620897154,0.7646175037731044,-0.0126304674736954,0.0523008338321062,-0.6038424078098801,0.3222522176472738,0.221815622261784,0,1
0.241144772809551,-0.8240659289101578,-0.5186488250505379,-0.0920055907702082,0.6116889009833837,-1.1149097313929708,-0.8267891753622033,-0.0680315624797059,1,1
-1.3099021288409878,-1.828942681503636,-1.297110593881443,0.2673213146918498,-2.0079558444520447,-0.261423070708545,2.20342617965394,0.086956168250119,0,2
-1.191425556241004,1.257335739354091,-1.027438684201112,1.110503762164986,-0.5708668351178001,2.1747130751562587,-1.1725184440553205,-0.9415987720478068,0,2
-0.385571391259132,0.337625671173244,-0.1805626131606651,-0.7821413933243199,-0.3660699486084412,0.1049209668162052,-0.2349820154228088,-2.0969618556701337,1,1
0.1313849450404969,-0.5536955022033924,-0.0656531541096865,1.4051898486550334,0.9399490533598134,-1.1980586411159992,1.0991262214165136,1.2825758053087637,0,1
1.1099729718760991,-0.6339053954597328,-0.7371760622052884,0.602883213178904,0.8662221742164442,-0.5235136985296904,0.0599047137566143,0.3566750762734498,1,0
-0.9338368518494476,1.0631196495030644,0.846980353035077,-0.3111189550797438,-0.2701079789297702,-0.5395418377131571,-0.3427681991918395,-0.4383918540938316,1,1
-1.1076380702130877,-0.1147941761827435,0.7015169337740121,-2.473734589805093,0.0113414565302344,-0.0561594818106,-0.6315538236296196,-0.7523929708971119,0,1
-1.0199369436488352,0.7251566161196078,0.5666809789338468,1.2036625895070008,-0.4321900862528914,0.4139679320106154,0.3466566366138468,-0.6899953130708192,0,1
-0.4264867241390063,0.8553850383166998,1.7104618372331797,-0.7930732965328215,0.4361487125467904,-0.0685213604183764,-0.9650808828394504,-0.0479032857615466,0,1
-0.8518282933380473,-0.0733373774210394,0.5540608649340285,0.187946191395337,-0.2519688261246556,-0.1795902545255081,0.2205671386198864,-0.1163394266032872,1,1
-0.6703776866533875,0.0379651149065788,0.7008527172477056,1.242161900806507,-0.6533707236829991,-0.3283558278852508,0.2836118876168667,0.0205328550801939,0,2
-0.0173333953402634,-1.6036339925813312,-0.3599010752633482,0.2715990159473506,-0.698426038715058,-0.5742303031600734,-0.2146449996173314,-1.100612158121263,0,2
-0.30445229650599,0.4872306406176542,-0.6063254065229606,-1.0896605835808697,-0.1448893111783336,-0.0136214584644492,0.7432284448206578,-2.008397438110234,1,1
0.0924264324287906,0.8986443065897819,0.0060822307313864,1.0914917565849829,1.288688894387179,-0.7995173152021735,0.2693759765530324,-0.1968525334759229,0,1
0.7746451350127814,-0.3684917599092581,0.6012202383017706,-2.176196702478045,0.5953051500626351,-0.921490984354948,-0.5176665351189458,0.7048942634976,1,0
0.6109838034932844,-0.1864423392600362,-1.549512873877811,0.1304348745158277,-1.4860163508339068,3.1225824439943533,-0.3997118434471765,-1.277740993241062,0,2
-0.994676172914304,-1.1710413098505066,-1.5714320192459166,-0.0112045670551951,-1.0132281099780156,0.0460727842423037,0.6130715436656018,-0.7383031771944005,1,2
1.1814858580400531,0.959477652598804,0.2272663339913619,0.1109475687963246,0.9118626232099584,0.0042868143475766,0.0232980853067549,0.0728663745474077,1,0
-0.2889756271122983,1.0198603812299816,0.1754574449394756,-0.1599735107187193,0.9493111967430984,-1.1796333315561194,1.182507986218971,-0.1505574970241578,0,1
0.5789631081959913,0.4800207625721403,-2.001180111766049,0.8733289925544475,0.8451573516040528,-0.1477689928621446,1.2780919605047152,0.4311497001306376,1,0
0.3544624556116377,-1.2007820567882508,-2.189153388710713,-0.4779493040442705,0.3273137957161025,-1.226495662247956,-0.5746101793742827,1.4274993976795085,1,2
1.398159229551735,0.8067183615094821,0.33154832862144,-1.1219809930668747,1.7228582937870198,0.1397974456259772,-1.0057549144504052,-0.3840455069548024,1,0
0.1521983969837374,1.3253789634086266,1.0748066215581151,-1.71087786590747,1.029474549462476,-0.7773787417258896,-0.999653809708762,-1.638037146496108,1,1
0.3048303779008336,-1.7338624147784232,0.5460902666183535,1.5263913842275534,-1.9383249030388627,0.7772567523889568,0.1066798501092126,0.6968429528103366,0,2
0.8450906646668259,0.0650021575772554,0.0366361909414727,-0.3296556605202466,0.2980570976433369,0.076718962387818,1.5404394643953747,-0.3417761258466683,1,0
-0.9580302660740688,-1.650047582499326,0.8921470768239013,-0.0563580803077024,-0.4983102238973416,-1.0005036000951464,-0.0458477684318683,1.7616287912009487,0,2
-0.7707091985849053,-1.47250433562855,-1.4817627881945754,-0.0363954744486993,-0.373091556145905,-0.6947938720914288,-0.934575359131234,0.328495488868027,0,2
0.8153825751410042,0.8842245504987548,-0.5113424432611693,1.2317052977375054,-0.3572929391866115,0.5564820610553988,-0.1068588158483007,-1.5233059692026016,0,1
0.7760682770259943,-1.6135475748939123,0.9864658235593856,1.147101872906492,-1.0851995872370186,1.0228962109602096,-0.8816991180369926,-0.5390332376846266,0,2
-0.904484547826929,1.8179037573927843,-0.8055903644148305,1.9289706023841184,1.2594321963144133,-0.5270859524239528,4.875710056493681,-0.4887125458892291,1,1
-0.0705233280840999,1.2951875990930375,0.2737614908327984,1.1418735713719907,1.2161322831667205,-0.6831840469350761,2.0529322626934072,-0.6577900703217648,1,1
1.627996664685638,0.3137429501474797,-1.1237500805155158,0.9579324173854612,1.953986208561868,-0.0323287880686128,-1.20912507250518,-0.4202764050474885,1,0
0.6510096726149006,0.9297369056610598,0.0665259346252534,-0.3538959676347507,1.6058315014959574,0.0070600114497013,0.0517699074344235,0.4553036321924286,1,0
-0.5140099579516071,0.9982307470934408,-0.4814526995773887,-0.2089294250872271,0.3156111164869963,0.0459317742201618,-1.111507396638888,-0.0177108706843083,1,1
1.106237224091415,-0.8925597703425384,-0.0822585672673423,0.9303650092944568,0.1669870902773472,-0.9303746157498902,-0.6478234362740016,-0.1103009435878392,0,0
-0.1107270899573678,-2.115985951190652,0.1668226300974949,-0.2521817377817341,-1.048336147665334,-0.6742064088587062,-0.1170273237510394,-0.5168921332946511,1,2
0.9306570782112584,-0.3779547248439949,-0.3864697363155974,2.0534992389331386,-0.2888322656963402,-0.409577600639006,-0.3631052149973169,2.17828411926684,1,2
0.5110080770650698,-0.2981954489654994,-0.1586434677925595,0.3519247395228634,-0.1922851620562138,-1.1224302659072072,-0.9915190033865708,0.2580465203544702,0,1
-1.0129991263344218,1.1433295427594048,-0.3552515595792045,0.1917485925113375,-0.4474035692507294,-0.6488716082138717,-0.540037252504971,0.3325211442116588,1,1
-0.1564455271318359,-0.3716460815541704,0.3959773316731445,1.0216226360784717,0.4460959898915307,-0.9080950322514644,-0.7617107247846755,-0.8248547670824842,0,1
-0.6810512517524852,0.5322923784021151,-0.1074987952669794,-0.604854441290791,0.518067467150534,-1.2307259629122145,0.9079582728450252,0.3747905253197928,1,1
-0.7374432540260509,1.031125815676097,0.8270538572458902,0.6551662285239125,0.3817312541314465,-0.0975694249796153,0.3120837097445351,2.0112194225061195,0,1
-0.4282656516555226,1.2550826524648675,-0.9344483705182396,0.4446082667253784,1.1968228624386952,-0.5230906684632646,-1.0871029776723151,-0.3679428855802748,1,1
-0.3868166405206934,1.680014839772334,0.2591487272540613,-0.3115942552192438,0.99027057404497,-0.16638231578488,-0.5135991319578502,-0.7805725583025346,1,1
-0.7463378916086323,0.0663540097107893,2.200653633647179,0.899470500226952,-1.034878066551862,-0.0950312445810603,-0.064151082656798,-1.4387672069863342,0,2
0.4137007419116296,0.5985331329452726,0.5009235428295301,-2.179523803454545,-0.1507406507928868,-1.0412084931534522,-1.06473226028629,-0.4303405434065674,1,1
0.2107251122771229,0.7868911968843187,1.959543034598017,-0.7906967958353212,-0.0658962263818665,2.072433805762641,-0.3773411260611512,-0.6175335168854462,0,1
-0.6202119306876286,0.5300392915128919,-1.631875723139784,0.9897775267319666,0.6924373876642167,-0.8567673841917995,-0.6925648710460521,2.2668485368267395,1,1
-0.7886763665017197,0.6494528966417131,0.1980408068338878,-1.658119550422961,-0.3812834316062794,1.0204520372430828,-0.6417223315323584,-1.3763695491600414,0,1
-0.9279663910449438,0.6972183386932418,1.326544685028177,0.1347125757713282,1.4414088583270148,-0.0364650820514429,-0.0153422447236521,0.463354942879692,0,1
-0.1539550286087131,-0.5253066073991822,-1.0002058066225568,-0.3515194669372503,0.6877563159725743,-1.1182939719243772,0.4707124330272593,-0.5410460653564422,1,1
0.3187060125296606,-1.4396092670458935,2.1016853712275507,1.4375102581410388,-0.4497441050965508,-0.7531250179174764,1.3004626778907402,1.0833058657989891,1,2
2.516570959185516,0.2051441620869288,-0.3472809612635294,-0.306841253824243,1.3735333187981988,0.5366466512740997,0.8916886602006431,0.3425852825707384,1,0
-0.5157888854681232,0.841866516981361,0.6669776744060883,0.027294744244311,-0.3766023599146368,0.313192769519845,-0.466823995605252,1.0672032444244623,1,1
-1.1592269681920593,-2.016399510686993,-0.0271285955839251,0.3414681364538618,-1.0225902533613005,-0.4299300471681587,0.2754770812946757,1.1457035236252826,1,2
-0.0440173080880075,0.984712225758102,0.750668956720673,-0.8786273216428353,0.4905661709621343,-1.2804554973876037,0.5581616009908127,1.5543075410039109,1,1
0.4243743070107272,1.6755086659938874,-0.165949849581928,0.899945800366452,1.36592657729928,-0.8510329766246941,-0.548172058827162,0.4190727340997424,1,1
-0.9140907564161168,-0.8488498846916113,0.0353077578888605,2.3134884152396804,-0.5416101370450346,0.1402674790331171,-0.5664753730520917,-0.7161620728044258,0,2
0.1361880493350908,-0.1837386349929684,-0.6415288824171905,1.600062905850065,-0.5088426352035372,0.0364841027366522,-0.98338419706438,0.8276767514783705,1,2
0.8893859598280811,2.184255685580452,-0.519313041576844,0.244982208135346,0.9727165552013108,-0.288026961552657,0.627307454729436,-1.426690240955439,1,1
0.5307541724984004,1.5574469129986004,-0.5345900216818871,1.345777331217524,1.061656917342518,-0.8437004554733135,0.135151672236881,-1.1106762964803425,1,1
-0.9649680833884824,0.8490763950268753,-0.0736237524253616,-1.0758768795353673,0.0171927961447875,-0.9856035410888152,1.865831717283014,0.2600593480262864,1,1
0.5905261370533472,1.4903049236997532,1.1086816643997326,-1.7089766653494696,1.048198836229046,0.9595827110184804,-0.1495665490398034,-0.6759055193681078,0,1
0.5613517257824803,0.1154713038958518,0.5852790416704214,-1.845387805385992,0.6702022971289149,0.8401472222642603,0.2042975259755046,-0.0136852153406759,0,1
0.8313929227896507,-0.1977077737061514,0.3468253087264836,0.4493612681203792,0.4665756785424666,0.0887518176105965,0.2042975259755046,-0.080108528510601,1,0
-0.9676364746632568,0.3038293678348984,-0.3698643231579415,-0.4042777824217588,-0.2467026204715578,0.436482532212611,0.9445649012948844,1.095382831829885,0,1
-0.1126839102255357,-0.2319546944223416,1.2508240010292664,2.209872984828664,-0.2063283771311413,-0.2841256842733967,-0.1678698632647331,-1.2918307869437733,1,2
-0.6625504055807158,-1.849671080884488,1.517174828078066,-1.323508252214907,-1.6451727883497516,0.986797645291874,-1.0098223176115009,0.0487124424856167,0,2
-0.3195731803963784,-0.0057447707443481,-0.2675749781067817,-0.8163630033683252,-0.2560647638548427,-1.0211380666685832,-0.934575359131234,0.5499065327677757,1,1
0.5129648973332377,-1.1458067366912086,-0.7537814753629443,2.2231813887346656,0.4045514786282036,0.8145774049158558,-1.1806532503775116,0.3647263869607132,0,2
0.1347649073218778,-0.5365720418452974,0.5088941411452043,0.4750274756533832,0.8340398063364021,-0.3867809803927262,-1.125743307702722,2.136014738158706,0,1
-0.2302710190672613,1.102323361375545,-0.6674333269431336,-1.3330142550049089,0.7082360046235101,-0.524406762003256,-0.1312632348148737,1.483858572490354,1,1
-0.8080666764317469,-0.6866276286675521,-0.2948078556853371,0.3219808307343587,-0.2484580223559237,-0.8920668930679976,-0.2695549422921205,-0.3075580554257976,0,2
-0.0224922851381605,-1.6171525139166694,-0.3964329842101908,-0.0653887829582039,-0.9201918101066208,-0.3461700940158487,-0.3346333928696485,-1.1750867819784514,1,2
1.0217381670568917,0.5273355872458241,-0.2104523568444457,0.2511611099488471,-0.187018956403116,1.1894760504505504,0.0090621742429207,0.1875975518409141,0,0
-0.5985090149861301,1.463267881029077,-1.763390595348418,-0.5806141341762872,0.2600233901487417,-0.0782980552868839,-0.806452159556726,-0.9254961506732792,1,1
-1.2455049527430988,1.4646197331626107,-1.289804212092074,1.2065143903440017,0.580091667064797,-0.5907754790913939,-0.3773411260611512,-1.1791124373220832,1,1
4.79715603535938,0.1763046499048738,2.12294030006935,1.0720044508654798,1.88377013318723,0.0455087441537359,2.0753029800794325,0.3667392146325287,1,0
-0.3941102433384102,0.6656751222441191,-0.6601269451537651,0.3338633342218606,1.6742921749862287,-0.8272022828827068,0.9526997076170756,-0.6658413810090282,1,1
-0.4327129704468133,-0.0165595878126188,-1.3270003375652228,-0.6918343668193052,-1.2203655323331957,1.723998041049916,0.135151672236881,1.1919985600770475,0,2
-1.1387693017521223,0.9419035748628648,1.2973191578707028,-1.3306377543074084,-0.4117103976019555,0.6134031066600268,0.8469472254285928,-0.587341101808208,0,1
-0.6917248168515827,-1.752788344647897,1.4494247423948297,0.2906110215273537,-0.5492168785439536,-0.8640999053431803,0.5479930930880739,-0.0539417687769945,0,2
-0.8641028932020095,0.7562492151908857,-1.9500354392404693,0.7055480433109204,-0.3239403033836589,0.6849421912267026,-1.20912507250518,-1.89769191616036,0,2
0.6442497480521385,-0.3829115160002856,0.2080040547284807,0.5515507981128955,0.2383734335748952,-0.0199199061201222,-0.0417803652707729,-1.354228444770066,1,0
1.9656371073204264,-0.4437448620093079,0.8576078174559765,0.157051682327832,0.632753723595775,0.5075985867128608,-0.2105775964562358,0.0849433405783028,1,0
1.7614162284243584,0.5732985597859743,1.3962874202903313,-0.9114230312683406,2.1318669328442823,-0.7292943241754892,1.62585493077838,1.5643716793629896,1,0
-0.9868488918416324,-1.3607512259230872,-0.1427022711612098,0.350023538964863,-0.5860803181156382,-0.0114593047916063,0.3974991761275405,-0.4202764050474885,0,2
-1.1729247100692346,-0.6032634137662994,-0.0125158320051881,-0.8377515096458288,-1.979869414302189,-0.0682863437148064,-1.0504963492224555,-0.428327715734752,0,2
-0.1879325441741741,-1.1115598159750182,1.086762519031627,0.1656070848388332,-1.155415662611656,0.4636974664860048,-0.8776317148758971,1.0672032444244623,0,2
-1.2956707087088577,-0.6492263863064497,0.0452710057834544,-0.6305206488237953,-0.9102445327618808,-0.6801288297886675,-0.6539245410156449,0.6988557804821528,1,2
-0.9548281965443396,0.9923727211814604,-0.3698643231579415,1.0791339529579806,0.5192377350734446,-0.6513627852717127,-0.5441046556660666,-1.338125823395539,1,1
0.7433360107220951,-0.537022659223142,-2.0323982885024425,0.7179058469379226,0.5040242520756064,-1.3236985708444642,-1.0871029776723151,0.8377408898374494,1,0
-0.3973123128681395,0.7648109453699331,0.5992275887228519,0.7041221428924203,-0.1671244017136354,1.9927631432524464,0.200230122814409,1.5281407812703034,0,2
-0.4147458025299989,1.418206143244616,0.0167096951522859,1.0762821521209809,0.9323423118608944,-0.2247604649516416,-0.0133085431431044,-2.294218967508092,0,1
-0.3322035657636438,1.7327370729801532,0.4278597249358439,-0.5782376334787868,0.7971763667647174,2.071070708881935,-1.1725184440553205,-2.553873737172343,0,1
-0.1753021588069084,0.374576296156502,1.3179098701861962,-1.458493491832929,0.1383155261660369,-0.2873219114419473,0.6618803815987478,-0.3095708830976139,1,1
-0.5093847464086646,-0.7447572704095067,0.6762767057743756,0.6627710307559135,0.0587373074081146,-0.8964852070951116,3.7510730824507768,-0.2954810893949025,0,1
-0.838130551460872,0.2790454120534447,1.011706051559023,1.223149895226504,0.4496067936602625,-0.0182747891951331,-0.0051737368209134,-0.6457131042908689,1,1
0.2082346137540001,1.5844839556692767,0.2412148810437923,-0.4708198019517694,0.471256750234109,-0.570705052606525,-0.5949471951797602,-1.0824967090749198,1,1
2.2712568546579224,1.173971524452838,0.1276338550454269,-0.8101841015548243,1.935261921795297,-0.1904480262304372,-1.0687996634473853,-1.2938436146155894,1,0
-0.4521032803768406,0.1992861361749491,1.7250746008119169,-0.9646566468923492,-0.0916421206859002,-0.2540905495571643,-1.06473226028629,-0.8147906287234046,0,1
-1.0878919747797569,-1.760448840071255,0.28571738830631,0.1385149768873289,-1.0559428891642535,-0.9625719041389657,3.791747114061731,0.1634436197791231,0,2
-0.9644344051335274,1.6867741004400028,0.3979699812520633,-1.4580181916934292,0.0487900300633743,-0.7876724733422509,-0.0905892032039187,-0.2129551548504505,1,1
-0.3055196530158997,0.8179837959555973,0.0419499231519225,0.2378527060428448,1.1260216531026024,-0.0333628615643202,0.0721069232399009,0.4754319089105879,1,1
-0.1973608600117104,-1.6775352425478471,-0.616288654417554,-0.6495326544037984,-2.7861840131876088,1.3406857975274198,-0.0905892032039187,0.8719589602583201,0,2
0.4183259534545718,0.6399899317069764,-1.2014634140933451,-0.5026649112982747,0.8562748968717039,-1.0064730243658218,1.1438676561885637,-0.3256735044721407,0,1
1.418972681494976,-0.4302263406739697,-0.1068345787406733,-0.0173834688686962,0.5806768010262522,-0.250424288981474,-0.6193516141463331,0.2057130008872572,1,0
1.0767070273172448,-0.442393009875774,-0.1586434677925595,-0.3976235804687577,-0.0875461829557131,0.1944623308763345,0.159556091203454,0.612304190594069,0,0
-0.0013230476916169,-0.0607200908413903,-0.6514921303117844,-0.4137837852117604,1.1254365191411468,-0.8419143285261823,1.7743151461583655,-0.770508419943455,1,1
0.0716129804855501,-1.2007820567882508,-0.2735529268435376,0.7982315705134357,-1.929547893617033,2.7990584498600377,-0.98338419706438,-0.5249434439819153,0,2
-1.0900266877995763,0.5611318905841698,-1.3130517905127923,-1.4081116770459208,-0.5831546483083618,-0.9966023228158862,-0.2004090885534971,0.9504592394591403,0,1
-0.9649680833884824,-1.0272943663180765,0.5162005229345727,-0.3096930546612434,0.0025644471084047,-0.8096230334556789,0.3080163065834397,0.6445094333431235,0,2
-0.4723830540651262,-1.3409240612979243,1.1027037156629762,-0.9247314351743428,-0.8482203328476178,-0.807366873101408,0.2673422749724847,-0.2572373636304001,0,2
0.7497401497815537,-0.0116027966563278,0.7021811503003178,-1.507449406201437,0.2588531222258311,-0.6580372596530976,0.7005207116291549,-0.0136852153406759,1,1
-0.5234382737891432,-1.1340906848672487,-2.022435040607849,-0.7617034873258164,-1.0026956986718198,-0.6150762062405211,-1.1460803235081998,-0.3800198516111699,0,2
-0.3430550236143931,-1.056584495877976,0.4471220041987251,-0.0516050789127016,-1.6194268940457182,0.6357766968398809,1.3391030079211477,-0.6155206892136307,0,2
0.2027199384527996,-0.3977818894691576,-1.320358172302161,-0.7170252742128093,0.7679196686919518,-1.28477980473329,-0.8084858611372737,-1.3924721705345684,1,1
-0.211770172895492,-1.212948725990055,-2.034390938081361,1.1124049627229862,-0.8669446196141876,-0.2994017700054397,-0.0865218000428233,-0.1243907372905506,0,2
-0.8737091017911975,-0.2080719733965776,-0.140709621582291,0.9232355072019558,-0.7616205065522318,-0.9913379486559206,-0.9122046417452088,0.8860487539610314,0,2
0.5483655549119114,1.2956382164708824,-0.599019024733592,-0.6647422588678007,1.1792688435950358,-0.731926511255472,1.288260468407454,1.57443581772207,1,1
0.3774106205746975,1.8030333839239123,-0.3160627845271365,0.0287206446628111,1.2331011680489243,-1.2904202056189673,0.491049448832737,-0.0479032857615466,1,1
-0.0424162733231428,1.694885213241206,1.4540742580789738,0.621419918619407,1.381140060297118,-1.0824774263003254,-0.8796654164564449,-0.7040851067735306,1,1
0.482723129552461,0.2641750385845727,-2.0855356106069407,0.7972809702344357,0.3003976334891581,-0.5459342920502583,0.956767110778171,-1.3240360296928275,0,1
0.1833296285227721,0.0505824014862279,1.537101323867253,2.1219424590211493,-0.1378677036408699,-0.2774042065512978,-0.5786775825353783,1.9166165219307725,0,2
0.5339562420281295,0.3547491315313389,0.6975316346161746,-0.4689186013937693,0.0370873508342681,1.4483704511031448,-0.458689189283061,0.5358167390650643,1,1
-1.2243357152965548,-1.0556832611222866,0.0366361909414727,-0.2341203324807313,-1.2162695946030089,-0.8212798619527456,1.351305217404434,-0.2330834315686098,0,2
-0.9228075012470468,-0.4027386806254483,-0.3393103629478548,1.8296328732286025,-1.927207357771212,0.5336854408091191,2.597964286280204,0.2318797606208637,1,2
-0.7361980047644895,0.1947799623965029,-0.4376144088411775,-0.59820023933779,-0.1086110055681043,-0.6231607808433254,-0.716969290012625,-0.1223779096187351,1,1
0.129428124772329,1.1401752211144922,-0.7750364042047437,-1.6058365350779529,0.3126854466797197,0.4426399698461422,0.0965113422064739,-0.7845982136461663,0,1
-1.1855550954365002,-0.2116769124193344,0.2691119751486542,-0.1846891179727232,-1.1653629399563965,2.030929855912197,-0.4566554877025133,-0.0579674241206262,0,2
-0.020891250373296,2.079261836542657,0.4099258787255759,0.901847000924452,0.5040242520756064,-1.23114899297864,0.5540941978297169,-0.764469936928007,1,1
0.0429722474696382,-0.5897448924309613,-2.1845038730265696,-2.2736332310755607,-0.6387423746466162,0.958172610797061,-0.6498571378545495,-1.1348302285421328,0,2
-0.7705313058332536,0.9671381480221624,0.7579753385100416,-1.4965175029929354,0.570729523681512,0.2483281593345543,1.1784405830578757,-0.9878938084995726,0,1
0.8989921684172688,0.3989096345601108,-0.2782024425276813,-0.5069426125537753,0.9744719570856768,-1.2641453381598533,-0.0275444542069386,-0.2572373636304001,1,0
0.1082588873257854,1.3907184831960948,-1.2991032434603615,0.1827178898608359,0.8270181987989382,2.583736146049301,-0.910170940164661,0.3224570058525791,0,1
-0.6999078834275576,1.994545769507871,-1.8703294560837207,-0.3767103743307542,1.6081720373417787,-0.4073684436254489,2.134280325915317,0.1956488625281775,1,1
-0.3770325391798539,-0.2941398925648977,0.9519265641914616,-0.2293673310857306,-2.0454044179851847,2.817248742716348,-0.6356212267907151,-0.2612630189740318,0,2
0.0689445892107756,-1.2251153951918596,0.3229135137794592,-1.2436578287788944,-0.4175617372165086,-0.2297428190673233,1.2272494209910214,0.3506365932580018,0,2
-0.1747684805519535,-1.1160659897534644,0.5195216055661037,-0.4475300951162658,0.172253295930445,-0.8118321904692359,0.950666006036528,-0.4645586138274381,1,2
-1.1355672322223929,-0.0584670039521674,1.6898711249176863,-0.6262429475682946,-0.3818685655677347,-0.6468974679038846,2.030561545307382,0.8920872369764794,0,1
-1.2905118189109603,-1.6942080855280977,1.0641791571372148,-0.1989481221577256,-1.1378616437679967,-0.6578492462902417,0.2063312275560523,1.4858714001621691,0,2
-0.2420119406762687,1.1469344817821616,1.2714147133447598,0.45458956965488,0.7316413630817227,1.4226596237325988,-1.052530050803003,-0.8147906287234046,0,1
0.3005609518611946,-0.2977448315876545,-1.4837554377734945,-1.5245602112234398,-0.2636715053537618,-0.3105415617546527,-1.10947369505834,-1.7467298407741672,0,2
1.5856581897925508,0.0122799243694361,-0.3871339528419035,0.4341516636563766,1.1207554474495045,0.0027357041040154,-0.3875096339638899,-1.5957677653879747,0,0
-0.9777763615073994,0.4674034759924912,-0.072959535899055,0.4056336552863722,0.0072455188000473,0.6408530576369906,-1.0443952444808124,1.0551262783935664,0,1
-0.175124266055257,0.5318417610242703,-1.675049797349689,-0.4917330080897728,-0.1858486884802054,0.2699496960629843,-0.2146449996173314,-0.2169808101940822,1,1
-0.6632619765873224,0.5471627518709872,0.2757541404117171,0.0054309378273073,0.5403025576858358,-0.703301476760659,0.0477025042733279,1.355037601494136,0,1
-1.2734341147524042,-1.526127803592059,-1.4558583436686323,-1.655267749585961,-2.0892894650943328,-0.0071349974459201,-0.9061035370035656,-0.1223779096187351,0,2
-1.072059519882762,0.8035640398645695,0.9831447409278544,0.4051583551468719,0.5742403274502439,-0.2215172344423772,-0.6966322742071476,2.908940564136011,1,1
-0.3227752499261077,-0.158954679211515,-0.5711219306287302,0.3642825431498653,0.0166076621833322,-0.1749369237948241,-0.5298687446022322,0.1996745178718093,1,2
-0.3658252958258013,0.679644260957302,-0.0151726981104134,-0.6999144691908065,-0.391815842912475,1.1915441974419652,0.3080163065834397,-0.0156980430124921,0,1
-1.3591784210484883,0.6936133996704851,0.8303749398774212,-0.2778479453147384,-0.0448314037694754,0.0403383766751984,-0.3325996912891008,0.7612534383084455,1,1
-0.6157646118963379,0.004619428946078,1.0601938579793773,-0.1837385176937229,-0.2742039166599574,2.2012699626596564,-0.5135991319578502,-0.6054565508545511,0,2
0.1182208814182766,1.1198974391114846,0.4989308932506113,0.362381342591865,0.3337502692921109,-0.1994726676475212,-1.052530050803003,0.8920872369764794,0,1
-0.622880321962403,-0.398683124224847,0.9419633162968688,-0.0026491645441938,-0.7089584500212537,1.1934713344112386,-0.82068807062056,-0.0619930794642579,0,2
1.5045390950394086,0.166841684970137,-0.1294179406350854,0.113799369633325,1.1429905379848062,0.4085625478285076,-0.9488112701950684,-0.5833154464645762,1,0
-0.9203170027239238,-1.1264301894438904,0.1482245673609203,0.2506858098093471,-2.009126112374956,0.1838865792156893,-0.5217339382800412,-0.5792897911209446,0,2
-1.0412840738470306,0.377730617801414,-1.2725345824081118,1.5149841808795512,1.4993371205110908,-1.2012078649438356,-0.997620108128214,1.7676672742163966,1,1
1.203188773741552,-0.5298127811776281,-0.0085305328473505,0.7388190530759258,0.6906819857798508,-0.0759478882511849,0.0253317868873027,1.4798329171467228,1,0
-1.100166574643719,-1.1850104485636894,0.7061664494581553,0.0415537484293134,-0.5457060747752218,-0.0075580275123458,-0.3122626754836232,-0.1565959800396051,0,2
0.6743136230812635,-1.805510577855716,1.7562927775483097,1.3049015192205171,-0.6902341632546837,-0.6618445302509298,-0.1922742822313061,0.0909818235937508,0,2
0.1135956698753342,-0.6595905859968755,0.0539058206254351,-0.7921226962538214,0.3875825937459996,-0.6671089044108954,0.175825703847836,-1.3220232020210114,0,1
-1.1567364696689366,-1.4040104941961693,-0.731198113468532,-0.0758453860272055,-0.0939826565317215,-0.7890825735636702,-1.078968171350124,-0.9637398764377816,0,2
0.1890221965756241,0.1479157551006636,0.9426275328231744,0.0871825618213207,0.1792749034679087,0.697727099900905,-0.950844971775616,-1.2817666485846937,1,1
-0.4832345119158754,0.0510330188640725,-1.754755780506437,0.2868086204113529,-0.0963231923775428,0.8509109872877615,1.335035604760052,-0.1908140504604757,0,2
0.4604865355960075,-0.7808066606370753,0.2365653653596491,-0.5406889224582806,-0.3163335618847399,-0.3337142087266443,0.1453201801396199,0.958510550146404,0,2
1.0551820043673976,-1.2661215765757192,-0.4289795939991963,-0.2578853394557349,0.3682731730179743,-0.906496918667189,-0.7352726042375548,-0.0016082493097808,0,0
0.0801518325648283,-0.3513682995511632,0.9977575045065916,0.0044803375483072,-1.035463200513317,0.1534754177737451,-1.0504963492224555,-1.0039964298740995,0,2
-0.1555560633735778,-0.1666151746348735,-0.3718569727368603,0.5762664053668994,-0.1987216356322222,-0.9922780154702,-0.3753074244806035,-0.0116723876688604,1,1
0.2470152336140547,0.4642491543475789,0.7201149965105867,-0.0131057676131954,0.6977035933173145,-0.4904233466670494,-0.4769925035079909,0.2761619694008133,1,1
0.0280292563309014,-0.9606029943970744,1.2129636590298116,-0.0478026777967012,-0.679701751948488,0.2874349388085845,0.0395676979511369,1.6770900289846804,0,2
0.1687424228873388,-0.2729608758062011,-0.4289795939991963,0.2459328084143463,0.4513621955446285,-0.2044080184224887,-0.0133085431431044,-1.2274203014456644,1,1
-0.4449875703107756,0.0690577139778571,0.2757541404117171,2.6980062280952426,0.8966491402121204,-0.7618676392902766,0.6130715436656018,-1.7306272193996397,1,1
-1.009974949556344,1.9837309524396,-0.2914867730538061,0.6599192299189133,0.0844832017121483,-0.2826215773705494,-0.9630471812589024,0.9202668243819014,0,1
0.7901218044064731,-0.551893032692014,1.8180649144947896,1.32201232424252,-0.0261071170029054,0.4936855978615231,-0.0092411399820089,0.5680219818141188,0,2
0.0322986823705406,0.5228294134673783,-0.0410771426363565,0.4170408586343739,-0.3338875807283991,-1.0115963885036454,0.8855875554589999,-1.3280616850364595,1,1
1.7978842425129418,-0.2891831014086071,0.160180464834432,0.5368164937883932,-0.1021745319920959,3.47896177328774,1.7966858635443907,1.2403064242006296,0,2
0.3089219111888211,0.2691318297408633,0.8303749398774212,-0.1747078150432217,-0.5913465237687361,0.4892202804936952,-0.8247554737816557,1.026946690988145,1,2
-1.093940328335912,-1.6423870870759676,0.5062372750399798,0.6218952187589071,-1.367819290619934,-0.7510098675853475,0.7839024764316126,0.747163644605734,0,2
-0.4786093003729332,2.028792690224061,-0.5531880844184617,-0.380512775446755,0.7468548460795607,-0.5814218142893122,0.523588674121501,1.1839472493897842,1,1
-0.4408960370227882,-0.0156583530569294,0.5666809789338468,-0.3120695553587438,-1.4000016584999762,0.6936848125995028,-0.7230703947542683,0.8035228194165795,0,2
-0.0135976475555791,-0.2427695114906123,0.0439425727308412,-0.2127318262032279,0.6304131877499537,-1.114486701326545,-0.5278350430216845,0.2359054159644954,1,1
-0.9610544428521464,1.535817278862059,-0.4615262037882018,1.26022330610751,0.1898073147741044,-0.0822463359068582,-0.3976781418666287,-0.5189049609664674,1,1
-0.7829837984488676,-0.6559856469741188,1.2999760239759273,-0.0088280663576947,-1.222706068179017,0.4282099442469508,2.132246624334769,0.6102913629222528,0,2
-0.1534213503537585,1.202360419257048,-0.3838128702103725,-0.3234767587067457,0.3899231295918208,-0.7513858943110593,-0.3041278691614322,-0.3558659195493797,1,1
0.6293067569134018,0.2132552748881317,0.2870458213589222,1.9517850090801216,0.0505454319477402,-0.4627383789865159,-1.0667659618668377,0.7391123339184706,1,1
-0.726947581678605,1.4731814633416582,-0.5976905916809794,-1.2759782382648996,-0.7581097027834997,-0.0597317357048623,-0.5074980272162071,0.8397537175092656,1,1
-0.4376939674930588,-0.0521583606623428,0.4511073033565626,-0.3914446786552566,0.1113993639390926,-0.7533600346210464,-0.9854178986449276,-0.4866997182174129,0,1
-1.1748815303374025,-1.2958623235134634,-0.1506728694768849,-0.1932445204837245,-1.696664576957819,-0.3463111040379906,-0.5583405667299007,0.7612534383084455,0,2
-0.6319528522966359,-0.129213932273771,-0.7969555495728493,-1.1105737897188728,0.4267865691635054,-0.2842666942955386,-0.588846090438117,-0.0921854945414962,1,1
0.0141536217020744,0.6823479652243698,1.1465420063991885,1.1261886667684884,0.841646547835321,0.240102574709608,-0.7678118295263187,1.737474859139157,0,1
-0.7232118338939207,1.199206097612136,-0.8142251792568111,0.4755027757928834,-1.7703914561011882,1.5397449454511198,1.17437317989678,-1.7588068068050624,0,2
0.7511632917947667,0.6886566085141943,-2.336609457550697,-0.381938675865255,-0.4011779862957599,1.527947106931911,-1.030159333416978,0.2962902461189726,0,2
4.398498378908082,-0.5424300677572772,-1.1589535564097464,-0.3909693785157566,2.548482313400464,-1.244638951763552,-0.741373708979198,-1.36227975545733,1,0
0.2742328246167537,-1.5423500291944643,-0.9052228433607654,0.3276844324083595,0.2863544184142307,0.0458847708794479,1.1133621324803475,0.2660978310417337,0,2
-1.0435966796185017,0.0122799243694361,1.8904645158621685,0.9142048045514544,-0.6551261255673649,-0.9898808450937872,-0.749508515301389,-0.1344548756496303,1,1
-0.910710794134736,0.7400269895884798,1.0229977325062292,1.0838869543529814,0.3776353164012593,-0.6542769923959791,-0.0987240095261097,-0.4665714414992536,0,1
-0.0687444005675838,0.4651503891032683,0.771923885562473,-0.1861150183912233,0.7608980611544882,-0.5117628633511957,-0.4952958177329206,2.3574257820584554,1,1
-0.5120531376834392,-1.4873747090974223,-0.6408646658908844,-0.9556259442418478,-1.6194268940457182,0.1691745335722139,-0.2532853296477385,-1.5414214182489454,0,2
-0.1439930345162222,0.6179096801925907,0.249849695885774,-0.59820023933779,-0.5275669219701072,0.0898328944470179,0.6313748578905315,0.1010459619528297,0,1
0.4766747759963056,-0.6321029259483544,-0.2987931548431746,-1.4675241944834303,0.5397174237243805,-0.4207173923882188,-0.741373708979198,0.4673805982233237,0,1
-0.0577150499651828,1.288878955803213,-1.310394924407567,-0.548293724690282,-1.3315409850097049,4.413106166637354,-0.2004090885534971,-0.5068279949355722,0,2
0.7465380802518243,-0.1774299917031438,2.2916512977511334,0.839107382510442,0.7222792196984376,-1.076790022073934,-0.4790262050885385,-0.0156980430124921,1,0
-1.1215137048419144,1.2938357469595037,0.5706662780916844,0.5216068893243908,-0.0623854226131347,0.5497135799925859,-0.8328902801038467,0.2681106587135499,0,1
-1.0670785228365165,0.4318047031427671,-0.2715602772646193,0.8780819939494482,-0.9359904270659144,-0.3839137766091736,-0.466823995605252,-2.149295375137348,0,2
2.3618042652486007,-0.2134793819307127,-0.4528913889462206,1.6575742227295744,0.6614252877070852,-0.2055360985996243,1.440788086948535,-0.6759055193681078,1,0
0.4156575621797975,0.6773911740680791,-0.7903133843097868,1.474108368882545,0.6099334990990178,-1.0905149975624158,-0.910170940164661,0.097020306609198,1,1
0.0376354649200894,0.3660145659774542,1.1339218923993692,-0.7550492853728155,1.3512982282628971,-0.2003657311210868,-0.5380035509244232,1.105446970188964,1,1
0.4389615126461607,1.1843357241432642,-1.1768874026200145,1.5658412958060597,0.9779827608544084,-1.2564367902827605,1.3106311857934791,-1.2415100951483755,1,1
0.4300668750635794,-1.1273314241995795,-0.0098589658999637,0.3633319428708653,-2.62761270963322,0.9830373780347554,-0.822721772201108,0.8860487539610314,0,2
1.769599295000333,1.2217369665043667,0.7725881020887786,-3.201419103379711,1.5250830148151246,1.9357010876256768,0.1005787453675693,-0.0378391474024669,1,0
0.6442497480521385,-1.1354425370007826,1.0229977325062292,-0.8615165166208326,0.7831331516897898,-0.5813748109485982,-1.20912507250518,1.59858974978386,1,0
0.053112134313781,-0.8069424685520626,-0.2602685963174132,2.513589773969213,-0.775663721627159,-1.2900441788932555,0.2226008402004343,1.5583331963475415,1,2
3.839381460467017,-0.9660104029312097,-0.8182104784146488,-0.3591242691692515,0.5724849255658779,-0.0618468860369913,1.8251576856720595,1.5341792642857512,1,0
-0.4917733639951536,-0.3103621181673036,1.2647725480816978,-0.3980988806082577,0.4683310804268325,0.2450379254845758,-0.967114584419998,-0.7866110413179825,0,1
-0.532155018620073,0.9937245733149944,0.9585687294545244,0.070547056938818,0.1131547658234586,-0.6333605057782586,-0.2939593612586935,-0.0116723876688604,0,1
-0.5792965978077542,0.8693541770298822,0.5819579590388905,-1.5687631241969469,-0.4064441919488578,-0.6964389890164181,0.9160930791672164,-0.1445190140087099,1,1
-0.669666115646781,-0.9227511346581272,0.7805587004044537,1.345777331217524,0.2951314278360604,-0.349883357932253,-1.1054062918972447,1.079280210455358,0,2
0.5780736444377332,-0.5663127887830415,0.6118477027226702,0.7331154514019249,0.1412411959733135,-0.877777877490948,0.9771041265836484,-0.1525703246959733,1,1
-1.0242063696884742,-1.0547820263665977,-0.5472101356817058,0.7212329479144233,-1.4643663942600604,1.0847526073398053,1.6360234386811188,0.4170599064279262,0,2
-1.3974253626535884,-0.2175349383313141,0.3016585849376603,-1.7037483638149686,-1.335636922739892,0.6477625487219453,0.265308573391937,-1.7789350835232216,0,2
-0.5871238788804258,-1.3603006085452425,1.4109001838690685,-1.46372179336743,-0.3379835184585862,-1.284262767985436,-0.6620593473378358,0.9383822734282444,0,2
1.0957415517439686,-0.5108868513081547,2.154158476805744,0.9641113191989622,0.8188263233385639,-0.46692167631006,1.038115174000081,0.622368328953148,1,0
0.6518991363731587,-0.0755904643102623,-0.3293471150532614,0.4564907702128803,0.9440449910900006,-0.2911291820397795,0.5134201662187622,-2.249936758728142,1,0
-0.988094141103194,0.2497552824935452,-0.6282445518910662,0.5776923057854001,0.8082939120323684,-0.7139242317620182,-1.1460803235081998,-0.1686729460705009,1,1
-0.1594697039099136,0.5976318981895832,-0.1599719008451717,-0.3843151765627554,0.0569819055237487,-1.138599415112816,-0.7922162484928916,1.6348206478765464,0,1
-0.1278047941159239,-0.1576028270779812,0.8456519199824648,0.7526027571214281,-0.7089584500212537,0.1598208687701321,-0.1963416853924017,0.0084558890492988,0,2
2.7773617331068023,-0.0787447859551746,-0.4615262037882018,-0.542114822876781,1.0909136154152836,0.3910303017421938,-1.1623499361525818,0.197661690199993,0,0
-0.4739840888299909,-0.2747633453175795,-0.4396070584200958,-1.1343387966938767,-0.1753162771740098,-0.8930069598822771,0.2856455891974144,0.2238284499336003,1,1
-0.1233574753246332,-1.216553665012812,0.5733231441969088,-0.1823126172752229,-0.3280362411138461,-0.0268293972050772,-0.4607228908636088,0.676714676092178,0,2
-0.8724638525296361,0.0095762201023687,-1.617927176087353,-0.1680536130902205,-1.2859005360161908,0.5886793494444741,-0.8023847563956304,0.0547509255010646,0,2
0.2569772277065459,-1.7406216754460924,-0.3187196506323614,1.8681321845281085,-2.636974853016504,1.419040366497622,-0.9467775686145204,-1.152945677588476,0,2
0.6497644233533391,-1.3278561573404306,-2.817502222596409,0.5140020870923894,-0.3163335618847399,-0.5517627062987916,-1.0932040824139584,0.1594179644354914,1,2
-0.2343625523552489,-0.4937633909500594,-0.5804209619970175,0.4778792764903838,0.6450415367863366,-0.6364157229246673,0.6679814863403909,0.6243811566249643,1,1
-0.5157888854681232,-0.3094608834116146,0.8383455381930963,-0.442777093721265,-1.1039238740035888,0.0575886027172284,0.7900035811732556,-0.6859696577271875,0,2
1.458286979609985,0.5399528738254732,1.869209587020369,-0.3947717796317573,1.0552204437665096,1.7116831657828542,0.2510726623281027,0.3747905253197928,1,0
0.7148731704578346,0.0717614182449245,-0.7205706490476326,-0.6694952602628015,0.1020372205558077,-0.4476503066173288,-0.9915190033865708,-1.2998820976310368,1,1
-0.5122310304350908,-0.6158807003459486,1.3159172206072776,1.0862634550504822,-1.28473026809328,1.3802156070678755,2.516616223058294,-0.2310706038967936,0,2
-0.2366751581267199,-0.4874547476602349,1.396951636816638,-1.476554897133932,-0.0372246622705564,0.2105374734005153,1.552641673878661,1.5120381598957766,1,1
-0.898258301519122,1.075286318704869,-1.5880374324035724,0.945099313618959,-0.0173301075810758,0.9879257254690096,0.5357908836047872,1.2302422858415507,0,1
-0.8630355366920999,1.1802801677426624,0.3089649667270288,0.4840581783038847,0.8012723044949046,-0.163891138727039,-0.9040698354230178,-0.114326598931471,0,1
-0.049531983389208,1.263644382643915,1.9934180774396355,-0.2208119285747291,0.1342195884358498,-0.4823387720642451,-0.0031400352403657,0.4995858409723782,1,1
0.3087440184371694,0.4466750766116392,0.9997501540855104,0.6404319241994102,-0.0500976094225732,0.900593518422437,0.523588674121501,0.4351753554742693,0,1
-0.3587095857597363,-1.0579363480115098,-0.1307463736876976,-1.7142049668839705,-1.7118780599556571,2.4834780203063844,-0.7678118295263187,-1.0885351920903676,0,2
1.1798848232751888,-2.012343954286392,0.8370171051404831,0.8162929758144382,-1.1167968211556056,-0.7667089833838163,0.2144660338782433,-0.6819440023835551,1,2
-0.8121582097197344,-1.029998070585144,-0.4044035825258659,1.2122179920180025,-0.8493906007705282,-0.157780704434222,0.6395096642127224,0.7632662659802617,0,2
1.1836205710598726,-1.7708130397616808,1.2946622917654775,0.2592412123203483,0.2372031656519845,-0.6657458075301901,0.859149434911879,1.351011946150505,1,0
1.4164821829718528,-0.158954679211515,1.600866110392651,0.3766403467768673,1.1500121455222705,-0.4641954825486492,-0.2065101932951404,1.2302422858415507,1,0
2.9710869396554243,-0.8894054486976262,-0.3824844371577598,-1.284058340636401,0.4765229558872068,0.3684686981994839,-0.6701941536600268,-0.1062752882442075,1,0
-0.0137755403072308,-0.9371708907491546,-0.1214473423194103,-1.5982317328459517,-1.3368071906628027,0.9148825339994866,-0.3997118434471765,0.4673805982233237,1,2
-0.6394243478660043,1.2667987042888276,0.0625406354674158,0.3443199372908622,-0.3210146335763823,0.8798180418268583,-0.8654295053926107,-1.1791124373220832,0,1
-0.2562433608083989,1.1581999162282768,-0.508685577155944,-0.8653189177368332,1.0909136154152836,-0.4297420338053029,-1.125743307702722,-1.1932022310247945,1,1
1.1702786146860005,-0.6577881164854972,1.6852216092335432,1.7873311608130953,1.6210449844937955,-1.218599101008008,3.3687371853078,-1.6883578382915054,1,0
-0.2377425146366297,0.5660886817404608,0.196048157254969,-0.3572230686112511,-0.2970241411567145,0.4707479675931016,-0.7861151437512485,-1.0160733959049946,1,1
2.1413951459522345,-0.4586152354781799,0.4763475313561992,0.0505844510798146,0.7058954687776888,2.2847948991083964,-0.2004090885534971,1.312768220386002,0,0
-0.1758358370618634,-1.1250783373103566,1.68389317618093,0.4222691601688746,-0.723001665096181,-1.0140875655614865,-0.8410250864260377,-0.1726986014141326,1,2
-0.8480925455533631,0.8747615855640176,-0.2529622145280447,0.7416708539129264,0.3910933975147314,0.4809006891873208,0.2144660338782433,-2.404924489457967,0,1
-1.1691889622845506,0.5210269439559999,-0.3592368587370416,-0.6229158465917941,-1.531656799827421,-0.8907978028687202,1.1703057767356846,1.6931926503592074,0,1
-1.195872875032295,0.3953046955373537,0.8323675894563399,-2.4965489965010965,0.296301695758971,-0.0145145219380148,-0.8735643117148016,-0.3498274365339317,1,1
0.7911891609163828,-0.1499423316546227,-0.0669815871622997,-0.3287050602412465,-0.249043156317379,1.018007863525956,-0.7678118295263187,1.206088353779759,1,2
1.069947102754483,-0.4694300525464506,0.0837955643092158,-0.114344697326712,0.2916206240673285,-1.3372355329700902,-0.9935527049671188,1.5885256114247812,1,0
-0.6581030867894251,-1.2219610735469475,-0.0364276269522124,-0.3187237573117449,-0.8142825630832096,0.28442672500289,-0.9366090607117816,-1.0865223644185515,0,2
-0.2478824014807724,0.7711195886597577,2.1448594454374565,1.1632620776494946,0.5408876916472911,0.7072687780658425,-0.3387007960307441,0.3788161806634246,1,1
-0.0522003746639823,0.1524219288791095,0.4716980156720551,-0.0777465865852059,-0.4678832579016653,0.1630170959386827,-0.3061615707419801,0.96052337781822,0,1
1.2588692050085113,-0.3184732309685066,1.2880201265024156,1.1328428687214898,1.3261374679203186,-0.6905165680864568,-0.9000024322619223,-1.8594481903958573,1,0
-0.26620535490089,-1.312535166493714,-1.4458950957740389,0.8257989786044397,-1.3584571472366491,0.7593484795769309,-0.194307983811854,1.6307949925329157,0,2
-0.863925000450358,-1.0881277123270987,0.2372295818859548,-1.1642827054823817,-2.0676395085204864,0.2957075267742448,3.429748232724232,0.4150470787561107,0,2
2.51141206938762,0.0167860981478823,-0.1267610745298601,-2.1030004809950333,0.5245039407265424,0.0087991350561185,-1.013889720772596,-0.7584314539125598,1,0
0.1822622720128623,-0.3626337339972784,-0.7106074011530392,0.4298739624008761,0.5104607256516149,-0.3934084514333972,-0.8633958038120629,-1.4749981050790202,0,1
-1.0311441870028877,1.146033247026472,-0.3798275710525349,-0.4979119099032739,-1.0132281099780156,1.2733770136250024,-0.7515422168819368,-0.7483673155534802,0,1
-1.095007684845822,1.623237050163913,2.0731240605963825,0.4745521755138832,-0.3315470448825779,-0.9062619019636192,-0.3712400213195079,-0.5631871697464169,1,1
0.0027684855963703,-0.804238764284995,-0.5385753208397247,-0.5140721146462763,-1.0413145401278705,0.5557300076039751,-1.0972714855750538,0.0990331342810142,1,2
-0.9854257498284196,1.1892925152995548,-0.7079505350478138,-0.1091163957922109,0.6157848387135709,-0.2186030273181105,-0.2024427901340448,0.4069957680688473,1,1
1.2775479439319315,0.3479898708636699,-1.1064804508315536,0.5719887041113987,0.279332810876767,0.6150482235850162,-0.6396886299518106,0.4915345302851147,0,0
0.1497078984606146,-1.1629301970493038,-0.7783574868362747,-0.0411484758437,0.1266128469369307,-0.6145591694926672,-1.1155747997999834,-0.9858809808277564,0,2
1.253532422458962,-1.077312895258828,-0.179898396634359,1.901878494432614,-0.3409091882658628,-0.31228068536107,0.7167903242735368,-1.6400499741679242,1,2
-1.3232440852148597,1.2275949924163465,-1.0154827867275995,0.1993533947433386,0.260608524110197,0.7178445297264877,0.1209157611730469,-0.7785597306307184,1,1
1.8325733290850093,0.2979713419229183,-0.2642538954752503,0.9237108073414558,1.879674195457043,-1.0098572648972282,-0.3773411260611512,-0.4645586138274381,1,0
-0.966569118153347,1.2699530259337397,0.7294140278788741,0.1190276711678258,-1.6621416732319556,4.24709036723558,-0.4078466497693674,-0.4585201308119902,0,2
0.4202827737227397,-0.0652262646198365,-0.0889007325304052,-0.4584619983247674,0.5245039407265424,-1.140949582148515,-0.9406764638728772,-0.2350962592404253,1,1
-0.954650303792688,-0.1526460359216905,0.510886790724123,-1.4066857766274208,-1.0331226646674962,-0.36957775769141,-0.2695549422921205,-0.2089294995068188,0,2
0.1742570981885391,-1.4098685201081491,-1.2320173743034315,2.55921858736122,-0.034884126424735,-0.6891064678650375,-0.9732156891616413,1.2785501499651328,0,2
-0.3265109977107917,-1.2715289851098546,1.2388681035557547,0.1318607749343278,-0.9646619911772244,-1.155943647836274,1.595349407070164,-2.3022702781953552,0,2
0.1438374376561109,0.7769776145717374,0.5414407509342103,-0.3657784711222523,-0.3028754807712677,-0.6761335458279794,-0.8572946990704197,-0.1445190140087099,1,1
-0.6020668700191625,-0.486102895526701,-1.2712061493554996,0.126632473399827,1.4466750639801127,0.701722383861593,0.7798350732705172,0.2660978310417337,0,1
-0.9425535966803772,1.0203109986078265,-1.3276645540915295,0.6218952187589071,0.2711409354163926,-0.550822639484512,0.1249831643341423,0.8317024068220022,1,1
-0.6675314026269614,-0.8749856926065986,0.7845439995622913,1.2683034084790117,-0.6750206802568456,0.390466261653626,-1.2030239677635368,0.4392010108179017,1,2
-0.3188616093897717,-0.1143435588048987,0.5653525458812346,-1.675705655584464,0.0107563225687791,-0.7652988831623969,0.0232980853067549,0.310380039821684,1,1
0.3172828705164476,0.471008415015248,-1.590030081982491,-0.5359359210632801,0.44492572196862,-1.3534046821756989,-0.5847786872770214,-0.0438776304179148,1,1
0.1185766669215798,0.1681935371036708,0.2305874166228928,0.4940394812333862,-0.0395651981163776,-0.0539503247970429,-0.4322510687359404,0.3647263869607132,0,1
-1.218998932747006,0.5958294286782048,-1.2227183429351445,0.293462822364354,-0.3748469580302709,1.3502744790330712,-0.5929134935992124,0.4090085957406628,0,2
0.4734727064665764,-0.0359361350599369,-1.7401430169277,0.1465950792588301,-0.2379256110497281,0.447763333983966,0.3588588460971333,-0.5068279949355722,1,2
-0.9299232113131116,0.3119404806361013,-0.8102398800989741,-0.919027833500342,0.3138557146026303,-1.2093394428873538,0.4564765219634253,-0.6477259319626851,0,1
0.5264847464587614,-0.0499052737731196,-0.8467717890458167,0.3856710494273688,0.4765229558872068,-0.725346043555515,0.2754770812946757,3.625507215302473,1,1
-0.7904552940182359,0.1884713191066784,0.3773792689365708,-2.094920378623532,0.6321685896343197,-0.2406005907722524,-0.1963416853924017,0.0346226487829053,0,1
-0.1514645300855903,1.7480580638268697,1.4846282182890602,-0.232694432062231,-0.0085530981592461,0.2628991949558875,1.62585493077838,-0.1304292203059985,1,1
0.9464895331082536,-0.3139670571900604,0.3747224028313455,1.4137452511660349,0.057567039485204,-0.2793783468612849,1.85159580621918,-0.1928268781322912,0,0
-1.1234705251100825,-0.5919979793201842,-1.1556324737782149,0.2430810075773459,-1.3567017453522834,-0.3155709192110486,0.8794864507173569,-1.6883578382915054,0,2
0.3183502270263574,0.1623355111916911,-0.802269281783299,0.9740926221284636,0.2682152656091161,-0.4915514268441849,0.5093527630576667,0.3083672121498677,0,1
-0.7881426882467647,-0.3874176897787318,0.1223201228349772,-0.0012232641256935,-0.1220690866815765,-0.4621743388979482,-0.910170940164661,0.0245585104238257,1,2
-0.0031019752081333,-0.9538437337294052,0.424538642304313,-0.3486676661002497,0.3483786183284937,-1.0564375755447812,0.7676328637872306,-0.8349189054415639,1,1
-1.2590248018686223,0.5962800460560493,0.5945780730387087,0.51495268737139,-0.0857907810713471,0.2767181771257972,-0.1821057743285674,-1.491100726453548,1,1
-1.2679194394512037,0.3700701223780558,-0.5585018166289114,-0.6390760513347968,-1.4848460829109964,-0.3438199269801498,-0.2756560470337638,0.5197141176905374,0,2
-0.6436937739056434,-1.069201782457625,0.1090357923088523,-0.8909851252698373,-1.8587466842809404,-0.8721374766052705,0.1859942117505747,0.2761619694008133,0,2
-0.2893314126156017,-0.2585411197151737,-0.562487115786749,-0.3976235804687577,-0.6703396085652031,0.8284433904264795,-0.934575359131234,-1.2757281655692465,0,2
-1.132187269941012,-0.5401769808680542,0.1973765903075812,-0.4180614864672609,-1.306965358628582,-0.4273448634288899,-0.7698455311068665,-1.0100349128895474,0,2
-0.7504294248966198,-0.0931645420462021,-1.4731279733525944,0.2416551071588456,-0.7300232726336449,2.324559725352423,-0.8633958038120629,-0.4967638565764926,0,2
0.523816355183987,0.0758169746455262,0.5201858220924104,-0.6500079545432984,0.694777923510038,-0.6994001994813989,-0.2004090885534971,-0.9415987720478068,0,1
-0.5218372390242786,-1.029998070585144,0.8011494127199471,1.32201232424252,-2.1776446932740847,-0.7025964266499493,-1.078968171350124,-1.6823193552760582,1,2
-0.9808005382854772,0.9360455489508844,0.7021811503003178,0.5282610912773917,0.4174244257802204,-0.8421023418890382,2.811502952237717,0.5800989478450147,0,1
-0.1283384723708788,0.2979713419229183,0.4564210355670124,-0.2887798485232399,-0.4591062484798356,2.591632707289249,0.0517699074344235,-0.2954810893949025,0,2
1.2907120075541525,-0.0170102051904633,-1.2506154370400062,-1.9432996341230075,1.0318150853082972,0.2672235023015736,-0.7678118295263187,2.109847978425099,0,0
0.1587804287948477,0.3159960370367026,-1.8065646695583235,0.4332010633773765,-0.4491589711350955,2.809869218224253,-0.6579919441767403,-0.5370204100128104,0,2
1.013021422225962,-1.662664869078975,1.032960980400822,0.0572386530328158,-0.3660699486084412,-0.8819141714737782,0.739161041659562,0.0607894085165118,1,2
-0.7605693117407626,0.2375886132917406,2.000724459229004,-0.2212872287142291,0.032991413104081,-0.2528214593578869,0.7147566226929892,0.2258412776054157,1,1
-0.4649115584957578,-0.8943622398539168,0.9745099260858738,0.380918048032368,0.5028539841526959,-0.7865443931651154,-0.8084858611372737,-0.9355602890323588,1,1
-0.6307076030350746,1.2014591845013591,-1.7680401110325614,0.3528753398018637,0.4537027313904497,-0.1831625084197704,0.1453201801396199,-0.4263148880629357,1,1
-0.2067891758492467,1.860712408288021,-2.1121042716591902,1.7336222450495866,0.3173665183713622,-0.2234913747523642,-0.749508515301389,-0.2914554340512708,1,1
-0.3466128786474257,-0.1558003575666028,1.3292015511334023,0.8880632968789498,-0.0969083263389981,0.0258613477352927,-0.0702521873984413,-1.5434342459207608,0,2
-0.192735648468768,-0.9998067062695551,0.8250612076669714,0.6822583364754166,-0.3865496372593771,0.5395608583983664,1.993954916857522,0.5962015692195415,0,2
1.9510499016849927,0.2407429349366528,-1.1317206788311909,1.2816118123850138,0.3600812975575999,-0.1300017300722605,-0.2634538375504774,0.2781747970726295,1,0
-0.1882883296774773,1.7205704037783482,1.3139245710283587,1.5035769775315495,0.004904982954226,-0.1811883681097832,0.2287019449420774,1.4657431234440117,1,1
-0.2902208763738597,-0.3608312644858997,-0.434293326209646,-0.4632149997197682,-0.0261071170029054,-0.6594943632152309,-0.7840814421707006,-0.3437889535184838,1,1
-0.2386319783948878,-0.2224917294876048,0.6291173324066326,1.0268509376129722,-0.6252842935331441,-0.151106230052837,-0.5624079698909963,0.2640850033699182,0,2
-0.4275540806489162,-1.1124610507307076,-0.7285412473633072,0.9474758143164598,-0.6241140256102334,0.2807604644271995,2.882682507556888,0.1372768600455166,0,2
0.03443339539036,-0.0116027966563278,1.3125961379757465,-1.0036312583313556,0.330239465523379,0.2859778352464512,0.6435770673738181,-1.0341888449513377,0,1
-1.0848677980016792,0.5651874469847714,0.3926562490416135,0.1589528828858323,-0.3145781600003738,-0.358578975964339,-0.9691482860005456,0.5881502585322781,0,1
-0.6522326259849215,-0.514942407708756,1.230233288713773,-1.1067713886028725,-0.4403819617132658,-1.074580865060377,-0.8552609974898717,-1.1267789178548693,1,1
-1.1170663860506238,0.273187386141465,0.0326508917836352,-1.8952943200335,-0.1179731489513893,0.0068719980868455,1.432653280626344,0.2560336926826547,1,1
0.0075715898909644,0.8292492304017125,-0.0258001625313129,0.2278714031133433,0.8199965912614746,0.3390446069125333,-0.9610134796783548,-0.7926495243334297,1,1
-0.301072334224609,-0.181034930725901,-1.2625713345135183,0.7117269451244217,-0.2882471317348848,0.8849414059646822,-1.158282532991486,-1.0905480197621833,0,2
-0.9542945182893848,-0.579380692740535,0.2863816048326166,2.879095581244772,-0.5737925049250767,-0.6360396961989554,1.6543267529060486,1.0229210356445126,1,2
1.3839278094196052,-1.035856096497124,-1.461172075879082,1.154231374998993,0.5005134483068746,-0.7815150357087197,-1.0871029776723151,0.0346226487829053,1,0
-0.1285163651225305,-0.6537325600848954,1.4368046283950116,-0.0202352697056966,-1.6650673430392322,2.3804466974613434,-0.2878582565170504,0.7129455741848642,0,2
0.8418885951370966,-0.8880535965640922,-0.2894941234748873,-0.2379227335967318,0.0774615941746846,-0.7645468297109733,-0.2166787011978791,0.5861374308604619,0,0
-0.5552810763347846,-0.3630843513751229,-0.9922352083068816,0.3395669358958614,0.860370834601891,-0.2021518580682179,-0.2268472091006178,0.8397537175092656,0,1
-0.9699490804347278,1.4722802285859693,0.5440976170394347,-0.8714978195503342,1.0008029853511655,-1.3458371443207482,0.6517118736960089,1.2684860116060523,1,1
0.0511553140456129,-0.2125781471750234,-0.3924476850523532,-0.9903228544253534,-0.2338296733195409,1.0925081585576124,0.4503754172217818,-1.265664027210167,0,2
-0.1486182460591643,1.4209098475116837,1.2687578472395344,-0.3125448554982438,0.7550467215399351,-0.553125803179497,-0.9569460765172592,0.097020306609198,1,1
-1.0475103201548377,-0.4207633757392329,-0.3280186820006487,-0.455134897348267,-1.947687046422148,0.4486563974575316,0.2042975259755046,0.4170599064279262,0,2
0.1658961388609126,0.6201627670818136,0.7453552245102233,-0.1789855162987224,-0.1232393546044871,0.2499262729188294,-0.8593284006509674,0.3224570058525791,0,1
0.1224903074579156,-1.1079548769522614,0.364094938410446,0.4441329665858784,-0.2437769506642812,-0.9857915544516712,-0.0011063336598179,-0.0921854945414962,0,2
0.1758581329534038,-0.4888065997937688,0.2465286132542421,-0.0420990761227001,-1.071741506123547,-0.8500459064697006,0.995407440808578,-0.6618157256653965,0,2
-0.2206648104780734,1.734088925113687,-0.4137026138941527,0.3219808307343587,1.1921417907470524,-0.2743019860641753,-0.999653809708762,0.5962015692195415,1,1
0.6369561452344219,1.0473480412785028,0.4849823461981799,-1.7046989640939687,1.879674195457043,-0.8046876826807111,-0.474958801927443,0.2298669329490475,1,0
0.6721789100614441,0.3128417153917904,-0.9796150943070632,0.274926116923851,0.049960297986285,0.7773977624110988,-0.0051737368209134,0.7411251615902869,0,1
-0.6058026178038467,2.048619854849224,2.110984402595838,0.0320477456393118,1.4484304658644789,-0.3996128924076425,-1.0016875112893098,0.6908044697948893,0,1
-0.9969887786857752,0.8770146724532405,0.3401831434634216,0.3585789414758645,1.0833068739163645,-1.0621719831118863,-0.9467775686145204,1.105446970188964,1,1
-0.5791187050561026,0.4160330949182058,0.3899993829363891,-1.662397251678462,1.0411772286915824,-0.1722577333741274,1.3635074268877203,0.0265713380956419,1,1
0.1516647187287824,-0.8821955706521124,-0.0556899062150936,-1.7070754647914692,0.2845990165298648,-1.2175180241715864,1.4672262074956557,0.8578691665556087,1,1
-0.166941199479282,1.577274077623763,0.4836539131455677,-0.4793752044627709,1.3068280471922935,0.5572811178475363,1.7621129366750794,0.8216382684629226,1,1
-1.1387693017521223,0.9581258004652706,0.103057843572096,-1.225596423477891,1.7304650352859383,-0.8816321514294944,-0.4363184718970359,1.3691273951968477,1,1
1.0075067469247618,1.662891379414239,1.3059539727126837,-0.0634875824002036,1.9048349557996207,0.7713813347997094,0.3934317729664451,-1.4166261025963591,1,0
0.8328160648028637,0.2389404654252745,-1.922138345135608,0.2849074198533525,-1.04014427220496,2.475769472429292,0.5093527630576667,0.576073292501383,1,2
-0.6762481474578912,2.046817385337845,-1.7647190284010306,-1.0283468655853596,0.8205817252229298,-1.1063081200423126,-1.1481140250887474,-0.3417761258466683,1,1
0.5344899202830845,-0.8118992597083533,-0.2669107615804756,-0.189917419507224,-0.6486896519913565,0.1493391237909151,0.0009273679207298,-0.0479032857615466,1,2
-0.684431214033866,-0.2031151822402866,-0.3970972007364969,-0.5711081313862857,-1.182916958800056,0.7112640620265308,-0.5054643256356592,1.6891669950155763,0,2
1.6045148214676228,0.9743480260676766,0.7984925466147218,-1.4917645015979346,0.824677662953117,-0.9624308941168238,-0.3163300786447188,-0.4565073031401747,1,0
-0.3492812699222,-0.3734485510655488,0.54675448314466,-1.2764535384043998,-0.3227700354607482,-1.295543569756791,1.1601372688329457,-1.018086223576811,1,1
-0.9551839820476428,1.57502099073454,-0.8613845526245538,0.1869955911163367,1.7597217333587043,-0.9095521358135976,0.2673422749724847,-0.2854169510358229,1,1
-0.0881347104976112,1.3645826752811077,2.2916512977511334,1.024949737054972,1.3630009074920033,-1.054275421871938,-0.2654875391310251,-1.2475485781638236,1,1
0.0851328296110739,-0.6050658832776779,0.9751741426121804,2.144281565577653,-0.4380414258674445,-0.2841256842733967,1.2760582589241674,0.1372768600455166,0,2
-0.423818332864232,0.4773170583050725,1.1027037156629762,0.9474758143164598,-0.2519688261246556,-0.8598226013382082,-0.9711819875810934,-0.0760828731669693,1,1
1.342478798284776,-0.7037510890256474,-0.2642538954752503,1.6670802255195758,-0.4041036561030365,0.3488683051217547,-0.2776897486143115,0.5398423944086967,1,2
-0.0520224819123308,-0.4523065921883554,-0.8607203360982477,0.1104722686568243,-0.4942142861671544,0.6586203204268745,3.1735018335752154,-1.4005234812218317,0,2
0.060227844379846,0.4863294058619649,1.9176973934407249,-1.047834171304863,-0.0132341698508886,-0.2160178435788416,-0.1332969363954214,-0.6738926916962916,1,1
-0.4108321619936631,-0.2792695190960257,0.1342760203084889,2.879095581244772,0.4472662578144413,-0.6735013587479964,-0.5949471951797602,-0.1082881159160237,0,2
-0.1808168341081089,0.6963171039375528,2.1953399014367294,-0.3857410769812558,-0.3818685655677347,-0.1371462378607852,0.1941290180727657,0.4090085957406628,0,1
-1.0483997839130954,0.9504653050419122,2.2670752862778025,-2.2327574190785544,0.5233336728036317,-0.6758045224429815,0.7310262353373712,-1.7769222558514055,1,1
-0.9606986573488432,-0.7150165234717626,-0.1878689949500336,0.6485120265709111,-0.9395012308346464,-0.1850896453890437,0.3222522176472738,-0.3437889535184838,0,2
0.520970071157561,1.1126875610659712,-0.1101556613722042,-0.3358345623337477,1.4782722978986995,-1.2941804728760855,0.5195212709604052,-0.0921854945414962,1,1
0.2224660338861302,0.2803972641869786,0.3322125451477465,0.8795078943679489,-0.2987795430410804,-0.2876039314862312,-0.1475328474592557,-1.1026249857930783,0,1
-0.6006437280059496,-1.203035143677474,-1.2247109925140631,-0.3667290714012527,-0.5960275954603785,1.048278014945758,-0.7698455311068665,1.717346582420999,0,2
-1.0464429636449275,0.1271873557198116,-1.8085573191372413,1.2164956932735032,-0.32628083922948,-0.4420099057316513,-0.7718792326874142,0.1272127216864369,0,2
-1.2693425814644166,0.707582538383668,-0.8926027293609466,1.698925334866081,-1.4128746056519932,3.650100936827336,-0.9549123749367114,-0.3377504705030366,0,2
-0.0475751631210401,0.3331194973947979,1.2016719780826055,-0.2673913422457365,0.3969447371292845,-1.0905620009031298,0.0538036090149712,0.0044302337056671,1,1
1.029743340881215,-0.7555720874777774,-0.8647056352560852,-0.8173136036473255,1.4952411827809038,-0.5061694658062322,0.2836118876168667,-0.87114980353425,1,0
-0.5205919897627173,-0.3585781775966768,-0.0995281969513047,-0.3866916772602558,-0.7159800575587174,0.3407837305189503,1.5750123912646865,-0.535007582340995,0,2
-1.1563806841656334,1.2978913033601054,0.9625540286123612,-0.0924808909097082,1.9428686632942167,-0.5489895091966669,1.0991262214165136,-0.1787370844295799,1,1
-0.9957435294242138,1.6962370653747398,-1.899554983241196,-0.6457302532877977,-0.6867233594859519,0.4934975844986671,0.7778013716899694,-0.7403160048662167,0,1
-0.049531983389208,0.4227923555858748,-1.6199198256662717,-0.962755446334349,0.3232178579859153,-1.2603850709027349,-0.8410250864260377,1.5080125045521442,1,1
-0.5458527604972483,-1.857331576307846,1.725738817338223,-0.4499065958137662,-1.1846723606844216,-0.5446181985102668,-0.0316118573680341,-0.1827627397732123,0,2
0.568111650345242,-0.3540720038182307,-0.2881656904222751,1.32201232424252,-0.0436611358465647,0.2966475935885242,-0.6437560331129061,0.3687520423043449,0,2
-0.4599305614495122,0.5408541085811626,0.7991567631410283,0.6675240321509142,-0.5000656257817075,-0.5223386150118409,-0.9223731496479476,-0.8007008350206932,1,1
0.8666156876166727,-0.7456585051651959,-0.8826394814663533,-1.195177214549887,0.1704978940460791,0.0821243465699254,0.1168483580119513,0.1513666537482272,0,0
-0.0763937888886036,-0.4856522781488565,-1.0898750376738977,0.9669631200359629,-0.6949152349463261,1.1694056239656816,0.2958140971001531,-0.5591615144027853,0,2
0.4772084542512604,-0.2756645800732689,-1.09651720293696,-1.253163831568896,-0.0465868056538413,0.484989979829437,-0.4037792466082719,0.9625362054900356,1,2
0.0719687659888533,2.0661939325851635,-2.2602245570254804,0.1822425897213359,1.3869913999116712,-1.169621619984042,-1.0240582286753348,-1.2938436146155894,0,1
-0.0769274671435585,2.1234223395714293,0.7765734012466162,0.7521274569819281,0.7374927026962758,-0.8440294788583115,1.40011405533758,-1.2093048523993213,1,1
0.6609716667073915,2.1689346947337342,-1.3774807935644968,-2.297873538190065,1.1582040209826443,-0.6264980180340177,-0.1231284284926827,-0.0780957008387848,1,1
0.0045474131128867,-0.3500164474176293,-1.516302047562499,1.838188275739604,-0.6065600067665741,1.3058093187176478,-0.2634538375504774,1.1356393852662037,0,2
0.4012482492960156,-1.383732712193162,-0.0862438664251799,-1.5792197272659485,-0.4327752202143468,-1.2151678571358873,1.9024383457328733,0.1513666537482272,1,2
1.0407726914836155,0.2925639333887831,-0.0244717294787007,-0.6590386571938,0.4115730861656673,0.5601483216310891,1.190642792541162,-0.5108536502792039,1,0
0.596752383361154,-0.1539978880552244,1.6712730621811118,-1.230824725012392,0.7140873442380633,-1.240878684506434,-0.1007577111066574,0.4452394938333489,0,1
0.170521350403855,-0.8420906240239422,-0.6900166888375459,-1.8444372051069915,-0.1524960526772527,-0.7392120290661388,1.8576969109608232,0.1292255493582524,0,1
-0.3971344201164878,-0.1224546716061016,1.1817454822934188,0.8429097836264428,0.0423535564873659,-0.1784621743483725,0.1127809548508559,-0.3739813685957227,0,1
-0.5038700711074643,1.3118604420732884,-0.8580634699930227,-0.4698692016727693,-0.2648417732766724,0.0154266060967896,-0.9244068512284952,0.9826644822081948,1,1
-0.6762481474578912,-0.9583499075078512,-0.9656665472546324,-0.863893017318333,-0.3391537863814969,-0.8727015166938383,-0.8654295053926107,-1.6782936999324265,1,2
-0.165518057466069,0.0568910447760525,0.235236932307037,-1.5041223052249366,-1.1050941419264992,-0.88689652558946,1.4021477569181275,-1.3039077529746683,0,1
-1.318440980920266,-0.8862511270527138,0.2378937984122613,-0.2070282245292268,-0.3572929391866115,-0.6363687195839534,-1.1704847424747729,0.1010459619528297,1,2
-0.1203332985465555,1.0432924848779015,-1.54619179124628,0.2226431015788425,0.2810882127611329,1.0414155272015173,0.6435770673738181,0.3405724548989222,0,1
-1.115465351285759,-1.1949240308762707,1.039603145663885,-3.656756637020784,-0.6404977765309822,-0.8305395200733995,-0.8654295053926107,-0.553123031387338,0,2
0.5188353581377414,-0.6226399610136176,-1.109801533463085,0.2787285180398517,0.0780467281361399,-0.6450173342753254,-0.6518908394350971,1.6992311333746553,0,2
-0.4510359238669308,-1.3931956771278988,-0.0722953193727494,-3.5612213089812683,-1.515858182868128,-1.006285011002966,0.6293411563099838,0.930330962740981,0,2
-0.8971909450092123,1.680014839772334,-0.5452174861027871,-0.2740455441987376,0.1359749903202157,0.3205722940119396,-1.125743307702722,-1.7749094281795892,0,1
0.2681844710605983,-1.1606771101600806,-1.883613786609846,1.2953955164305155,1.20618500582198,-0.9328187894670172,-0.5441046556660666,0.8176126131192909,1,0
-0.382725107232706,0.1979342840414152,1.286027476923497,-0.1880162189492237,0.1944883864657468,-0.0277224606786428,-0.3976781418666287,0.2037001732154409,1,1
-0.0472193776177367,0.7211010597190062,0.6111834861963645,-0.5311829196682794,0.4577986691206369,0.7028034606980146,-0.9305079559701386,0.9665618608336672,1,1
-0.222799523497893,1.6597370577693265,-1.0108332710434562,0.0263441439653107,0.4226906314333182,-0.2583208502214225,-1.103372590316697,0.0527380978292484,1,1
0.5464087346437435,-1.819479716568899,-0.2549548641069635,1.0720044508654798,-1.0261010571300322,-0.8658390289495975,-0.4017455450277242,-0.7986880073488777,0,2
-0.9560734458059008,-1.383732712193162,-0.0364276269522124,-0.1613994111372194,-0.1203136847972105,-0.8131482840092273,0.1717583006867406,-0.846995871472459,0,2
-0.166941199479282,-1.2769363936439897,-1.9599986871350628,0.2117111983703409,0.1301236507056626,-0.7499757940896399,0.0131295774040162,0.1090972726400938,1,2
-0.7764017666377574,-1.6955599376616317,-0.1872047784237275,-1.229398824593892,-0.707788182098343,-0.7339476549061732,-0.2512516280671908,-0.9818553254841248,0,2
-1.1821751331551194,-0.6046152658998333,-0.4588693376829765,-0.214633026761228,-0.9242877478368082,-0.7201756760769774,-1.0545637523835512,-0.162634463055053,0,2
-0.8391979079707818,-1.978097033570201,-0.7889849512571746,-0.0554074800287023,-2.5808019927167942,1.2202162352774923,0.2775107828752234,0.7149584018566797,0,2
0.8532737312428007,0.2429960218258761,0.1973765903075812,0.4940394812333862,0.5403025576858358,1.2589469880258108,-0.6722278552405746,0.7994971640729478,0,0
-0.1790379065915928,1.4267678734236635,-1.1622746390412773,-1.0530624728393636,0.6795644405121998,-0.6089187686069898,-0.2553190312282864,0.5499065327677757,1,1
0.4112102433885068,0.2587676300504375,-1.8251627322948976,-0.2488546368052337,-0.108025871606649,-0.3392606029308938,-0.8674632069731584,0.5398423944086967,1,1
-0.0011451549399654,1.0491505107898815,1.0349536299797408,-0.7027662700278069,0.9943665117751572,-1.2467070987549669,-0.6539245410156449,-0.6779183470399234,1,1
0.5844777834971918,-1.6473438782322585,-0.7066221019952016,1.2483408026200085,-0.4772454012849504,-1.1484231133220375,-0.830856578523299,-0.8550471821597232,0,2
-1.2385671354286851,-0.4604177049895583,-0.1446949207401286,-0.5026649112982747,-1.08754012308284,1.278406371081398,-0.4993632208940161,-0.8993293909396728,0,2
0.7783808827974656,-0.8218128420209347,1.7337094156538977,0.8020339716294359,-0.1419636413710571,-0.1826924750126305,-1.0810018729306718,-0.8349189054415639,1,2
-0.1146407304937036,0.939199870595797,-0.2443273996860635,-0.0682405837952043,0.7907398931887091,-0.4816807252942492,-1.0179571239336918,0.0829305129064866,1,1
2.987808858310677,-0.4491522705434431,0.0930945956775031,-0.9233055347558424,1.5344451581984095,0.1241453331682224,-0.4180151576721062,-0.8248547670824842,1,0
-1.1458850118181874,-1.389590738105142,1.799466851758215,1.0629737482149784,-1.0249307892071218,-0.3521395182865239,0.0375339963705892,-0.7242133834916892,0,2
0.125692376987645,-1.648695730365792,1.916368960388112,-0.4218638875832616,-1.003280832633275,-0.1982505807889575,-0.3895433355444377,1.4395763637104042,0,2
-0.9080424028599616,0.4574898936799099,-0.3100848357903807,0.5220821894638908,0.119591239399467,-1.0734057815425275,-0.910170940164661,0.7491764722775502,1,1
-0.8299474848848972,-1.0340536269857457,0.6470511786169005,-0.1927692203442245,-0.9435971685648332,0.0856966004641878,-0.8796654164564449,-1.6823193552760582,0,2
1.3785910268700563,-1.4080660505967708,0.8715563645084079,-1.2189422215248904,-0.1548365885230739,1.4499215613467062,-1.0118560191920485,0.6747018484203617,0,2
1.703778976889231,0.4394651985661256,-0.8148893957831178,0.6518391275474118,0.7579723913472116,0.4954717248086543,-0.186173177489663,0.5076371516596423,0,0
-0.0224922851381605,1.21227400156963,-1.044708313885074,0.188421491534837,1.334329343380693,0.0392572998387768,1.5587427786203043,1.811949482996346,1,1
0.2187302861014459,0.5895207853883803,-0.1752488809502153,-1.489388000900434,-0.0495124754611178,1.510555870867739,0.5174875693798575,-1.6782936999324265,1,1
-0.5648872849239724,-0.3689423772871026,-0.973637145570307,-0.053506279470702,-1.2332384794852127,0.3979397928271485,-1.1460803235081998,1.105446970188964,1,2
0.7522306483046765,-1.8523747851515555,1.1252870775573884,-1.3135269492854056,-0.0038720264676035,-0.1735738269141187,-0.8898339243591834,-0.4645586138274381,0,2
-0.3257994267041852,-1.5599241069304042,0.2033545390443375,-0.4404005930237646,-0.3134078920774633,0.3045911581691867,-0.5868123888575693,1.902526728228061,0,2
-0.5243277375474014,1.6403605105220085,-0.9464042679917516,-1.3211317515174068,1.111978438027675,-0.1417055619100412,-0.4383521734775836,-1.1066506411367107,0,1
3.570763405473061,-0.6199362567465498,-1.253272303145231,-1.0316739665618602,0.8363803421822231,1.4983350022821045,-0.5644416714715439,-1.213330507742953,1,0
3.240950243910943,0.527786204623669,-0.4841095656826135,-0.1442886061152167,1.804191914429308,-0.5296711361632216,1.217080913088283,-1.454869828360861,1,0
0.6451392118103967,0.0384157322844237,-1.1144510491472286,-0.0691911840742046,0.5186526011119893,-0.5062164691469462,-0.7006996773682431,-0.9798424978123084,1,0
-1.0633427750518325,-0.2666522325163766,0.3554601235684643,0.3947017520778703,-0.1478149809856102,0.0814662997999298,-0.194307983811854,0.9866901375518266,0,2
2.2709010691546188,1.084298666261761,1.485956651341673,0.4498365682598793,2.085056215927857,-0.3265697009381195,-0.8816991180369926,0.511662807003274,1,0
-0.5890806991485937,-0.0787447859551746,2.027957336807559,-2.7498839708546376,-0.0887164508786237,0.8420743592335335,-0.5115654303773025,-2.016448748797498,0,1
1.190380495622635,0.4029651909607121,-0.8235242106250985,0.9027976012034526,-1.0734969080079129,4.614515481596752,1.17437317989678,-0.1082881159160237,0,2
-0.9370389213791768,-0.0314299612814908,1.0615222910319906,1.8206021705781008,-0.5860803181156382,-0.6735953654294244,-0.2919256596781458,-0.3357376428312204,1,2
0.2986041315930268,0.8085208310208601,0.1741290118868634,-0.8895592248513371,0.3314097334462897,-0.1045259194052839,-0.5339361477633278,0.2721363140571816,0,1
0.3434331050092368,-1.180954892163088,-1.7016184584019385,0.2497352095303468,-0.4386265598288999,-1.3040511744260213,0.6578129784376524,-0.2753528126767432,0,2
-0.8929215189695733,0.377730617801414,-0.7909776008360929,0.986450425755466,-0.6545409916059097,0.2540155635609456,-1.0220245270947872,2.2084765343440784,0,2
-1.1956949822806429,0.2069466315983072,-0.0968713308460794,0.422744460308375,-0.8101866253530224,-0.367509610699995,0.2449715575864594,3.09613353761489,0,2
-1.183420382416681,0.9581258004652706,0.1143495245193021,0.7236094486119234,-0.0085530981592461,0.3463301247231998,-1.111507396638888,-0.2834041233640073,0,1
-0.5465643315038549,-0.1368744276971291,-0.5186488250505379,-1.6847363582349657,0.040598154603,-0.3374744759837627,-0.3712400213195079,-0.7101235897889778,0,1
-0.6666419388687033,-0.4360843665859494,-1.0035268892540876,-0.5782376334787868,-0.1027596659535511,-0.2834676375034011,-1.1501477266692952,-0.7201877281480574,1,2
-1.3147052331355815,-0.8650721102940173,-0.5106782267348627,0.0277700443838111,-1.2466965605986846,0.6722982925746424,-0.8288228769427513,0.5559450157832236,0,2
0.0369238939134828,0.0203910371706391,-2.337937890603309,-0.4080801835377593,-0.3040457486941782,2.2459231363379364,0.0578710121760666,-0.5450717207000739,0,2
1.6032695722060617,1.4492987423158938,-0.4170236965256841,0.2834815194348525,2.5689620020514,-0.90898809572503,-0.8044184579761782,0.2459695543235751,1,0
-0.5045816421140707,-1.292708001868551,-0.2436631831597574,0.4217938600293746,-0.2976092751181698,-1.2633462813677157,3.063681948225637,-1.726601564056008,1,2
-0.7701755203299504,2.15676802553193,0.4577494686196246,-0.5820400345947875,1.6210449844937955,-0.3959936351726661,-0.942710165453425,-0.535007582340995,1,1
2.125029012800285,-0.2053682691295098,0.3899993829363891,-1.6486135476329598,-0.0822799773026153,1.0546234659421452,-0.5054643256356592,0.7914458533856844,1,0
-0.7461599988569807,0.2803972641869786,0.5095583576715108,0.4650461727238816,-1.8324156560154512,0.1590218119779947,-0.7718792326874142,-0.3035324000821659,0,2
-0.6986626341659962,-0.752417765832865,0.7101517486159928,-1.6923411604669667,-1.565009435630374,0.4092205945985033,-1.062698558705742,-1.295856442287405,0,2
-0.8351063746827944,-1.2206092214134137,-0.9012375442029278,0.3048700257123557,-0.5094277691649925,-0.9341818863477224,0.3812295634831585,-1.0039964298740995,0,2
-0.3775662174348088,1.2456196875301309,-0.8109040966252802,-0.1908680197862241,0.2553423184570992,-0.1315998436565359,0.6679814863403909,0.014494372064746,1,1
0.2905989577687035,-2.047942727136116,1.7609422932324537,1.957488610754123,-0.3467605278804159,-1.238058484063595,-0.3081952723225278,-0.0257621813715718,1,2
0.5449855926305306,0.0059712810796116,-0.0749521854779738,-0.4294686898152627,-0.2186161903217028,0.149574140494485,0.820509104881472,0.6646377100612821,1,1
-0.6716229359149489,-1.1814055095409326,0.675612489248069,-0.543065423155781,-1.5585729620543656,-0.2079332689760371,1.076755504030488,-1.0060092575459156,0,2
0.371895945273497,-1.1160659897534644,-1.4312823321953014,0.6822583364754166,-1.2461114266372293,1.108348284378223,0.3324207255500127,1.8059109999808984,0,2
-0.0575371572135313,-1.5391957075495522,1.4480963093422174,-0.380512775446755,-0.6995963066379686,-1.162477112195517,1.7295737113863154,-1.3924721705345684,1,2
0.0600499516281943,-0.0377386045713153,-1.3110591409338737,-0.0977091924442093,-0.630550499186242,1.6091218763449524,-0.3509030055140305,-1.5877164547007103,0,2
-1.0030371322419305,0.6909096954034173,1.995410727018554,-0.1119681966292116,-0.985726813789616,1.0594178066949709,-0.4159814560915584,0.1775334134818345,0,2
-0.8790458843407463,-0.731689366452013,0.04593522230976,0.0843307609843201,-1.4210664811123674,0.7529090218991158,-0.814586965878917,0.6183426736095163,0,2
0.2069893644924386,-0.0787447859551746,0.6676418909323939,1.0368322405424744,0.7632385970003094,-0.6286601717068608,0.8998234665228342,0.4613421152078765,0,1
-1.3004738130034514,1.4443419511596032,-0.644185748522416,0.3619060424523649,0.6175402405979369,-0.9987644764887292,1.6868659781948123,1.5301536089421204,0,1
0.0552468473336004,-1.5549673157741135,0.5560535145129474,0.2269208028343432,0.4893959030392237,0.2252025157032766,-0.6071494046630467,-0.3135965384412456,1,2
-0.3483918061639419,-1.4499734667363195,-1.40869897030089,1.07152915072598,-0.8347622517341454,-1.3409017935457803,0.2307356465226253,-1.72056308104056,0,2
-0.7546988509362588,-0.0377386045713153,-0.265582328527863,-0.1556958094632186,-0.4567657126340145,0.6431092179912616,-0.4769925035079909,-1.036201672623154,0,2
-0.8653481424635711,1.9454284753228088,-0.3439598786319984,0.2858580201323529,-0.2993646770025358,1.1013917899525545,-0.596980896760308,0.3707648699761604,0,1
0.323331224072603,-0.8547079106035913,0.3043154510428846,0.8139164751169381,-0.4351157560601679,-0.5213515448568473,0.3527577413554901,-0.5209177886382836,0,2
-0.7516746741581812,-0.1616583834785828,-0.4787958334721638,0.4954653816518866,-0.4883629465526012,-0.7570262951967367,0.1168483580119513,-0.6899953130708192,1,2
-0.7497178538900133,1.3262801981643155,0.900781891665882,-0.1062645949552105,0.3138557146026303,0.3729810189080257,-0.4139477545110107,0.4532908045206124,0,1
-1.070458485117897,-1.391843824994365,0.4318450240936815,-1.2788300391019,-1.7651252504480903,0.6849891945674166,-0.6966322742071476,-0.2914554340512708,0,2
0.5816314994707659,-0.3621831166194336,1.713118703338405,0.0277700443838111,-0.8248149743894053,0.1032758498912158,0.5113864646382145,1.0631775890808313,0,2
-0.2964471226816667,-0.0602694734635458,-0.8686909344139223,-1.904800322823501,0.5414728256087464,0.4756363150273555,1.7763488477389136,-0.8792011142215135,0,1
0.6824966896572385,-0.8096461728191303,0.2757541404117171,-0.5516208256667825,0.5590268444524058,-0.2243844382259298,0.3324207255500127,1.6227436818456504,1,0
-0.6324865305515908,0.797255396574745,0.3129502658848654,0.7621087599114296,0.7573872573857563,-0.654935039165975,-1.111507396638888,-1.5836907993570788,1,1
-0.9662133326500438,0.1393540249216159,-0.2562832971595757,0.541569495183394,0.3249732598702813,-0.9967433328380282,-0.3020941675808845,0.8276767514783705,0,1
0.2704970768320697,1.839533391529325,1.086762519031627,-0.7450679824433138,1.418588633830258,-0.9789290667074304,-0.2898919580975981,-0.770508419943455,1,1
0.1619824983245768,-0.984035098044994,0.5693378450390713,0.7659111610274303,-0.2004770375165881,1.0568796262964162,0.7086555179513461,-0.8168034563952208,0,2
-0.3894850317954679,0.012730541747281,-0.4887590813667571,0.917531905527955,-0.0729178339193303,-0.8736885868488319,-1.1806532503775116,0.5740604648295667,0,1
-0.7196539788608882,2.1256754264606523,-0.7444824439946569,1.495496875160048,-0.1326014979877721,1.104776030483961,-0.1109262190093963,1.1255752469071232,1,1
1.5529259234886512,-1.0912820339720108,0.7878650821938222,0.6969926407999194,0.1336344544743944,-0.4901883299634794,1.0279466660973422,2.443977371946539,1,0
2.696954209360267,0.986064077891636,-0.1632929834767031,-1.371513566304415,1.8018513785834869,-0.7017033631763837,-0.7556096200430322,-0.0338134920588352,1,0
-0.9599870863422368,-1.465294457583036,0.8708921479821014,-0.5516208256667825,-0.0524381452683944,-0.3187671463795991,-0.8857665211980881,1.053113450721751,1,2
-1.4161041015770093,-0.0386398393270044,1.5570278196564398,-0.8748249205268348,-0.3175038298076503,-0.4553588544944212,0.1290505674952379,-0.7523929708971119,1,1
-1.2901560334076572,-0.6735597247100585,-0.4389428418937897,0.3200796301763583,0.0271400734895278,-1.0155446691236196,0.6293411563099838,1.2342679411851818,0,2
-0.8205191690473609,0.4646997717254237,1.0356178465060473,0.8647735900434464,-0.2057432431696859,-0.2971456096511689,-0.7657781279457709,-1.048278638654049,1,1
0.6791167273758577,0.5165207701775537,0.928678985770744,-0.5920213375242891,1.670781371217497,-0.7953340178786295,-0.3427681991918395,0.487508874941483,1,0
-1.102657073166842,-0.8835474227856461,-0.0915575986356296,-0.9793909512168516,-0.6293802312633313,1.9089091834187084,0.8388124191064017,0.5921759138759098,0,2
-0.6342654580681071,-1.440510501801583,-0.2463200492649823,0.3405175361748615,-0.3976671825270281,-0.0184628025579889,0.1554886880423586,-0.4887125458892291,0,2
1.6728256381018478,-2.108325455767293,-2.5843622218629214,-2.175246102199045,-0.1074407376451937,-0.3951005716991005,0.5744312136351947,-0.5672128250900487,1,0
1.6023801084478038,-1.3846339469488511,-2.1705553259741386,-0.8287208069953272,0.0201184659520641,-0.5353115370488991,-0.0763532921400846,-1.0060092575459156,1,0
0.2710307550870245,-0.6884300981789305,-0.6667691104168275,-0.1561711096027186,0.6192956424823028,-0.7395410524511367,0.1717583006867406,-0.2995067447385342,0,1
1.1245601775115324,0.2637244212067282,-0.2104523568444457,-1.1680851065983822,0.4086474163583907,-0.9937351190323336,-0.4708913987663475,-0.214967982522266,0,0
-0.0703454353324485,-1.1588746406487025,-1.292461078197299,-0.1633006116952198,-1.958219457728343,2.081317437157583,-1.0565974539640988,0.99474144823909,0,2
-0.6114951858566988,0.6976689560710867,-2.645470142283095,-1.6077377356359532,0.8931383364433885,-1.2948385196460812,-0.9915190033865708,-1.0321760172795222,1,1
0.2295817439521952,-0.7352943054747698,-0.7046294524162828,-0.5582750276197836,-0.0916421206859002,-0.7648288497552572,0.4178361919330179,0.1875975518409141,1,2
2.418907838528773,-0.2175349383313141,-0.8627129856771665,0.0201652421518099,1.6567381561425694,0.6405240342519928,1.0259129645167944,-0.7141492451326096,1,0
-0.9397073126539512,-0.4532078269440447,-1.141019710199478,1.5834274009675626,-0.8921053799567661,0.2805254477236296,2.412897442450358,-1.3260488573646438,0,2
-0.4519253876251891,1.3519653887014589,-1.3940862067221529,-1.3520262605849118,1.2383673737020222,-1.2011608616031215,0.385296966644254,2.204450879000446,0,1
1.0695913172511795,1.81159511410296,1.394958987237719,0.796330369955435,1.7924892352002015,-0.986261587858811,-0.6335875252101674,0.841766545181082,1,0
3.223872539752388,0.2294775004905376,-1.9526923053456944,-0.604379141151291,1.7450933843223215,-1.1214901990929278,-0.5725764777937349,-1.070419743044024,1,0
0.958230454717261,1.1329653430689788,-1.5807310506142038,0.0339489461973119,1.0119205306188166,0.3521585389717331,0.6374759626321747,-0.3075580554257976,0,0
-0.7429579293272514,1.754366707116694,-0.0722953193727494,-0.572058731665286,0.6292429198270431,-1.019022916336454,0.0477025042733279,1.0148697249572494,1,1
-1.2129505791908508,-0.6906831850681534,0.8383455381930963,-0.0016985642651938,-0.4485738371736401,-0.1720697200112714,-0.6376549283712629,1.25037056255971,0,2
0.4492792922419551,0.1650392154587586,-1.2047844967248762,1.5473045903655565,0.9048410156724946,-1.2345802368507606,-1.0260919302558826,-0.3055452277539821,0,0
-0.8283464501200325,0.4110763037619151,-0.7531172588366382,-1.285008940915401,0.3992852729751057,0.0039107876218649,-0.2939593612586935,-0.186788395116844,0,1
-0.6751807909479813,1.5263543139273223,1.07214975545289,-0.0549321798892023,0.76440886492322,0.1950263709649022,0.7513632511428486,-1.1770996096502668,1,1
-0.1160638725069166,1.4695765243189014,-0.5505312183132368,-1.6543171493069606,-0.583739782269817,0.7827091399117784,-0.9569460765172592,0.7914458533856844,1,1
0.137611191348304,-0.1972571563283069,-1.016147003253906,1.2369335992720063,-0.3520267335335138,-0.5297181395039355,-0.7474748137208412,0.3949188020379514,1,2
-0.4665125932606225,1.5691629648225598,-2.001844328292356,-0.4584619983247674,1.341350950918157,-0.6815859333508009,-0.6295201220490719,-0.4746227521865178,1,1
2.087493642201791,1.6160271721183994,0.1980408068338878,-0.9285338362903436,1.0786258022247222,2.443290163995933,-1.0565974539640988,-0.913419184642384,1,0
0.6864103301935743,-0.0070966228778819,0.7433625749313045,0.943198113060959,0.5145566633818022,2.327990969224542,-1.0220245270947872,0.121174238670989,0,2
1.057316717387217,1.5637555562884249,1.4301624631319496,-0.3396369634497484,0.8387208780280445,0.0768129690692458,-0.4139477545110107,-0.4162507497038561,1,0
-0.7614587754990206,0.5476133692488316,1.9582146015454047,0.2459328084143463,-1.653364663810126,1.121039186370997,3.1409626082864524,1.3047169096987383,0,2
-0.0438394153363558,-1.616701896538825,-1.1509829580940714,-0.456560797766767,0.1506033393565985,-1.0190699196771682,1.0950588182554175,-0.5511102037155218,0,2
-0.9423757039287256,-1.2521524378625364,0.1223201228349772,2.2944764096596773,-0.4105401296790448,0.0047098444140023,-0.3956444402860808,0.097020306609198,0,2
-0.2909324473804662,0.9500146876640674,-1.0892108211475915,0.9555559166879612,-0.3514415995720584,-0.0802251922561571,0.556127899410265,0.0909818235937508,0,1
1.6934611972934364,0.8342060215580032,0.9957648549276727,-1.997483850026016,2.1991573384116427,0.6434382413762595,0.507319061477119,0.4009572850533993,1,0
1.5372713613433082,1.0500517455455705,-0.4754747508406323,0.1465950792588301,1.048783970190501,-0.8017734755564445,-0.5197002366994935,-0.4605329584838064,1,0
1.922942846924036,-0.7609794960119125,0.2950164196745973,-0.2517064376422341,0.6877563159725743,0.3201022606047997,1.0747218024499403,0.4392010108179017,1,0
-0.7118266977882166,0.3524960446421161,0.625132033248795,0.5905254095519018,-0.531077725738839,0.1656022796779516,-0.5034306240551115,0.0487124424856167,0,1
2.3294277844480047,-1.3350660353859445,-0.505364494524413,1.308228620197018,1.405715686678241,-0.3406707031523131,1.5465405691370178,-0.2954810893949025,1,0
0.6860545446902712,-0.702849854269958,0.1256412054665082,-0.4755728033467701,0.3436975466368512,-0.8437004554733135,3.913769208894596,0.2882389354317092,0,1
-0.8335053399179296,-1.0218869577839411,2.2916512977511334,-0.4061789829797589,-0.6053897388436636,0.5285150733305816,0.0782080279815442,0.0305969934392736,0,2
-1.321643050449995,-0.5401769808680542,-0.4894232978930632,-0.0639628825397036,-1.2326533455237572,-0.0447846733578171,-1.0545637523835512,1.0591519337371988,0,2
-0.8833153103803854,-1.4716031008728605,2.2916512977511334,0.6575427292214127,-1.393565184923968,-0.367462607359281,-0.7718792326874142,-0.0780957008387848,0,2
-0.489638650975334,-1.0133252276048936,1.0336251969271286,-0.7802401927663195,-0.5948573275374679,-1.194110360496025,-1.1237096061221743,0.2781747970726295,1,2
-1.0558712794824638,1.3533172408349925,-0.6913451218901581,2.009296325959631,1.1488418775993594,-1.096437418492377,-0.3651389165778648,0.2721363140571816,1,1
-1.29157917542087,-0.4320288101853481,1.4328193292371738,0.4807310773273843,0.7398332385420969,-1.052301281561951,0.836778717525854,1.0209082079726972,1,1
1.0948520879857109,-0.2292509901552741,1.3278731180807892,0.7887255677234342,1.223153890704184,-0.3824566730470403,1.414349966401414,1.254396217903341,0,0
0.4032050695641835,-0.0431460131054505,0.8708921479821014,0.0615163542883165,0.0078306527615026,-0.2663114181427988,-0.6193516141463331,-1.6903706659633218,1,1
0.5469424128986984,-2.008739015263634,0.7911861648253532,2.1727995739476578,-0.3169186958461951,0.2310309299518101,-0.9528786733561636,-0.2914554340512708,0,2
0.5053155090122176,1.648922240701056,-0.0656531541096865,-0.2650148415482361,0.6637658235529065,0.6625215977061348,-0.6966322742071476,1.361076084509584,1,1
-1.1371682669872576,0.638187462195598,1.660645597760212,0.485484078722385,0.1558695450096963,-1.1750270041661497,-0.7149355884320773,1.743513342154605,1,1
-0.6198561451843253,1.261391295754692,0.7546542558785106,-0.962755446334349,-0.072332699957875,0.5718991568095837,-1.1481140250887474,-0.0156980430124921,0,1
1.357599682175164,-0.3279361959032434,-0.058346772320318,-0.6671187595653011,1.4776871639372444,-0.7712683074330723,-0.548172058827162,0.280187624744445,1,0
0.216773465833278,-1.0097202885821366,-0.0749521854779738,1.0819857537949815,-0.2636715053537618,-0.1732448035291209,0.2205671386198864,0.2822004524162612,0,2
-0.4437423210492142,-0.4676275830350722,-0.9882499091490444,-1.0269209651668594,0.4695013483497431,-0.8803630612302168,-0.8044184579761782,-0.5410460653564422,1,1
-0.992363567142833,-1.5234240993249908,0.0612122024148036,0.2872839205508529,-2.164771746122068,-0.802478525667154,0.7147566226929892,-1.142881539229397,0,2
0.979755477667108,0.9892183995365486,0.4982666767243047,1.2716305094555125,-0.8084312234686564,0.8684902367147895,-0.90203613384247,-0.4102122666884089,1,2
-0.6002879425026462,0.4345084074098349,1.9475871371245044,0.070547056938818,-0.2390958789726387,-0.2365113001301362,-0.3570041102556738,-0.2934682617230862,0,1
-0.0808411076798943,0.7711195886597577,1.8731948861782068,-0.1205235991402128,-0.6603923312204628,2.9267195232392043,0.2836118876168667,0.1513666537482272,0,2
-1.1562027914139816,1.7169654647555914,0.117670607150833,-0.2773726451752383,1.339595549033791,-0.02485525689509,0.674082591082034,-0.1706857737423164,0,1
-0.8845605596419468,0.6318788189057734,-1.2911326451446865,0.4493612681203792,-0.6106559444967613,0.920522934885164,-0.7942499500734395,-2.2519495863999577,0,2
-0.4682915207771388,-0.2792695190960257,2.2916512977511334,0.158477582746332,-0.85290140453926,-0.3109175884803646,-0.7006996773682431,-0.8248547670824842,1,2
0.1774591677182685,-0.3761522553326166,0.0273371595731854,-0.0872525893752074,-0.5620898256959704,0.1925821972477754,-0.9406764638728772,0.8115741301038429,0,2
0.5152775031047088,-0.7835103649041429,-0.634222500627822,0.0733988577758184,-0.3672402165313518,0.4284919642912346,0.8550820317507837,0.2499952096672068,0,2
-1.1759488868473122,-0.2887324840307625,-0.0450624417941941,0.0643681551253169,-2.006785576529134,-0.7278372206133559,1.432653280626344,-0.6980466237580827,1,2
-0.2756336707384263,1.0234653202527384,1.4567311241841991,-2.224677316707053,0.0517156998706509,0.2329110635803691,-0.0316118573680341,0.2721363140571816,1,1
-1.0160233031124994,-1.79514637816529,1.455402691131586,-0.009778666636695,-2.117961029205643,1.4682998675658718,0.2592074686502937,2.4319004059156435,0,2
-0.381301965219493,-0.1373250450749739,0.3182639980953161,0.733590751541425,0.96159900993366,-0.1670403625548757,-1.1501477266692952,0.0205328550801939,0,1
-0.453348529638402,0.8995455413454709,-0.659462728627459,-0.9465952415913464,-0.7990690800853715,2.7868845846151173,0.0355002947900415,2.156143014876865,0,2
-1.071170056124504,-1.3183931924056935,-0.2901583400011934,-1.3748406672809157,-1.2525479002132378,0.0093631751446863,-0.5420709540855188,0.6304196396404121,0,2
0.3074987691756081,0.3209528281929933,-0.5120066597874754,1.07247975100498,-0.1981365016707669,0.20456804912984,0.7594980574650397,0.753202127621182,0,1
0.0111294449239967,1.347459214923013,-1.9334300260828137,-1.0359516678173608,1.6029058316886808,-1.255919753534907,-1.1481140250887474,-0.1525703246959733,1,1
0.4437646169407546,0.2862552900989586,-0.2782024425276813,0.924186107480956,0.8398911459509552,-0.9014675612107932,1.4692599090762033,0.0004045783620346,1,1
-0.0726580411039195,-0.52215228575427,-0.3997540668417222,-0.5264299182732786,0.0774615941746846,-0.4622683455793761,0.3974991761275405,-2.336488348616226,1,1
-1.1843098461749388,-1.0534301742330638,-1.9367511087143443,-0.6248170471497945,-0.6931598330619602,-0.612679035864108,1.5628101817813995,-0.0418648027460986,0,2
-1.0606743837770578,-0.1715719657911641,0.489631861882324,1.4907438737650474,-0.7253422009420023,1.00494093480747,-0.3407344976112918,-0.1485446693523416,0,2
-1.0421735376052883,-0.0390904567048492,-0.2456558327386762,1.828206972810102,-1.151319724881469,0.0186228332653402,1.4773947153983944,-0.2028910164913709,0,2
-0.6177214321645058,-1.1805042747852434,-0.8899458632557218,0.7711394625619311,-2.146047459355498,0.014533542623224,1.375709636371007,-0.9738040147968612,0,2
1.0482441870529844,-0.1823867828594348,-0.9158503077816648,0.2977405236198545,0.2377882996134399,-1.2395625909664425,1.4509565948512737,-2.5337454604541843,1,0
-0.5821428818341803,-1.2224116909247922,0.0645332850463346,0.7739912633989318,-0.2888322656963402,0.2283987428718272,-0.1719372664258287,-1.811140326272276,0,2
0.1333417653086648,-0.3193744657241959,-0.2549548641069635,-1.492715101876935,-0.8856689063807578,-0.0106602479994685,-0.1841394759091151,1.5522947133320952,1,2
-0.5495885082819325,-0.6555350295962742,-2.411665925023301,-1.03024806614336,-0.450329239058006,-0.6146531761740952,-0.5603742683104485,-1.19521505869661,1,2
-1.336941827092035,1.5592493825099785,-1.125078513568128,0.0239676432678103,0.3501340202128596,-0.4045012398418963,-0.9528786733561636,-2.3546037976625693,1,1
-0.6504536984684052,0.7328171115429662,1.59223129555067,1.582001500549062,0.1154953016692798,-0.7828781325894251,-0.6071494046630467,0.6726890207485455,1,1
-1.1439281915500197,0.8414158996035168,-0.0018883675842886,1.2131685922970024,-0.6557112595288204,-0.2270166253059126,0.8022057906565423,-0.9174448399860158,0,1
-0.6693103301434776,-1.599127818802885,1.0728139719791965,-0.2502805372237338,-0.4064441919488578,0.0416074668744757,-0.3061615707419801,1.8099366553245293,0,2
1.090760554697723,-0.1111892371599864,-0.7365118456789823,-1.7508030776254764,1.1593742889055552,-0.8673901391931588,-0.3102289739030755,-1.432728723970886,1,0
0.9381285737806272,0.1226811819413654,-2.234320112499537,-0.4622643994407682,-0.0898867188015343,0.7904646911295848,-0.6559582425961926,0.9826644822081948,1,2
-1.0642322388100902,0.2475021956043223,0.7008527172477056,-0.6794765631923031,-0.0173301075810758,-0.5051823956512387,2.734222292176903,0.6022400522349894,1,1
-0.4698925555420034,0.96984185228923,-0.4648472864197328,-0.4228144878622616,-1.0881252570442952,3.145661084284917,-0.5847786872770214,-1.591742110044343,0,2
1.6664214990423891,0.8801689940981531,0.3846856507259393,0.1503974803748309,1.7246136956713856,-0.7023614099463795,-0.4017455450277242,0.5619834987986716,1,0
-1.0750836966608397,-0.1319176365408385,0.2823963056747791,-0.7422161816063133,-1.1747250833396814,-0.0082630776230557,-0.6356212267907151,1.0068184142699852,1,2
-0.6508094839717085,-1.2291709515924611,-1.1297280292522718,-0.4023765818637584,-0.9213620780295316,-0.3906822576719865,-0.90203613384247,-0.0096595599970442,0,2
-0.2799030967780655,0.3646627138439203,-0.970980279465082,0.45458956965488,1.1266067870640577,-0.1147256443402174,-0.6925648710460521,-0.0660187348078896,1,1
0.0972295367233844,0.0325577063724437,-1.5335716772464616,-0.3225261584277454,-0.1419636413710571,-1.3742271621119913,0.8835538538784522,-0.5168921332946511,0,1
-1.082555192230208,0.3497923403750483,-2.074908146186041,-0.8006780987648228,0.1271979808983861,-1.1991397179524206,-1.0749007681890286,0.9222796520537176,1,1
1.7000432291045469,0.765261562747778,-3.604598806269295,-0.3952470797712573,1.8632904445362943,0.0674123009264501,-0.741373708979198,-0.4142379220320406,0,0
0.1824401647645141,-0.8934610050982276,-1.0267744676748058,1.4441644600940402,-0.997429493018722,0.3179401069319568,-0.6213853157268809,-0.8610856651751704,1,2
0.1650066751026545,-0.3896707766679547,-1.1569609068308275,-0.9000158279203389,-1.0887103910057507,2.5525729311559333,-1.0382941397391692,-1.2596255441947188,0,2
-0.0975630263351475,-0.7510659136993312,-0.8228599940987924,1.407091049213034,-1.8850777125464293,1.2381245080895185,-0.2858245549365025,0.729048195559391,0,2
1.6511227224003493,-0.1238065237396355,-0.2416705335808386,-0.0625369821212035,0.6151997047521157,0.7505118515227028,-0.5705427762131873,0.2479823819953905,1,0
-0.8470251890434535,0.4155824775403612,-0.3798275710525349,-0.480801104881271,-0.7762488555886142,0.8767628246804497,0.7330599369179189,-0.3820326792829862,0,2
-0.6050910467972402,0.823841821867577,-0.347945177789836,-1.1524002019948796,0.8410614138738658,-1.136390258099259,-0.3976781418666287,-0.398135300657513,1,1
0.0703677312239889,0.2794960294312892,-0.7491319596788005,-0.0858266889567073,-0.1051002017993724,-0.1811413647690693,-0.1475328474592557,-0.4363790264220154,0,1
-1.2520869845542089,-1.5351401511489506,0.7765734012466162,0.1347125757713282,-0.8956161837254979,-0.321164316756012,-0.8491598927482287,-0.3941096453138813,0,2
-0.2918219111387244,1.4200086127559948,0.8762058801925511,-1.8558444084549928,1.838714818155172,0.3518765189274493,-1.0342267365780735,0.9001385476637429,1,1
2.68966060654255,0.8026628051088804,-0.1327390232666164,-0.0154822683106958,1.6005652958428596,1.4116608420055277,-0.9223731496479476,-0.3055452277539821,1,0
0.0709014094789438,-1.0601894349007328,1.2833706108182716,0.0909849629373212,-1.0284415929758537,0.5539438806568439,-1.0077886160309528,0.4915345302851147,0,2
1.6867012727306747,0.3290639409941963,0.2392222314648736,0.9546053164089606,-1.1875980304916982,3.455648116293607,-0.4790262050885385,0.0346226487829053,0,2
0.3847042233924142,-1.331010478985343,-0.7796859198888874,2.3581666283526874,-0.2080837790155072,-0.5770505036029122,1.4367206837874391,0.1936360348563613,0,2
-0.782805905697216,-1.0475721483210838,1.3750324914485323,0.2720743160868506,-1.2940924114765648,-0.0067119673794942,0.4666450298661638,-0.9577013934223336,0,2
2.4850839421431785,-0.2941398925648977,-0.2290504195810203,0.9308403094339568,1.625726056185438,-0.8695522928660018,-0.6274864204685241,1.1577804896561783,1,0
-1.2330524601274848,0.3781812351792588,1.806773233547584,0.3409928363143618,-0.583739782269817,-0.7116210680670333,0.4483417156412341,1.8320777597145053,1,1
3.052917605415173,-1.6559056084113055,1.650018133339313,2.3153896157976805,0.0973561488641652,1.620496684797735,-0.6315538236296196,-1.3240360296928275,0,0
0.9283444724397876,-1.4738561877620835,1.0960615503999145,-0.1376344041622156,-0.4772454012849504,0.9239071754165704,-0.6823963631433133,0.5740604648295667,1,2
-0.2032313208162141,-1.901041461958773,-1.3416131011439605,1.2269522963425048,-0.2718633808141362,-0.2486851653750567,-0.3834422308027945,0.6284068119685959,0,2
-0.8692617829999069,-0.3243312568804866,-0.5857346942074673,-0.6552362560777992,0.2828436146454988,-0.4387196718816728,-0.2980267644197891,-2.032551370172025,0,1
-1.2561785178421965,1.5497864175752418,0.6257962497751016,0.8980445998084519,-1.347339601968998,1.8509070609776583,-0.8796654164564449,-1.497139209468995,0,2
-0.7185866223509785,-0.3964300373356241,1.5025620644993292,0.0643681551253169,0.0370873508342681,-0.8352868574855113,0.7188240258540846,0.0104687167211143,0,1
0.4987334772011075,1.4948110974781996,-1.0759264906214672,-0.6523844552407988,0.6988738612402251,0.1722767540593366,-0.8837328196175404,0.3144056951653157,1,1
1.5168136949033708,-0.0589176213300119,-0.844779139466898,-0.1043633943972101,-0.4672981239402101,3.2872821498561344,-0.9793167939032844,1.0571391060653834,1,2
2.191027223663039,-2.0145970411756147,0.6404090133538386,1.2174462935525032,0.0692697187143102,-1.1732878805597324,-0.1597350569425421,-0.2089294995068188,1,0
-0.2686958534240128,1.5844839556692767,0.7978283300884161,-1.6063118352174528,1.1020311606829345,-0.9812322304024154,-0.7617107247846755,0.3586879039452653,1,1
-0.6164761829029444,1.7998790622789995,0.96454667819128,1.1228615657919878,0.5198228690348999,-0.8693642795031459,-0.5258013414411368,0.1332512047018841,1,1
0.1521983969837374,1.6268419891866697,0.8874975611397572,0.8856867961814497,1.4209291696760793,0.7185025764964833,-0.5054643256356592,0.062802236188328,1,1
0.695127075024504,-0.0111521792784833,-0.5704577141024241,-1.0749262792563672,0.1511884733180538,-0.5848530581614326,-0.2715886438726684,0.8920872369764794,1,1
-0.9964551004308204,1.0946628659521866,0.1309549376769579,-0.5250040178547782,-1.4608555904913287,-0.2844547076583946,-0.6803626615627656,-0.4746227521865178,1,1
-0.2169290626933893,-0.0179114399461523,-0.0709668863201363,0.6927149395444187,-0.0717475659964197,0.6004771879636827,-0.4891947129912773,-1.2032663693838734,0,2
-1.2919349609241733,0.9175702364592556,1.2096425763982797,-0.9542000438233476,1.1301175908327896,-0.8364149376626469,-0.5420709540855188,-0.2834041233640073,1,1
-1.1167106005473204,-2.213769922182932,-0.8786541823085157,-0.5877436362687883,-0.8763067629974725,-0.8587885278425007,-1.1399792187665565,-0.4947510289046763,0,2
-0.5782292412978445,-0.6496770036842942,0.2724330577801852,-0.2246143296907298,-1.3075504925900372,2.4550409991744275,-0.7373063058181025,1.189985732405232,0,2
-0.042772058826446,1.0635702668809086,0.3441684426212592,1.8424659769951044,0.9101072213255924,-0.1849956387076155,1.308597484212931,1.105446970188964,0,1
0.5433845578656659,1.1906443674330889,-1.6199198256662717,1.5050028779500495,2.0879818857351338,-1.1534524707784333,0.0375339963705892,1.3691273951968477,1,0
-0.3012502269762607,-0.0386398393270044,-0.7484677431524944,0.5819700070409008,-0.2215418601289794,-0.681491926669373,2.986401288164823,1.0329851740035916,0,1
0.7769577407842527,-0.5582016759818386,1.756956994074616,-1.786925888227482,0.7708453384992284,-0.4100006307054317,0.2063312275560523,0.5418552220805123,1,0
-0.805220392405321,-1.1633808144271482,-0.8726762335717598,-0.5948731383612895,-0.8885945761880343,0.9445416419900072,-0.5013969224745638,0.0185200274083777,0,2
0.6072480557086001,-1.5585722547968703,0.5022519758821423,-1.292138443007902,-0.3081416864243654,-0.7580603686924442,0.1412527769785243,0.8961128923201112,0,2
0.3379184297080363,0.0906873481143982,1.16381163608315,-0.4518077963717663,-1.862257488049672,0.0668012574971684,-0.16176875852309,-0.2934682617230862,1,2
-0.8986140870224253,0.6580146268207606,0.4431367050408875,-0.3562724683322511,-0.0922272546473556,-0.8919258830458557,-1.0281256318364305,-1.3904593428627527,1,1
-0.9596313008389336,0.1316935294982578,0.4271955084095383,-0.59772493919829,-1.3801071038104955,0.943084538427874,-1.1704847424747729,1.850193208760848,1,2
-0.5405159779476995,-0.6780658984885046,-0.3579084256844294,-0.1685289132297206,-0.2238823959748006,-0.4278148968360297,-0.4424195766386791,-0.9415987720478068,1,2
0.0894022556507129,-1.1606771101600806,1.545071922182928,-1.2422319283603942,-0.6486896519913565,0.2652023586508725,-0.2837908533559548,0.7833945426984202,1,2
-1.1846656316782422,-1.93889332169772,-1.536228543351687,-0.9599036454973484,-3.677928170445503,1.112249561657483,0.4097013856108271,-0.1485446693523416,0,2
1.2665185933295309,0.6260207929937937,0.0054180142050798,-0.0159575684501958,0.4695013483497431,-0.5226676383968387,-1.052530050803003,-0.0237493536997555,1,0
-0.4368045037348007,1.0221134681192046,1.3125961379757465,-0.8971640270833384,0.2553423184570992,-0.1954773836868329,0.0456688026927802,1.1134982808762288,1,1
-0.6269718552503903,1.4443419511596032,0.8569436009296709,-1.0754015793958671,0.9264909722463412,-0.0799901755525872,1.5628101817813995,-2.652502293091322,1,1
-0.2114143873921888,0.5440084302260748,0.3614380723052207,1.345777331217524,0.8486681553727848,-0.8131482840092273,-0.3285322881280052,-0.1726986014141326,1,1
-0.0159102533270504,-0.0341336655485582,0.2830605222010857,-0.3263285595437461,-0.3134078920774633,0.7532850486248278,0.2531063639086504,-0.812777801051589,0,2
0.6310856844299182,-1.077312895258828,0.6503722612484325,2.551613785129219,-0.921947211990987,1.151732367857225,-0.958979778097807,0.9142283413664544,0,2
-1.0379041115656495,2.216249519407418,1.053551692716315,0.2345256050663444,-1.2314830776008463,-0.3165109860253281,0.6395096642127224,1.9931039734597769,1,1
0.1803054517446944,-1.2016832915439402,-0.5312689390503561,2.087720848977144,-1.3824476396563168,1.7191096936156625,-0.3407344976112918,-1.5253187968744175,0,2
0.4357594431164313,-2.062813100604988,-0.0769448350568926,1.042060542076975,-0.734119210363832,-1.0527713149690907,0.8449135238480451,-1.036201672623154,1,2
1.9024851804840983,-0.4879053650380794,0.2438717471490177,0.169884786094334,1.7088150787120922,-1.2642393448412812,-0.474958801927443,0.1775334134818345,1,0
-1.2287830340878456,0.8116751526657727,-0.6030043238914291,0.7103010447059211,-0.3795280297219133,0.2907721759992769,0.7147566226929892,-1.1448943669012124,1,1
-1.327513511254499,-1.2197079866577245,-0.787656518204562,0.8766560935309482,-2.8236325867207483,-0.5213045415161334,1.119463237221991,0.4895217026132992,0,2
0.7963480507142799,-0.18779419139357,0.8848406950345318,0.1784401886053355,0.0540562357164721,2.0971575629781936,0.458510223543973,-0.2310706038967936,0,2
-0.4167026227981668,-0.7141152887160732,1.605515626076795,0.2140876990678412,-1.337392324624258,-0.0272994306122168,1.0665869961277497,0.2117514839027044,1,2
-0.939351527150648,-1.422035189309954,-0.2669107615804756,0.1831931900003362,-1.0898806589286614,0.1556375714465881,0.6883185021458683,0.3184313505089474,0,2
-0.2210205959813768,-1.0885783297049432,0.4922887279875484,-0.3543712677742507,-0.8224744385435839,-0.7393530390882808,-1.0443952444808124,1.471781606459458,0,2
0.93848435928393,-0.3247818742583311,-0.0158369146367191,0.45458956965488,0.7240346215828035,-0.5650176483801337,6.122369125369449,-0.0680315624797059,1,0
0.606358591950342,0.3232059150822166,-0.9749655786229195,-0.8791026217823353,0.3442826805983066,-0.2655593646913751,0.2551400654891983,-0.0156980430124921,1,1
0.2664055435440822,0.9878665474030148,-0.4269869444202775,-0.6129345436622925,0.9738868231242214,-0.8968142304801093,-0.0621173810762503,-0.6718798640244762,1,1
0.0965179657167781,1.666496318436996,1.0668360232424403,-1.3434708580739103,0.9885151721606042,-0.8061447862428445,-1.0403278413197168,-1.503177692484443,1,1
-0.9014603710488516,-0.2053682691295098,0.6158330018805077,0.0277700443838111,-0.8774770309203833,-0.9668022048032238,-0.9935527049671188,1.1940113877488645,0,2
-0.966569118153347,-1.013775844982738,-1.3230150384073858,1.5021510771130495,-0.5638452275803364,0.2485631760381242,2.2705383318120163,0.9283181350691656,0,2
-0.3145921833501328,-0.8533560584700574,0.3302198955688278,-0.3282297601017465,-1.016153779785292,0.2413246615681714,-0.8715306101342537,0.612304190594069,0,2
-0.2759894562417295,0.7188479728297832,1.7357020652328163,-0.5768117330602868,-0.4216576749466958,0.2359662807267779,-0.0173759463041999,1.1758959387025207,0,1
-0.664863011352187,0.157829337413245,-0.3452883116846111,-0.5159733152042767,-0.8066758215842906,-0.1783681676669447,0.7249251305957277,0.1171485833273573,0,2
0.3035851286392723,1.5696135822004047,-0.6933377714690768,-0.3301309606597468,1.3448617546868888,-0.9182007505049696,0.4036002808691837,0.6445094333431235,1,1
-0.4062069504507208,0.1114157474952502,0.517528955987186,-0.5487690248297821,0.0856534696350589,-0.0019176266266684,-0.5827449856964737,0.6324324673122277,1,1
-0.8717522815230296,-0.3991337416026915,0.2206241687282989,-0.3177731570327446,-0.4596913824412911,-0.4343953645359867,0.0212643837262072,0.6988557804821528,0,2
0.2285143874422856,1.0527554498126384,0.2266021174650553,0.6865360377309173,0.640360465094694,-0.8003163719943112,-0.4119140529304629,0.2741491417289978,0,1
0.7632599989070772,-0.2707077889169779,0.0964156783090341,0.1793907888843355,-0.9962592250958114,-0.5537838499494927,1.1296317451247295,0.8216382684629226,1,2
-0.7175192658410687,1.6025086507830613,0.3175997815690095,0.3024935250148553,0.207946467579219,1.2983827908848389,0.2673422749724847,-0.0458904580897303,0,1
-0.5800081688143607,0.6345825231728411,-1.169581020830646,0.0325230457788118,1.189216120939776,0.0898798977877318,-0.9081372385841132,-1.0583427770131288,1,1
5.732160338040333,0.1911750233737461,0.4351661067252124,-0.0810736875617066,3.3910752178961125,-1.182547538680386,-0.6295201220490719,0.4331625278024538,1,0
1.6173230995865404,0.5760022640530421,-0.6800534409429524,0.7616334597719296,-0.1905297601718479,1.766536064396067,-0.7535759184624845,0.7109327465130479,1,0
-0.2123038511504469,1.3992802133751423,-1.0599852939901175,0.5981302117839032,1.4841236375132527,-0.5581551606358928,-0.5074980272162071,-1.4890878987817315,1,1
-0.0660760092928092,0.4777676756829174,-2.391075212707808,0.0139863403383088,0.2073613336177637,-1.160831995270528,2.2013924780733927,3.176646644487527,1,1
0.2573330132098491,0.7954529270633669,0.2133177869389304,-1.6833104578164657,0.2494909788425461,-0.4261227765703265,-0.8328902801038467,-1.301894925302853,1,1
-0.8776227423275333,-0.8894054486976262,0.783215566509679,-0.3719573729357535,-0.2379256110497281,0.2502082929631133,0.118882059592499,-0.3256735044721407,0,2
0.0580931313600264,1.4817431935207055,-1.3774807935644968,-0.3439146647052489,1.5473181053504264,-0.0309656911879073,0.3324207255500127,1.4053582932895337,1,1
-0.7965036475743912,-0.5460350067800342,0.0824671312566026,-1.1866218120388852,-0.745236755631483,1.834831918453478,1.271990855763072,-0.9657527041095972,0,2
-0.8715743887713779,-0.6758128115992814,0.941299099770562,0.5995561122024033,-2.3953145269354605,0.9183607812123212,1.4794284169789422,-1.1046378134648946,0,2
-1.2549332685806347,1.520496288015342,-0.8461075725195106,-0.1295543017907144,0.6918522537027614,-0.4820567520199612,1.9227753615383512,-0.162634463055053,1,1
-1.2874876421328825,1.1329653430689788,-0.0922218151619362,-0.0815489877012066,0.7345670328889992,-0.003045706803804,-0.194307983811854,1.2342679411851818,1,1
0.6088490904734648,-1.9492575213881465,1.3305299841860143,-0.053506279470702,-1.3959057207697891,0.3422878374217978,0.2449715575864594,-1.3884465151909366,0,2
-1.1410819075235934,0.6873047563806605,1.41953499871105,-0.715599373794309,-0.1402082394866911,-0.0942321877889226,1.3309682015989566,0.3768033529916083,1,1
-0.3366508845549344,-0.7393498618753714,0.5254995543028601,-0.1466651068127171,-0.0155747056967098,-0.3570748690614917,-0.708834483690434,0.9766259991927468,0,2
1.6066495344874423,-0.5248559900213374,0.7566469054574294,1.3338948277300224,-0.0699921641120537,0.2818415412636211,1.1438676561885637,0.2137643115745206,0,0
-1.202810692346708,-1.3864364164602296,-0.7278770308370011,0.926087308038956,-1.577882382782391,0.6616755375732832,0.0660058184982576,-0.8027136626925094,0,2
-0.7639492740221434,-1.168337605583439,-0.462854636840814,0.9408216123634584,-0.6650734029121053,0.7691721777861525,-0.3081952723225278,-0.4585201308119902,0,2
0.3135471227317633,-0.9998067062695551,-1.6199198256662717,1.4821884712540458,0.117835837515101,-0.6137131093598156,-0.8898339243591834,2.411772129197484,1,2
0.9383064665322786,-1.2877512107122604,-0.2350283683177762,0.2083840973938402,0.0786318620975952,0.2258135591325583,0.385296966644254,0.5841246031886463,0,2
3.311751559068292,-0.1337201060522168,2.2903228646985214,1.4189735527005356,1.345446888648344,-0.022740106562961,1.998022320018618,-0.4504688201247268,1,0
-0.6616609418224577,0.4601935979469776,-1.0692843253584048,-1.1409929986468776,0.7480251140024713,-0.4300240538495867,-0.6518908394350971,-0.321647849128509,1,1
-0.1057460929111222,-0.9727696635988786,1.2083141433456674,-0.2483793366657334,0.6731279669361915,-0.9187647905935376,2.211560985976132,0.5982143968913577,0,1
0.7593463583707415,0.361508392199008,0.922036820507681,-2.0008109510025167,0.826433064837483,-0.7272261771840742,-0.8288228769427513,0.6243811566249643,1,1
0.7305277326031779,-0.1814855481037455,-0.4130383973678466,-2.113932384203535,-0.5983681313061998,0.1260254667967814,-0.806452159556726,-1.2817666485846937,0,2
3.842227744493444,-0.1652633225013396,-0.8089114470463614,0.4293986622613758,1.99611585378665,-1.211219576515913,-0.5217339382800412,1.0551262783935664,1,0
-0.9340147446010992,0.100150313049135,0.7373846261945483,0.0154122407568091,0.4899810370006791,-0.5097417197004945,-0.0865218000428233,-2.070795095936527,0,1
0.8459801284250841,0.9923727211814604,1.8990993307041504,-1.4109634778829214,1.396353543294956,-0.617097349891222,-0.9813504954838324,-0.1968525334759229,1,0
0.0906475049122744,1.562403704154891,-0.8660340683086974,0.5890995091334017,0.2927908919902391,-0.0192618593501266,-1.0586311555446466,-0.0519289411051783,1,1
-0.2565991463117023,1.4024345350200549,1.6234494722870632,-1.1081972890213725,1.4648142167852274,-0.7133131883327365,0.9160930791672164,0.9041642030073744,1,1
-0.7072014862452743,0.1609836590581573,-0.6063254065229606,2.0782148461871426,-0.8517311366163496,1.6273121692012622,-0.0011063336598179,-0.5712384804336811,0,2
-0.3958891708549265,-0.8921091529646937,0.3116218328322532,0.6908137389864181,0.4700864823111984,0.1413015525288245,0.5723975120546466,0.1594179644354914,1,2
1.0018141788719097,0.4741627366601603,0.0791460486250717,0.8039351721874365,1.7778608861638192,-0.7244059767412355,1.3472378142433383,0.7672919213238933,1,0
-0.4577958484296927,-0.6861770112897077,-0.0895649490567109,1.2507173033175083,-0.8025798838541033,0.1035108665947858,0.0639721169177099,-0.0740700454951531,0,2
-1.220422074760219,-1.2034857610553185,-0.1712635817923778,-0.2878292482442399,-2.6059627530593725,1.923903249106468,1.1153958340608956,-1.509216175499891,0,2
0.0655646269293948,-0.6577881164854972,0.2133177869389304,-1.043081169909862,-0.1759014111354651,0.3806425634444043,-0.708834483690434,-1.2213818184302163,0,2
-0.3983796693780493,-1.6275167136070956,-2.056974299975773,0.1009662658668228,-1.5246351922899577,0.7684201243347287,-0.9793167939032844,-0.1344548756496303,0,2
-0.3129911485852681,-0.973670898354568,-0.8500928716773477,0.8856867961814497,-0.4819264729765929,0.1720887406964806,3.2324791794111007,-0.3719685409239065,0,2
-0.2459255812126045,-0.4293251059182804,-0.6920093384164646,0.4179914589133742,-0.4193171391008745,-0.7988122650914637,0.1961627196533136,-1.9298971589094145,0,2
0.0017011290864607,1.1244036128899313,-1.0347450659904804,0.5268351908588916,1.285178090618447,-1.0115963885036454,-0.5278350430216845,0.3385596272271067,1,1
-0.8416884064939045,-1.7942451434096007,-1.324343471459998,1.3125063214525186,-1.342658530277356,0.0178707798139164,-0.6864637663044088,0.3788161806634246,0,2
-0.2759894562417295,-0.4649238787680044,-0.6362151502067408,-1.2455590293368946,-0.9874822156739818,0.0519011984908371,-0.483093608249634,-0.6598028979935803,0,2
-0.3987354548813525,0.0262490630826191,0.3554601235684643,-0.0701417843532047,0.0347468149884469,-0.257145766703573,-1.1948891614413455,0.7370995062466544,1,1
-0.2870188068441304,-1.1579734058930131,0.1375971029400199,0.3119995278048568,-1.450323179185133,1.2195111851667828,-0.9325416575506864,0.7230097125439431,0,2
-0.868728104744952,-0.9533931163515604,0.4657200669352997,-1.0910864839993697,-0.8844986384578469,-0.7605045424095712,-0.9793167939032844,0.3768033529916083,1,2
-0.9441546314452418,0.4408170506996595,0.1787785275710066,-1.4551663908564283,1.1061270984131215,-0.0699784639805097,-0.2126112980367837,0.4573164598642448,1,1
0.4026713913092287,-0.0417941609719167,-0.9390978862023832,0.3609554421733649,0.8369654761436786,-0.1730097868255509,0.9282952886505024,0.3365467995552905,1,1
0.6124069455064974,0.106008338961115,0.7094875320896873,-0.5278558186917787,0.2331072279217974,-0.2835616441848291,-0.8430587880065854,-0.6920081407426347,1,1
-0.744558964092116,1.1298110214240662,-1.489069169983944,0.5059219847208885,-0.0407354660392882,-0.5326793499689163,0.1737920022672883,-2.086897717311054,0,1
0.2952241693116459,-1.528831507859126,0.1203274732560584,0.6955667403814189,-0.5223007163170094,0.8117572044730172,-0.5054643256356592,0.2499952096672068,0,2
-0.6801617879942269,-0.7920720950831907,0.675612489248069,1.6342845158940704,-0.8698702894214642,-1.224803541982253,-0.9325416575506864,1.8018853446372656,1,2
0.5554812649779766,0.6039405414794078,0.553396648407722,1.2497667030385085,0.8082939120323684,1.397653846472762,-0.7759466358485096,0.9504592394591403,0,0
-0.1747684805519535,-1.2670228113314084,0.006746447257692,-0.7840425938823201,-2.0816827235954136,1.3635764244551274,0.2022638243949567,-1.1448943669012124,0,2
0.6398024292608478,-0.969164724576122,1.1757675335566624,0.2986911238988549,-0.6990111726765134,0.7234379272714512,1.2577549446992378,-1.4166261025963591,0,2
-0.7274812599335598,0.0591441316652757,-1.7115817062965322,-0.0639628825397036,-1.2759532586714502,1.078877189750558,0.6557792768571044,1.7233850654364455,0,2
-1.077396302432311,-0.2364608682007877,0.6902252528268061,2.6257606068912303,-0.2543093619704768,-0.4076504636697328,3.433815635885328,0.3184313505089474,0,2
-1.2360766369055625,0.3971071650487324,0.6802620049322122,0.0562880527538157,-1.884492578584973,1.4165021860990674,-0.6376549283712629,0.877997443273768,0,2
-0.3901966028020744,0.2993231940564522,-0.5425606199975622,-1.9257135289615048,0.7673345347304966,-0.816109494474208,0.1819268085894793,0.6646377100612821,1,1
-1.054803922972554,-1.7672081007389242,-0.6182813039964727,-0.6756741620763026,-1.1009982041963122,-0.4947006506720214,-0.82068807062056,-0.0740700454951531,0,2
4.199614282561563,-0.4806954869925658,0.8669068488242638,-0.0150069681711958,1.905420089761077,1.7344327826884194,-0.2390494185839044,0.2258412776054157,1,0
-0.5785850268011477,-0.2463744505133691,1.5410866230250906,-2.254145925356058,-0.1484001149470654,0.8880436264518046,1.3492715158238862,-1.9258715035657816,0,1
2.295628161634196,-0.5559485890926156,0.1249769889402016,0.027294744244311,0.8252627969145724,-0.7548641415238937,-0.3997118434471765,2.103809495409651,1,0
-0.642448524644082,-0.8889548313197815,0.613840352301589,0.5990808120629033,-1.1004130702348571,-0.5030672453191096,0.5154538677993098,1.1517420066407305,0,2
1.1542682670373543,-1.1917697092313588,0.9147304387183124,-1.055438973536864,-1.1998858436822597,2.309001619576096,-0.08042069530118,-3.0067599633309205,0,2
-0.973684828219412,0.5814096725871774,-0.1201189092667981,-0.2288920309462303,0.1898073147741044,-0.734417688313313,-0.5705427762131873,1.1557676619843615,1,1
0.100787391756417,-1.3949981466392771,-0.6362151502067408,-0.1609241109977194,-0.5831546483083618,-1.2012548682845496,-0.9447438670339728,1.2564090455751564,1,2
-0.1091260551925031,1.244267835396597,-1.59202273156141,0.3219808307343587,0.3109300447953538,-0.4627383789865159,-0.3000604660003368,-0.6275976552445258,1,1
-0.0319206009756968,-1.126880806821735,-1.4664858080895318,-0.1594982105792191,-0.6516153217986331,1.0084191820203043,-0.0112748415625566,-1.7326400470714558,0,2
0.1856422342942432,1.2510270960642664,0.7128086147212183,0.6622957306164134,1.0177718702333698,-1.013006488725065,0.3466566366138468,-1.5011648648126268,0,1
0.9155361943208704,-0.4441954793871524,0.4497788703039495,0.2682719149708498,-0.5790587105781746,3.925728526774108,-0.9467775686145204,-0.1002368052287603,0,2
0.2247786396576013,-0.8105474075748196,-0.2576117302121883,0.3728379456608668,-0.9564701157168504,1.927804526385728,-0.5583405667299007,0.5478937050959602,0,2
-0.5430064764708222,-1.1863623006972237,0.5181931725134916,1.433707857025038,0.2992273655662476,0.7652238971661782,0.0924439390453783,0.2198027945899678,0,2
2.731821188683986,0.2087491011096856,-0.8540781708351852,-0.5901201369662887,0.9370233835525368,-0.0715765775647849,-1.0708333650279331,-0.2753528126767432,1,0
0.5896366732950891,1.3668357621703306,1.1100100974523448,-0.7750118912318187,-0.1390379715637805,0.3419588140367997,-0.5278350430216845,0.2701234863853654,1,1
-1.1241820961166888,-1.6581586953005287,1.268093630713229,0.5163785877898901,-1.3725003623115766,0.1310078209124632,-0.716969290012625,-0.2169808101940822,0,2
0.0127304796888615,-0.190047278282793,-0.3240333828428116,-0.9689343481478498,-0.4152212013706874,1.2282068031988689,1.365541128468268,0.1473409984045955,0,2
-0.2509065782588501,-1.463491988071658,-1.291796861670993,-0.9161760326633414,-1.6691632807694192,2.0570637133491694,-0.4444532782192268,1.4858714001621691,0,2
0.2254902106642079,0.0726626530006139,1.1658042856620685,-0.0701417843532047,0.1786897695064534,-0.1392613881929144,-0.6742615568211223,0.2137643115745206,1,1
-0.3818356434744479,0.4962429881745462,-1.7374861508224748,0.4503118683993793,0.2506612467654567,0.5181273350327921,0.2856455891974144,0.0950074789373825,0,1
-0.7394000742942188,-0.6690535509316123,0.4125827448308003,-0.2897304488022403,-0.9997700288645432,0.7830851666374902,-0.4342847703164881,0.1151357556555411,0,2
-0.6020668700191625,1.857107469265265,1.386988388922044,-1.2983173448214032,-0.232074271435175,-0.2973336230140247,-0.7678118295263187,-0.1103009435878392,1,1
-0.979555289023916,-1.25936231590805,0.2578202942014482,1.4669788667900434,-2.1431217895482213,0.1685164868022183,-1.0057549144504052,-0.7443416602098485,1,2
-0.3953554925999716,-1.4720537182507054,-1.5667825035617733,0.4740768753743831,-0.6223586237258676,0.3171410501398191,-0.5115654303773025,0.8618948218992405,0,2
-0.9270769272866858,0.2916626986330938,-0.5100140102085566,-0.4142590853512604,-0.5544830841970515,0.9193948547080284,-1.1826869519580592,-0.5974052401672876,0,2
-0.3788114666963702,-0.2148312340642466,0.6536933438799635,-0.0487532780757012,0.1172507035536458,-0.6633016338130632,-0.1109262190093963,0.1131229279837256,1,1
-0.9359715648692672,-1.4418623539351163,2.2916512977511334,0.7711394625619311,-0.6369869727622504,-0.2226453146195124,-0.5258013414411368,0.121174238670989,0,2
-0.278657847516504,-0.6122757613231917,2.1335677644902504,-0.4827023054392713,0.0657589149455784,-0.3534086084858014,1.0747218024499403,-1.6319986634806607,0,1
-0.7529199234197426,-0.7343930707190808,0.6742840561954568,1.7573872520245906,-0.7534286310918573,-1.0404094363613143,-0.4017455450277242,2.1219249444559947,0,2
-0.7502515321449681,-0.3419053346164264,0.603877104406996,-2.7294460648561345,-1.0547726212413426,-0.9548633562618732,-0.8735643117148016,-1.4347415516427025,0,1
0.0095284101591323,1.0167060595850697,-1.1396912771468652,0.7673370614459304,1.2079404077063458,-1.0200099864914478,-0.5766438809548304,1.419448086992245,1,1
3.666825491364939,0.3867429653583062,1.0827772198737895,-0.9898475542858534,1.815894593658414,0.1303967774831815,-0.8084858611372737,-0.2169808101940822,1,0
-0.4709599120519132,-0.2175349383313141,2.1707638899633994,-0.1951457210417248,-1.2121736568728214,-0.1901660061861533,-0.4159814560915584,-0.2290577762249774,1,2
-1.152644936380949,-1.6275167136070956,1.2667651976606158,0.8585946882299451,-1.224461470063383,-0.2792843401798568,-0.5766438809548304,1.5221022982548555,0,2
-0.4446317848074723,-0.4752880784584307,0.4258670753569251,-0.5806141341762872,-0.4269238805997937,1.908768173396567,-1.0240582286753348,1.0913571764862526,0,2
-0.4053174866924627,-1.1462573540690533,-0.2522979980017381,1.029227438310473,-0.9359904270659144,0.2299968564561024,0.6761162926625821,0.0326098211110891,0,2
2.1184469809891744,-1.7879365001197762,-0.6209381701016976,-0.7241547763053104,0.3080043749880772,-0.8802690545487889,-0.1088925174288484,0.5901630862040943,1,0
-0.7426021438239481,-0.311263352922993,-1.5428707086147486,-0.7165499740733092,-0.7458218895929382,3.2078465040495105,0.3913980713858974,-1.4105876195809115,0,2
0.3791895480912139,0.7192985902076274,0.1728005788342503,-0.5264299182732786,-0.1788270809427417,0.4307011213047918,-0.9732156891616413,-0.2753528126767432,1,1
-0.8891857711848891,1.3875641615511822,0.9100809230341692,1.5701189970615603,1.157618887021189,-0.8837943051023374,-1.048462647641908,-1.5051905201562583,1,1
1.6737151018601062,-0.579380692740535,-0.2423347501071447,0.8158176756749382,0.5215782709192658,-0.8541822004525307,-0.7047670805293386,0.1231870663428052,1,0
-0.3265109977107917,1.4835456630320845,0.7606322046152669,-0.7488703835593145,0.4332230427395138,-0.4746772275278665,-0.3570041102556738,-0.0096595599970442,1,1
-0.6764260402095428,-0.0967694810689589,1.1060247982945082,2.611501602706229,0.5122161275359809,-1.242523801431423,1.5668775849424952,-1.9902819890638903,0,1
1.124738070263184,-0.3527201516846968,-0.3572442091581232,0.3081971266888564,1.0154313343875483,-0.6920206749893041,-0.8837328196175404,1.0088312419418013,1,0
2.2178890291624342,-0.6577881164854972,0.235236932307037,1.0453876430534754,1.1295324568713343,-1.1625241155362311,1.4123162648208665,0.8095613024320275,1,0
0.0618288791447107,-0.6330041607040438,-1.643831620613296,0.0320477456393118,-1.352605807622096,0.1953083910091861,1.8576969109608232,0.14532817073278,0,2
-0.7564777784527751,-0.5374732766009864,-1.0413872312535428,0.5249339903008916,0.2126275392708615,-0.853665163704677,1.9126068536356124,-0.8872524249087776,0,1
0.9765534081373786,-1.3210968966727614,-1.1742305365147896,0.3224561308738587,0.3717839767867061,-0.274913029493457,-0.2980267644197891,-0.812777801051589,0,0
0.6022670586623545,0.1172737734072302,0.0113959629418362,1.5149841808795512,0.4384892483926116,-0.5474854022938195,-0.16176875852309,1.306729737370554,1,0
0.3464572817873145,-0.0453990999946734,-0.7836712190467244,-0.455134897348267,0.0628332451383018,-0.146452899322153,0.4015665792886361,-0.6738926916962916,1,1
-0.6504536984684052,0.4583911284355992,0.912073572613088,0.7592569590744295,0.5174823331890787,-0.2522574192693191,0.4198698935135656,0.3184313505089474,0,1
-0.6428043101473851,-0.595602918342941,-0.9669949803072452,0.7530780572609281,-0.7311935405565555,1.0753049358562956,-0.2227798059395224,0.612304190594069,0,2
0.8810250005004546,0.3425824623295347,-1.6378536718765395,0.628549420711908,0.9194693647088774,-1.1117605075651342,-0.9366090607117816,1.0349980016754086,1,0
-0.1482624605558612,0.5156195354218643,-0.3446240951583045,-0.5967743389192899,-0.0436611358465647,0.0581996461465104,3.7693763966757055,1.4375635360385888,0,1
0.4555055385497619,0.4890331101290326,-0.0424055756889688,1.4964474754390482,1.2840078226955365,0.8723445106533358,-0.7617107247846755,0.9323437904127972,1,0
-0.3595990495179945,-1.6608623995675964,-0.4834453491563074,-1.230349424872892,-1.0331226646674962,-0.360788132977896,-1.0911703808334106,-0.8812139418933297,0,2
-1.099455003637113,-0.7618807307676019,0.2119893538863182,-0.0021738644046938,-0.2326594053966303,-0.5836309713028691,0.4808809409299981,-0.3317119874875887,0,2
0.6261046873836726,-1.3670598692129114,-0.8779899657822096,-0.6880319657033046,-0.7844407310489887,3.0714898126382586,2.486110699350077,0.2117514839027044,0,2
-0.9500250922497456,0.8797183767203083,-0.6534847798907032,-0.6747235617973023,0.3823163880929017,-0.1494141097871337,-0.3712400213195079,-0.5893539294800242,1,1
-0.1000535248582702,-1.8505723156401768,-0.4708252351564891,-0.1775596158802221,-0.8002393480082823,0.8953291442624713,-0.7393400073986502,1.3791915335559275,1,2
2.585059668571393,-0.4441954793871524,1.208978359871974,-2.413371472088583,0.3378462070222981,0.4221465132948474,-0.6905311694655043,1.2362807688569986,1,0
-0.7861858679785968,-0.5365720418452974,0.4597421181985434,-0.2740455441987376,-0.3087268203858208,-0.8402692116011931,1.9471797805049245,-1.8171788092877232,1,1
-0.9057297970884904,-0.5473868589135679,-1.517630480615112,-0.4570360979062673,-0.3286213750753013,-0.4816807252942492,-0.926440552809043,1.3630889121813994,0,2
-1.0140664828443315,1.2537308003313334,-1.255929169250456,0.2815803188768521,-0.7475772914773042,0.5594902748610934,-0.9610134796783548,2.5144263404600946,1,1
0.6956607532794589,1.1221505260007083,-0.0065378832684318,0.8105893741404374,0.6251469820968559,-0.075712871547615,1.0421825771611763,1.4415891913822196,1,1
-0.109659733447458,1.6007061812716823,1.0316325473482095,0.647561426291911,1.4788574318601548,-1.317447126529505,-0.6783289599822178,0.7230097125439431,1,1
0.6883671504617422,-1.260714168041584,-1.2260394255666758,0.2378527060428448,-0.1887743582874819,-1.0741578349939511,-1.1684510408942248,1.3308836694323458,1,2
-0.734596969999625,0.4327059378984565,-0.2782024425276813,0.2673213146918498,-1.5989472053947822,2.2843718690419705,0.1941290180727657,-2.326424210257146,0,2
1.4449450232361132,-0.9822326285336156,-1.1224216474629032,-0.5525714259457826,-0.9196066761451656,-0.6354286527696738,-0.0092411399820089,-1.4246774132836229,1,2
0.7458265092452179,-0.7276338100514114,-0.1055061456880611,1.7526342506295898,-0.0898867188015343,-0.7174024789748527,-0.7312052010764593,-0.02173652602794,0,2
-0.8048646069020177,0.8959406023227142,-0.715921133363489,-0.2564594390372349,0.2132126732323168,2.186651923697609,-0.2532853296477385,-0.02173652602794,0,1
0.2084125065056515,-0.4261707842733681,-1.2479585709347814,2.094375050930145,-1.2613249096350674,0.9286075094879682,-0.3488693039334828,0.9766259991927468,0,2
-0.65863676504438,1.2663480869109829,0.6198183010383452,-0.2564594390372349,0.5947200161011797,-1.2895741454861156,1.0482836819028198,-0.4202764050474885,1,1
-0.0363679197669874,0.8905331937885793,-0.1300821571613915,-0.468443301254269,0.4958323766152321,-0.2034209482674953,-0.9223731496479476,-0.1767242567577643,1,1
0.7931459811845507,-1.4130228417530617,-1.1463334424099276,1.2245757956450043,0.3606664315190552,-0.6180844200462156,0.3913980713858974,-1.9359356419248608,1,2
-0.9998350627122014,-1.089930181838477,-0.1686067156871529,0.4498365682598793,-0.1636135979449036,-1.1615840487219515,-0.9569460765172592,0.2580465203544702,0,2
0.0580931313600264,-0.4743868437027413,1.4992409818677972,-0.010253966776195,-0.2742039166599574,-0.5223386150118409,0.8611831364924272,-0.1022496329005758,1,1
-0.069989649829145,-1.0155783144941166,0.2026903225180309,2.3638702300266883,-2.23440268753525,2.718541727216992,1.164204671994041,0.5438680497523285,0,2
-0.6134520061248667,0.3930516086481308,-0.645514181575028,0.2849074198533525,-0.6346464369164291,-0.9864496012216668,0.1941290180727657,-1.2878051316001415,1,1
-0.5049374276173739,0.5994343677009616,-0.0782732681095057,-0.5896448368267887,0.0066603848385919,0.1350971115545794,-0.3020941675808845,-0.63564896593179,0,1
-0.8713964960197264,0.1127675996287841,-0.7949628999939304,0.9284638087364566,-0.4918737503213332,0.2840977016178921,-0.3041278691614322,-0.6215591722290786,0,2
-0.5567042183479975,-0.560004145493217,1.9688420659663044,2.345808824725686,0.5028539841526959,-1.370278881492017,-0.3814085292222468,1.1416778682816502,0,1
-0.943620953190287,-0.8898560660754706,-1.0433798808324617,1.9104338969436152,0.0253846716051619,-0.4367925349123996,-0.5176665351189458,-1.5937549377161584,0,2
-1.1530007218842524,1.3461073627894788,0.4524357364091748,0.0819542602868197,0.7386629706191863,0.0295276083109832,0.3141174113250828,0.1654564474509386,0,1
0.4023156058059254,-1.832097003148548,0.9067598404026384,1.389980244191031,-0.3321321788440332,-0.3751241518956595,0.3039489034223441,0.1574051367636751,1,2
0.1493521129573114,-0.0260225527473553,-1.0201323024117437,1.3106051208945184,-0.6182626859956804,1.4247277707240138,-0.2736223454532161,0.4230983894433741,0,2
0.8852944265400938,-0.8776893968736662,0.3514748244106277,-0.5497196251087821,-0.3654848146469859,0.0123243856096669,0.7188240258540846,-0.2491860529431367,1,2
-0.8559198266260348,0.7323664941651213,1.5782827484982398,0.882359695204949,0.100866952632897,-0.6142301461076694,1.135732849866373,-1.3280616850364595,0,1
1.8476942129753977,-0.7952264167281029,0.496274027145386,0.8162929758144382,0.7468548460795607,-1.2732169829176512,-0.2756560470337638,1.6911798226873918,1,0
0.8278350677566181,-0.6690535509316123,-0.4123741808415405,0.8215212773489395,-0.6182626859956804,0.9624969181427472,-0.9305079559701386,1.2805629776369485,0,2
-1.3501058907142556,0.0316564716167543,1.1379071915572068,1.5758225987355612,-0.5340033955461155,0.0036757709182949,-0.0865218000428233,1.5462562303166472,0,2
0.0061484478777514,0.7355208158100334,-2.08221452797541,-0.189917419507224,0.1248574450525648,-0.8066618229906982,0.0802417295620919,1.1094726255325964,0,1
-0.0171555025886117,1.4673234374296786,0.5540608649340285,0.1332866753528281,0.5490795671076655,-1.149175166773461,-0.0194096478847476,0.4593292875360603,1,1
1.965103429065472,1.3911691005739395,1.7011628058648924,0.7250353490304234,2.00489286320848,-0.153409393747822,0.0944776406259262,1.5905384390965969,1,0
-0.5442517257323837,0.4984960750637695,0.9406348832442556,1.1575584759754938,0.0850683356736037,0.5896194162587539,-1.135911815605461,-1.0442529833104175,0,1
0.146150043427582,-1.0592882001450437,0.3049796675691912,1.859576782017107,-0.621188355802957,1.380544630452874,-0.8023847563956304,-0.5128664779510195,0,2
-1.1996086228169789,-0.9349178038599316,-0.7537814753629443,1.3172593228475191,-1.450908313146588,-0.4673447063764858,0.1453201801396199,0.0024174060338509,0,2
-0.0678549368093257,1.3803542835056688,0.57133049461799,0.3571530410573642,1.2951253679631871,-0.9915729653594906,-1.0220245270947872,-0.4685842691710699,1,1
0.2094798630155613,-0.3306399001703111,0.3581169896736896,-0.2968599508947414,0.3366759390993875,-0.4078384770325888,-0.2126112980367837,-2.4632964919406275,1,1
-0.7941910418029201,2.009416142976743,0.4803328305140367,0.5734146045298993,-0.3379835184585862,2.7418553842111257,-1.0240582286753348,0.6787275037639935,0,1
-0.6280392117603001,-0.9457326209282022,-0.1500086529505783,0.0291959448023111,-1.715973997685844,0.8596066053198477,-0.3285322881280052,1.2262166304979183,0,2
-1.0941182210875635,-0.2986460663433439,0.5739873607232153,1.0624984480754782,-1.219195264410285,-0.9882827315095122,0.1554886880423586,0.5821117755168301,1,2
-0.8530735425996087,-1.666269808101732,0.4823254800929555,0.1442185785613297,-2.015562585950964,-0.5123739067804775,2.5999979878607515,1.578461473065701,0,2
5.374951692723864,1.662440762036394,0.1874133424129873,-0.573959932223286,3.973868643505602,-0.2641492644699557,0.5317234804436919,0.5861374308604619,1,0
-0.9676364746632568,1.0906073095515856,1.7788761394427215,-0.5169239154832771,0.2553423184570992,-1.224568525278683,-0.6620593473378358,1.37315305054048,1,1
2.001927228657358,0.2209157703114902,1.236875453976836,-0.4480053952557658,1.2050147378990692,1.786559487540222,-1.078968171350124,-0.5390332376846266,1,0
-0.925475892521821,1.532662957217147,1.0681644562950523,-0.7887955952773208,1.1090527682203983,-1.2611841276948723,0.6618803815987478,-1.118727607167606,1,1
0.1425921883945494,0.1551256331461772,-1.716895438506982,-1.0112360605633568,-1.016153779785292,0.5782916111466849,-0.6864637663044088,0.2862261077598929,0,2
-0.3820135362260995,-0.6447202125280035,-1.05599999483228,0.6646722313139141,-0.2110094488227837,-1.2021949350988292,0.3100500081639874,1.5623588516911742,1,2
-0.1447046055228286,0.6431442533518886,0.4604063347248499,-0.5577997274802836,0.0084157867229578,0.8929319738860585,-1.0260919302558826,0.5921759138759098,1,1
-0.5140099579516071,1.4452431859152923,-0.4774674004195511,1.8272563725311013,-0.7528434971304021,-0.9331948161927288,0.739161041659562,-0.7886238689897981,1,1
-0.4275540806489162,-0.0620719429749242,-0.9935636413594944,-0.4104566842352597,-0.1127069432982915,-0.6090597786291317,-0.194307983811854,-1.5534983842798404,1,1
0.5440961288722724,1.1180949696001066,-2.003172761344968,1.4992992762760489,0.7398332385420969,-0.7422672462125474,2.6854134542437564,-0.8007008350206932,1,1
-1.186978237449713,-0.0061953881221926,1.7436726635484914,-0.5644539294332845,-1.6165012242384416,0.9969973702268072,-0.5583405667299007,1.2342679411851818,0,2
1.583701369524383,-1.1038993205516598,-0.0988639804249982,-0.3253779592647461,0.279332810876767,-0.5412339579788604,-0.0153422447236521,0.7149584018566797,1,0
0.3665591627239483,-1.6230105398286494,-1.77534649282193,0.2521117102278472,-0.5521425483512301,-0.9851805110223896,0.1737920022672883,-0.0056339046534125,0,2
0.0435059257245931,-1.337769739653012,0.2830605222010857,-0.4019012817242585,-0.6346464369164291,-0.5135489902983269,-0.4525880845414178,-0.003621076981597,0,2
-0.6687766518885228,0.636835610062064,0.1980408068338878,0.0482079503823142,0.0382576187571788,1.0781251362991344,-0.8105195627178213,0.0809176852346711,1,1
0.046352209751019,-0.8028869121514611,-0.659462728627459,-0.6851801648663042,0.5239188067650872,-0.5596592675387401,-0.3244648849669098,-1.0221118789204426,1,1
2.2098838553381106,0.5769034988087312,0.1468961343083072,-0.9180772332213416,0.4893959030392237,-0.6705401482830159,-0.6783289599822178,-0.8792011142215135,1,0
-0.9779542542590512,0.0663540097107893,-0.2390136674756137,1.1879776849034984,0.102622354517263,0.6863052881074081,-0.708834483690434,0.1634436197791231,0,2
3.160542720164408,1.155946829339054,0.3381904938845029,-1.1015430870683711,2.801845318710613,0.4605482426581681,-1.0606648571251944,0.936369445756429,1,0
-0.368849472603879,-0.9921462108461968,-0.6587985121011529,1.276858810990013,0.0563967715622934,-0.4543247809987137,0.8225428064620197,-0.4766355798583332,0,2
0.6840977244221033,2.172089016378647,-1.536892759877993,0.0477326502428142,1.3682671131451012,0.5460943227576094,-0.4119140529304629,0.3586879039452653,1,1
-1.3381870763535966,-0.8285721026886038,0.0924303791511965,-0.7184511746313095,-1.6129904204697094,-0.5347474969603314,2.061067069015598,-1.0985993304494466,0,2
-0.0143092185621857,0.9004467761011606,-1.2227183429351445,-0.5692069308282852,1.3507130943014418,-0.5169332308297333,0.8001720890759946,1.041036484690855,1,1
-0.8231875603221352,0.3218540629486827,0.4849823461981799,-1.1409929986468776,0.7901547592272538,-1.2613251377170145,-0.0153422447236521,-0.8550471821597232,1,1
-0.1658738429693722,-0.1977077737061514,0.7254287287210365,1.3372219287065226,-0.4626170522485676,0.6513348026162079,-0.7881488453317962,-0.3820326792829862,0,2
-0.8064656416668824,1.7187679342669702,2.2916512977511334,-0.7735859908133184,-0.7908772046249971,3.087423945140297,-0.4871610114107295,1.0329851740035916,0,1
0.6508317798632489,-0.485201660771012,0.4670484999879119,0.6342530223859087,0.4139136220114885,-0.4327032442702835,0.2042975259755046,0.6183426736095163,1,0
3.320824089402524,-0.0453990999946734,0.5819579590388905,1.2321805978770055,0.2184788788854146,2.518965542545439,-0.5258013414411368,0.8115741301038429,1,0
-0.0216028213799024,1.66694693581484,0.8529583017718333,-1.944725534541508,0.2442247731894483,0.8118512111544451,1.8943035394106824,1.242319251872445,1,1
-1.192137127247611,0.3335701147726424,1.0043996697696544,2.583934194615224,-1.1162116871941503,0.3177990969098147,-0.4159814560915584,-0.4182635773756723,0,2
-0.4730946250717326,1.552940739220154,1.16381163608315,1.0881646556084823,0.3594961635961446,0.2700437027444125,-0.540037252504971,0.4895217026132992,1,1
-0.740289538052477,0.7242553813639181,-0.7889849512571746,0.4498365682598793,0.4560432672362709,0.315119906489118,1.288260468407454,0.4593292875360603,0,1
3.4480174068334373,1.6137740852291764,0.4192249100938632,-0.696112068074806,3.1815972596951108,-1.1976826143902872,-0.137364339556517,-1.225407473773849,1,0
0.9246087246551032,0.9153171495700326,-0.108827228319592,-0.6305206488237953,1.7322204371703047,-1.3001028938060468,0.2632748718113891,-0.3075580554257976,1,0
-0.2372088363816748,0.3750269135343465,1.930317507440543,-0.7826166934638199,1.4507710017103002,-1.2766482267897714,-0.9122046417452088,-0.2532117082867684,1,1
-1.3501058907142556,-0.0846028118671546,-0.2815235251592127,1.408992249771034,-0.0506827433840285,-1.33770556637723,-0.1760046695869241,-1.100612158121263,1,1
0.1984505124131604,1.55158888708662,0.4657200669352997,0.4488859679808792,1.858609372844652,-0.824664102484152,0.5337571820242395,-0.4142379220320406,1,1
1.8930568646465629,1.3267308155421604,-0.4469134402094643,0.1926991927903378,1.779616288048185,-0.1371932412014994,-0.3407344976112918,-0.7383031771944005,1,0
-1.131297806182754,-0.0868558987563775,-0.6647764608379088,0.5054466845813884,1.1377243323317086,-0.0489209673406472,-0.82068807062056,-0.3337248151594049,0,1
1.1135308269091315,-0.7186214624945194,0.610519269670058,0.4598178711893808,0.9235653024390648,-0.8678601726002986,0.3954654745469927,-0.4323533710783837,1,0
-0.1704990545123146,-0.0016892143437464,-0.0915575986356296,1.8937983920611123,-0.3321321788440332,0.7506998648855588,-0.1149936221704917,-1.0804838814031037,0,2
-0.8472030817951051,-1.724850067221531,2.2916512977511334,0.39327585165937,-0.7949731423551845,-0.6846881538379234,2.404762636128168,1.037010829347224,0,2
-0.5269961288221758,-1.1985289698990278,0.7048380164055431,0.3685602444053661,0.7152576121609738,-1.2468011054363952,-0.3244648849669098,2.097771012394203,1,1
0.061650986393059,-0.9822326285336156,-0.0078663163210449,-0.1823126172752229,-1.348509869891909,-0.9731006524588968,-0.5095317287967548,-0.9878938084995726,0,2
-0.1598254894132171,1.7336383077358422,-1.30640962524973,0.1898473919533371,0.8129749837240109,-0.542127021452426,0.5642627057324558,-1.6601782508860834,0,1
-0.3211742151612429,1.648922240701056,0.3554601235684643,-2.040260862581023,-0.4199022730623299,-0.734370684972599,-0.4119140529304629,-0.4645586138274381,1,1
2.4246004065816256,-1.40896728535246,-0.698651503679527,-2.0535692664870253,0.2073613336177637,-0.5515746929359356,1.705169292419742,0.0587765808446963,1,0
-1.1437502987983676,-0.9520412642180268,-0.7385044952579006,0.292987522224854,-1.222706068179017,-0.4357584614166921,0.2775107828752234,0.3908931466943197,1,2
-0.6141635771314732,-0.1801336959702116,-0.9444116184128328,1.4408373591175394,-0.3461753939189607,-1.0734997882239556,-0.7942499500734395,-1.118727607167606,0,2
0.7420907614605337,1.183434489387575,0.675612489248069,0.4061089554258723,1.7632325371274364,-0.3289198679738184,0.491049448832737,0.8920872369764794,1,0
1.0984099430187433,0.4881318753733432,-0.4588693376829765,0.8761807933914482,0.6333388575572303,-0.1569816476420843,-0.7718792326874142,-1.012047740561363,1,0
-0.729260187450076,0.0266996804604636,-0.9537106497811202,-0.8786273216428353,-0.2706931128912255,-0.4605762253136729,0.1005787453675693,0.954484894802772,0,1
0.2206871063696138,-0.327034961147554,1.881165484493881,0.5482236971363954,0.3852420579001783,-1.291407275773961,3.5029614896239507,-1.372343893816409,0,1
-0.6483189854485857,-1.7379179711790247,0.1070431427299336,1.066300849191479,-1.8090102975572389,-0.5512456695509379,0.1636234943645496,-0.6255848275727104,0,2
1.012131958467704,-0.3076584139002359,0.8449877034561583,1.0838869543529814,0.1429965978576794,-0.1020347423474432,-1.030159333416978,0.3144056951653157,1,0
0.588747209536831,0.1411564944329943,-1.574753101877448,-0.832998508250828,0.7655791328461306,-0.9680242916617872,1.2191146146688303,1.095382831829885,1,1
2.3226678598852426,0.3700701223780558,0.5753157937758275,0.027294744244311,0.2225748166156018,3.72704540557612,-0.0214433494652954,0.1875975518409141,0,0
-0.233828874100294,1.1658604116516351,-1.1137868326209226,0.8733289925544475,0.6772239046663787,-0.9961322894087464,-0.5278350430216845,0.2902517631035247,1,1
1.2167086228670756,-0.3662386730200352,1.248167134924042,0.9992835295219682,1.230760632203103,-0.5326323466282022,-0.1007577111066574,-0.6859696577271875,1,0
-0.7724881261014215,0.5660886817404608,0.7347277600893238,-0.5354606209237799,0.1576249468940622,0.0377531929359295,-0.540037252504971,0.1010459619528297,0,1
-0.3709841856236985,1.5452802437967954,0.6264604663014082,1.1822740832294976,0.914788293017235,-0.2943254092083301,-0.1190610253315873,-0.4383918540938316,0,1
-0.8906089131981022,-1.2557573768852932,-0.9630096811494074,-0.2574100393162349,-1.267761383211076,0.4061183741113808,-0.0316118573680341,2.009206594834304,0,2
-0.1454161765294352,-0.7726955478358722,0.5274922038817789,-0.9546753439628476,0.546153897300389,-1.3422178870857715,0.2917466939390577,-1.1972278863684265,1,1
-0.0644749745279448,1.5732185212231613,0.7493405236680608,-1.5830221283819492,-0.2221269940904346,0.5159651813599492,-0.6762952584016702,-1.8433455690213305,1,1
-0.6036679047840272,1.6110703809621088,0.2491854793594674,-1.0297727660038598,0.2974719636818816,0.0809962663927899,-0.4566554877025133,-1.3341001680519071,0,1
-0.5913933049200648,1.1793789329869735,0.3129502658848654,0.2045816962778397,-0.5433655389294006,0.5364116345705298,0.9323626918115984,-0.2210064655377139,0,1
0.2632034740143528,-1.1237264851768227,-0.0397487095837434,-1.0587660745133645,-0.8107717593144778,-0.7879074900458207,1.1113284308997995,0.0708535468755915,1,2
-0.6970615994011315,1.9427247710557407,-0.9603528150441826,-0.3477170658212496,0.6245618481354006,0.7184085698150555,-0.9732156891616413,0.2137643115745206,1,1
-0.4574400629263895,-1.7023191983293005,1.1784243996618868,1.114781463420487,-1.9874761558011085,0.2597969744687651,-0.2654875391310251,1.6569617522665212,0,2
-1.0971423978656416,-1.3986030856620342,1.0336251969271286,2.646673813029233,-2.0448192840237294,1.3444930681252525,0.143286478559072,0.930330962740981,0,2
-0.8107350677065215,-0.5027757385069518,1.9927538609133288,-0.5069426125537753,-0.0992488621848193,-0.4461461997144814,-0.8125532642983692,0.5519193604395919,1,1
0.4409183329143286,0.3551997489091835,-0.322704949790199,-1.8425360045489911,1.505188460125644,-0.3553827487957885,-0.2451505233255477,0.1050716172964621,1,1
0.5423172013557563,-1.1219240156654444,0.5580461640918661,0.3619060424523649,-0.0682367622276878,2.1699657377441466,-0.2980267644197891,0.4190727340997424,0,2
0.2304712077104535,1.7895148625885735,0.5128794403030418,0.0776765590313192,1.4618885469779508,0.9638130116827384,-0.6356212267907151,1.3791915335559275,1,1
0.9977226455839222,1.7057000303094765,0.7055022329318498,-1.7346428728824737,2.031809025435424,-1.304098177766735,-0.3773411260611512,-1.8352942583340663,1,0
-0.9494914139947908,-0.9934980629797308,-0.1307463736876976,-1.1652333057613815,-3.587232406419929,5.168355845229562,-0.0092411399820089,-1.0643812600285767,0,2
-0.5734261370032505,0.1222305645635209,1.1844023483986432,1.8001642645795974,0.3875825937459996,-0.2422927110379557,1.4753610138178468,0.3244698335243953,0,1
2.11791330273422,-0.2878312492750732,0.807791577983009,1.285414213501014,0.728715693274446,-0.1769580674455253,0.273443379714128,-1.619921697449765,1,0
0.0787286905516153,-1.818127864435365,0.3953131151468388,-0.5449666237137814,-1.8839074446235184,-0.142222598657895,-0.1109262190093963,-0.1163394266032872,0,2
0.4154796694281458,-1.4305969194890014,-0.6581342955748464,1.957963910893623,-0.3256957052680248,-0.367509610699995,-0.194307983811854,2.3493744713711906,1,2
-0.5179235984879429,0.1740515630156509,0.854950951350752,-0.2574100393162349,-0.3678253504928071,-0.0100492045701868,-0.4281836655748449,0.2701234863853654,1,1
0.4773863470029122,-0.057565769196478,0.7958356805094974,0.0040050374088072,1.2161322831667205,-0.7215387729576828,-1.1867543551191548,-1.1911894033529782,1,0
-0.264782212887677,-0.9975536193803322,-0.6156244378912479,0.127583073678827,-1.738209088221146,2.031775916045049,-0.1882068790702107,0.7652790936520771,0,2
0.0728582297471117,0.1375515554102375,2.2916512977511334,0.707924544008421,-0.0073828302363354,-0.2186500306588244,-0.1231284284926827,-0.1223779096187351,0,1
-0.8888299856815858,0.2060453968426182,-0.1420380546349037,-1.3567792619799126,0.279332810876767,-0.5410929479567185,-1.04642894606136,-0.2572373636304001,1,1
-0.151642422837242,-1.99071432014985,-0.8175462618883427,2.543058382618218,-1.250792498328872,0.1211371193625278,0.1697245991061927,0.3365467995552905,0,2
1.6922159480318753,0.5025516314643708,0.0054180142050798,0.5962290112259031,2.293363906205948,-1.038999336139895,0.1371853738174289,1.2845886329805791,1,0
-0.0831537134513656,-0.7659362871682032,0.6716271900902315,-2.1548081962005416,-0.7990690800853715,0.7166694462086383,0.2083649291366,0.5821117755168301,0,2
0.4592412863344463,-0.8348807459784284,-0.53060472252405,0.2654201141338494,-0.5334182615846603,-0.7624786827195582,0.1493875833007153,-0.4866997182174129,0,2
-0.2478824014807724,0.4939899012853233,0.9658751112438932,0.2891851211088533,1.0581461135737862,1.1377253723244598,0.956767110778171,0.5519193604395919,0,1
0.440206761907722,1.1699159680522364,0.4982666767243047,0.5810194067619002,0.5555160406836739,1.0053169615331814,0.5622290041519081,-2.187539100901849,0,1
-0.4314677211852519,0.1456626682114404,0.9512623476651552,0.663721631034914,-1.093391462697393,1.4736582484072651,0.6232400515683403,1.244332079544262,0,2
0.694237611266246,-0.2639485282493088,0.843659270403546,0.0596151537303161,-0.0401503320778329,0.0930291216155684,-1.0098223176115009,1.4254865700076929,1,2
-0.3759651826699441,0.3750269135343465,1.483299785236448,-0.0197599695661966,0.1108142299776373,0.3650844576680773,-1.0606648571251944,-1.1066506411367107,0,1
0.4780979180095185,-0.3666892903978797,1.0894193851368523,0.4065842555653723,-0.1688798035980013,1.5263489933476355,-0.6844300647238611,-0.8027136626925094,0,2
-0.5677335689503984,-0.3590287949745213,-0.2808593086329061,-0.9128489316868408,0.4923215728465003,1.532271414277597,-0.6274864204685241,0.4895217026132992,0,2
0.7038438198554339,0.441267668077504,0.7593037715626547,0.5776923057854001,1.6473760127592845,0.2223353119197239,-0.6640930489183836,-0.6054565508545511,1,0
0.0143315144537262,0.9319899925502828,-1.590030081982491,0.2582906120413483,-0.098663728223364,0.4274578907955272,1.3940129505959369,0.3184313505089474,0,1
-0.3563969799882652,-1.3593993737895531,0.9784952252437114,1.4736330687430448,-1.1004130702348571,-1.1727238404711646,0.3019152018417964,-0.5591615144027853,0,2
0.5270184247137161,0.6363849926842196,-0.0636605045307678,0.6689499325694148,-0.1876040903645713,-0.541892004748856,-0.1739709680063764,-0.4243020603911203,1,1
-0.4794987641311912,2.004909969198297,-0.0802659176884236,-0.6443043528692975,1.733975839054671,0.1472239734587861,-0.580711284115926,-0.0619930794642579,1,1
-0.2413003696696623,1.040588780610834,-0.4728178847354075,-0.3748091737727539,-1.1413724475367288,3.770946525802976,-0.708834483690434,-2.600168773624109,0,2
-0.4983553958062638,-0.2963929794541207,1.5902386459717517,1.2374088994115062,-1.5152730489066724,1.3448220915102498,0.3425892334527514,0.1352640323737004,0,2
0.1600256780564089,-0.5325164854446958,0.1528740830450635,0.7872996673049335,-0.1331866319492274,-1.1175889218136676,0.216499735458791,0.0768920298910394,1,2
0.4969545496845911,1.1298110214240662,-0.755774124941863,-0.7731106906738183,0.888457264751746,-1.2012078649438356,-0.8430587880065854,2.0756299080042284,1,1
0.7109595299214988,0.0343601758838221,-0.3738496223157791,-0.7426914817458135,-0.2057432431696859,0.3365064265139783,-0.910170940164661,-1.0523042939976808,0,1
-0.1468393185426482,-0.5563992064704602,-0.7610878571523128,0.9165813052489544,0.1523587412409644,-0.2180389872295427,-0.7108681852709818,0.4814703919260351,1,2
0.4875262338470548,0.4764158235493835,-0.716585349889795,-2.153382295782041,0.805953376186547,-0.9558504264168668,-0.0336455589485819,0.2359054159644954,1,1
-0.1148186232453553,-1.184559831185845,-1.3555616481963908,0.1660823849783335,0.1014520865943524,-0.3757821986656552,-0.7739129342679619,-0.5772769634491284,0,2
0.0392364996849541,0.2051441620869288,0.5620314632497027,-1.253163831568896,0.5953051500626351,1.1884419769548429,-0.4058129481888197,2.1480917041896004,0,1
0.3690496612470711,-1.3395722091643902,-0.7026368028373641,-0.0986597927232093,0.2916206240673285,-0.5890833588256907,-0.8003510548150826,-0.9234833230014636,0,2
-0.0600276557366541,0.3268108541049733,0.6118477027226702,-1.1828194109228845,0.1465074016264113,-0.4686607999164773,-0.6966322742071476,0.0165071997365622,0,1
-0.048108841375995,-0.4820473391260997,0.8742132306136323,-0.5116956139487759,-0.64576398218408,-0.7801989421687283,-1.0179571239336918,-0.4846868905455974,1,2
1.030632804639473,0.004619428946078,-0.2097881403181392,0.3823439484508684,1.4496007337873893,-1.1174009084508116,0.5439256899269784,-0.5189049609664674,1,0
-0.3323814585152955,-0.0034916838551248,0.4012910638835952,-0.5511455255272825,0.2003397260802999,-0.4339253311288469,-0.9813504954838324,-1.9097688821912548,1,1
-0.9333031735944926,-0.9358190386156208,-1.2858189129342366,0.7373931526574257,-1.1226481607701586,-0.8413502884376145,-0.088555501623371,-0.2431475699276887,1,2
0.7098921734115891,-1.199430204654717,0.4046121465151261,0.3861463495668689,0.4952472426537768,0.089691884424876,1.1621709704134937,1.206088353779759,0,2
1.119223394961984,-0.8312758069556716,-1.1137868326209226,-1.6557430497254608,-1.0887103910057507,0.346142111360344,-0.8044184579761782,-0.3900839899702496,0,2
-1.1809298838935578,0.4899343448847216,-0.6568058625222342,0.8039351721874365,1.0757001324174456,0.3687507182437678,-0.8878002227786358,0.3466109379143701,0,1
-0.5456748677455966,-1.925374800362382,0.2033545390443375,-0.7593269866283161,-1.1056792758879546,-1.1224772692479212,-0.9874516002254754,-0.9818553254841248,0,2
0.4780979180095185,-1.4846710048303544,0.5998918052491584,-1.056864873955364,-1.4339394282643845,1.4672187907294505,0.6781499942431298,-0.0257621813715718,0,2
-0.7415347873140384,0.4660516238589573,0.5401123178815972,0.0610410541488165,0.6982887272787698,-0.5890833588256907,-0.9528786733561636,-2.419014283160678,0,1
-1.1263168091365083,-0.2134793819307127,-1.1463334424099276,2.094375050930145,-0.4327752202143468,-0.5871092185157036,2.431200756675288,-1.793024877225933,1,2
-0.9420199184254224,1.551138269708776,0.0612122024148036,-2.0640258695560267,-0.6188478199571358,-0.7385539822961431,-1.0749007681890286,-0.8691369758624338,1,1
0.0274955780759465,0.4971442229302356,-1.605971278613841,0.0733988577758184,0.3027381693349794,0.4091735912577893,0.1453201801396199,-0.4021609560011455,0,1
-0.7527420306680909,1.6890271873292262,2.2916512977511334,-0.8425045110408296,0.6982887272787698,0.5303952069591406,-0.3651389165778648,0.2479823819953905,0,1
0.1278270900074643,-1.4540290231369208,-1.6239051248241094,-1.2697993364513986,-1.1899385663375197,0.5325103572912696,-0.9284742543895907,0.4210855617715579,1,2
1.1727691132091236,-0.4360843665859494,2.2916512977511334,0.1023921662853231,0.1412411959733135,0.5100897637707018,0.3222522176472738,-0.6658413810090282,1,0
0.5501444824284278,-0.442393009875774,0.5235069047239413,2.19086097924866,-1.0360483344747728,1.1356572253330446,0.5459593915075261,0.0326098211110891,0,2
-0.0100397925225468,-1.1895166223421356,1.889800299335863,0.0177887414543095,-0.2332445393580856,1.5821889621158425,-0.5298687446022322,0.0768920298910394,0,2
-0.821408632805619,0.6791936435794572,0.8994534586132699,-0.2654901416877364,-0.8897648441109448,1.8198848561064327,0.8489809270091405,0.2157771392463361,0,2
-0.8898973421914955,0.8400640474699829,-0.4834453491563074,1.746930648955589,-0.3906455749895643,-0.3991898623412167,0.1656571959450973,-0.297493917066718,0,1
-0.3916197448152874,-1.5644302807088502,-0.0218148633734754,0.9146801046909544,-0.7136395217128961,0.0065899780425616,-1.0606648571251944,-0.4021609560011455,0,2
-1.1704342115461115,-1.8893254101348127,-1.1622746390412773,1.4303807560485378,-0.0951529244546321,-0.4481203400244685,-1.1338781140249132,-0.138480530993262,0,2
-0.0171555025886117,0.4029651909607121,0.7672743698783289,0.1627552840018328,0.7293008272359013,0.9894298323718568,-0.5949471951797602,0.4653677705515082,0,1
-0.2745663142285165,-0.8808437185185785,-0.5996832412598981,0.6817830363359165,-1.1050941419264992,-0.3838197699277456,0.0232980853067549,-0.0619930794642579,0,2
-1.3276914040061505,0.9684900001556962,0.8396739712457085,-1.8515667071994928,0.3735393786710721,-0.5831139345550155,0.0822754311426396,-1.0341888449513377,1,1
-0.1011208813681798,-0.2058188865073543,-0.2031459750550772,0.8856867961814497,-0.0255219830414501,1.4964078653128312,-0.5156328335383981,-0.2230192932095301,0,2
0.1888443038239726,1.9837309524396,-0.733854979573757,0.6328271219674088,1.1113933040662196,0.5573281211882505,-0.2126112980367837,0.2459695543235751,1,1
-0.9829352513052968,-1.4373561801566703,-0.7956271165202365,0.1632305841413328,-2.625857307748853,0.4310301446897896,0.8957560633617389,-0.4263148880629357,0,2
2.3038112282101704,0.1722490935042725,1.1598263369253123,1.0544183457039769,2.2184667591396683,-0.7466855602396615,1.7580455335139833,1.5019740215366977,1,0
0.2060999007341805,-0.8010844426400827,0.8835122619819197,0.5881489088544016,-0.1712203394438226,0.2446618987588638,-0.2959930628392414,-1.3864336875191203,0,2
0.2959357403182522,-1.3314610963631874,-0.6435215319961093,-0.9028676287573392,-1.683791629805802,1.108066264333939,-0.178038371167472,0.7934586810574998,0,2
0.0340776098870568,0.4705577976374035,-0.1427022711612098,-0.2826009467097391,-0.5831546483083618,0.242217725041737,-0.4871610114107295,-0.7443416602098485,1,1
-0.4577958484296927,0.5386010216919394,0.9831447409278544,-1.2864348413339013,0.6298280537884984,0.2893620757778575,-0.5074980272162071,-0.611495033869999,0,1
0.0184230477417137,0.5683417686296837,1.22558377302963,1.5834274009675626,0.9352679816681708,-0.3444309704094315,-0.5725764777937349,0.8377408898374494,1,1
-1.1519333653743429,-1.1489610583361207,-1.9467143566089384,0.1399408773058293,-2.174133889505353,1.103882967010395,-0.466823995605252,0.3727776976479766,0,2
-0.0315648154723936,-0.6388621866160235,-1.5627972044039358,0.5729393043903993,-1.2496222304059612,2.540258055888871,-0.9203394480673998,0.1574051367636751,0,2
-0.0973851335834957,1.8566568518874207,-1.3303214201967544,-0.5221522170177778,-0.1659541337907248,1.6094979030706644,0.9099919744255728,2.0494631482706223,0,1
-0.5045816421140707,-0.0940657768018915,0.0253445099942666,0.3010676245963553,-0.5755479068094426,0.030091648399551,1.359440023726625,-0.1686729460705009,0,2
-0.119265942036646,1.2244406707714344,1.341157448606914,-1.011711360702857,0.525674208649453,-1.1858377725303646,-0.0234770510458431,-0.3820326792829862,1,1
0.881736571507061,-2.1524859587960647,0.1097000088351589,0.4436576664463781,-1.322763975587875,-1.1382233883871042,-0.2817571517754071,-0.8832267695651451,0,2
1.0877363779196456,1.438033307869779,-0.7996124156780742,0.9298897091549568,0.8369654761436786,1.4864901604221816,-0.6844300647238611,-2.87995182000652,1,0
0.6362445742278153,-0.3878683071565763,-0.3924476850523532,-1.2783547389624,0.2307666920759761,0.9640010250455944,1.2984289763101926,1.5422305749730147,0,1
-0.8779785278308365,-1.4314981542446903,0.5859432581967271,0.3248326315713591,-3.190511580553228,0.8753057211183164,0.0456688026927802,-0.7906366966616143,0,2
0.1306733740338906,1.2631937652660707,0.3660875879893647,-1.8563197085944927,1.8223310672344228,0.001325603882596,-0.798317353234535,-0.1284163926341823,1,1
0.9708608400845268,-1.972689625036066,-0.3273544654743426,-1.5041223052249366,-0.8915202459953109,-0.2491551987821965,0.6151052452461495,1.6126795434865715,0,2
1.6610847164928404,-1.2589116985302051,1.0489021770321725,-2.08303787513603,-0.2677674430839489,0.2525114566580983,-0.5115654303773025,0.2922645907753409,1,0
-0.1473729967976031,-1.427442597844089,-2.5551366947054475,0.5163785877898901,-0.9295539534899058,0.266518452190864,-0.6295201220490719,0.1835718964972817,1,2
-0.5682672472053534,0.4056688952277799,-0.0138442650578003,-0.2735702440592376,-0.9605660534470376,-0.078204048605456,4.519812279897825,1.361076084509584,0,1
-0.5172120274813363,-0.0016892143437464,1.4939272496573477,-0.4327957907917632,0.1353898563587604,-0.5836779746435832,-1.0871029776723151,-0.2310706038967936,1,1
-1.3606015630617017,0.3637614790882313,-1.0307597668326434,0.6974679409394194,0.2436396392279929,-1.0265434508506908,0.8001720890759946,-0.6940209684144509,0,1
0.2366974540182604,-0.7573745569891557,-0.7092789681004265,0.3947017520778703,-0.1109515414139256,-0.922478054509942,0.934396393392146,-1.491100726453548,1,2
-0.8331495544146265,-1.2985660277805309,0.5773084433547463,-1.3491744597479114,-0.373091556145905,-0.7138302250805902,-0.4810599066690864,-1.8131531539440915,0,2
-0.291999803890376,1.1843357241432642,0.2624698098855923,0.0154122407568091,0.9469706608972772,0.3293619187254537,0.0456688026927802,-1.1388558838857652,0,1
1.1290074963028232,1.0757369360827136,-1.523608429351868,-1.5796950274054486,1.025963745693744,-0.8037946192071455,0.9425311997143369,0.9907157928954584,1,0
0.1470395071858401,-1.6644673385903532,-1.2705419328291934,-1.042605869770362,-1.311061296358769,-0.0944202011517786,-0.6417223315323584,1.1779087663743375,0,2
-0.4046059156858561,0.0379651149065788,0.5480829161972722,-1.483684399226433,0.1073034262089055,-0.3933614480926833,1.103193624577609,-0.9798424978123084,0,1
-0.9398852054056028,-1.477461126784841,0.5952422895650143,2.150935767530654,-2.3473335420961248,2.085923764547552,1.568911286523043,1.4657431234440117,0,2
-0.9439767386935904,1.9648050225701263,-0.7869923016782558,0.424645660866375,0.5092904577287043,-1.0896689374295645,-0.3671726181584125,-1.4588954837044934,0,1
0.0369238939134828,1.214076471081008,1.96419255028216,0.8566934876719451,0.941119321282724,-0.6080727084741382,-0.0600836794957026,1.338934980119609,1,1
-0.6789165387326656,1.2352554878397046,-0.0350991938996002,0.0624669545673166,1.648546280682195,-1.061748953045461,-0.9874516002254754,-0.4243020603911203,1,1
-1.062097525790271,-0.4843004260153226,-0.1114840944248169,-0.9722614491243504,-0.2987795430410804,-1.165626336023354,0.0639721169177099,-1.078471053731288,0,1
-1.371275128160799,-0.7443066530316621,0.117670607150833,1.4232512539560365,-0.6317207671091525,0.215754844219767,0.1798931070089316,0.3204441781807629,0,2
0.1740792054368876,-0.0291768743922676,0.4225459927253941,-1.848239606222992,0.3793907182856251,0.0236521907217359,1.206912405185544,-1.152945677588476,1,1
-0.5022690363425996,1.3920703353296289,-0.1586434677925595,0.4118125570998731,1.4086413564855176,0.264450305199449,0.273443379714128,0.4854960472696668,1,1
0.0283850418342048,-0.9421276819054452,-0.2277219865284077,-0.6604645576122999,-0.0050422943905142,-0.3239375138581367,0.706621816370798,0.2359054159644954,0,2
0.4663569964005112,0.3741256787786571,2.054525997859809,-1.0492600717233629,0.190977582697015,-0.1403894683700497,-0.8328902801038467,1.7032567887182877,1,1
-1.2179315762370964,-1.474757422517773,0.928678985770744,-0.1381097043017156,-0.596612729421834,1.1659743800935611,-0.6945985726265999,-0.3276863321439569,0,2
0.355707704873199,-2.165103245375714,0.7958356805094974,-0.4399252928842643,-0.8254001083508605,1.423693697228306,-0.8796654164564449,0.841766545181082,0,2
-0.8379526587092203,-0.3063065617667023,-0.0842512168462611,-0.7835672937428201,-0.1138772112212021,-0.9424544743133828,-0.7006996773682431,-1.1408687115575806,1,1
-0.4992448595645219,-0.6933868893352212,0.5573819475655595,-1.5597324215464454,0.2553423184570992,-0.9903978818416412,0.853048330170236,-1.36227975545733,0,1
-0.4960427900347926,0.7557985978130408,1.531123375130497,-0.1618747112767194,0.6192956424823028,-0.5499295760109465,-0.7291714994959115,-0.1968525334759229,1,1
0.5223932131707739,0.6548603051758487,-0.6030043238914291,-0.1000856931417097,1.4349723847510063,-0.4360874848016899,0.0944776406259262,-1.19521505869661,1,0
-0.7395779670458705,-0.2842263102523163,0.7619606376678791,0.1888967916743371,-0.2800552562745105,0.6111469463057561,-0.2797234501948594,-0.4263148880629357,0,2
-0.0449067718462656,-0.9957511498689536,0.5201858220924104,-0.9613295459158488,-2.4157942155863967,2.5524789244745056,-0.3671726181584125,-0.4605329584838064,0,2
0.4199269882194365,1.2640950000217597,0.4889676453560175,2.239341593477668,1.5906180184981191,-0.9208799409256664,-0.1271958316537783,-0.0297878367152035,1,0
-0.038502632786807,-0.0985719505803373,-0.4748105343143262,0.3870969498458692,1.1377243323317086,-0.8504219331954125,0.0477025042733279,0.7994971640729478,0,1
0.0461743169993676,-1.0435165919204823,0.1362686698874076,0.7887255677234342,-0.658636929336097,1.220357245299634,-0.7820477405901529,0.2560336926826547,0,2
-1.0613859547836644,-1.125528954688201,-1.8523956098734533,-1.0687473774428662,-0.356122671263701,-0.5320683065396344,0.6984870100486071,0.5841246031886463,0,2
-0.9140907564161168,0.2398417001809638,-0.1586434677925595,0.5900501094124018,0.0657589149455784,-0.0149375520044405,-0.5176665351189458,0.5982143968913577,0,1
0.2672950073023403,-0.8483992673137667,-0.6800534409429524,-0.7697835896973177,-0.0922272546473556,0.8528381242570348,-0.0275444542069386,-1.3220232020210114,0,2
-0.8936330899761797,0.1105145127395609,0.6178256514594265,-1.7550807788809768,-1.0822739174297422,-0.4145129514139737,1.0625195929666538,2.774081110124347,0,1
-0.1991397875282266,-1.2909055323571728,0.0220234273627357,0.1118981690753246,0.076291326251774,-0.3714578913199692,-0.8755980132953494,-0.9838681531559402,0,2
-0.1466614257909965,-0.5311646333111619,-0.4821169161036948,-1.013137261121357,-0.5065020993577161,-1.050186131229822,1.365541128468268,1.8944754175407967,1,1
0.1804833444963462,0.7720208234154468,2.2916512977511334,-0.4261415888387623,1.226664694472916,-0.7207397161655451,-0.2695549422921205,-0.3357376428312204,0,1
-0.8740648872945007,-1.4761092746513071,-1.0148185702012935,0.169884786094334,-1.6656524770006875,0.8326736910907377,-0.121094726912135,-1.112689124152158,1,2
-0.5346455171431957,-0.2900843361642961,0.478340180935118,0.5686616031348986,-0.8201339026977627,0.5544139140639838,-0.4627565924441565,0.4351753554742693,0,2
-0.3925092085735455,-0.2112262950414895,0.0206949943101235,0.4916629805358859,-1.608309348778067,0.6024983316143838,-0.4281836655748449,-0.02173652602794,0,2
0.147573185440795,0.5665392991183053,-0.8241884271514046,0.7849231666074334,1.004898923081353,-0.4155470249096812,-0.8511935943287764,-0.8731626312060662,0,1
-0.8150044937461605,0.3678170354888326,-0.1805626131606651,-0.4594125986037677,-0.9558849817553948,0.6001951679193991,-0.4688576971857998,0.2761619694008133,0,2
-0.0765716816402553,-0.9822326285336156,0.5035804089347545,-0.4960107093452736,-0.6217734897644123,-0.0533392813677612,-0.4363184718970359,-0.0499161134333628,0,2
1.0991215140253496,0.8504282471604091,-0.2894941234748873,-0.9556259442418478,0.993781377813702,-0.3765342521170789,-1.0382941397391692,-0.7000594514298981,1,0
0.5480097694086082,-0.3914732461793331,0.4670484999879119,0.2991664240383549,0.7696750705763179,-0.4299300471681587,1.3106311857934791,0.3466109379143701,0,0
0.4313121243251406,0.1114157474952502,-0.3293471150532614,-1.0245444644693589,-1.1273292324618014,0.7588784461697913,-0.918305746486852,0.0245585104238257,0,2
0.2544867291834231,0.696767721315397,0.0751607494672341,-0.2303179313647306,1.0101651287344506,-0.2390494805286912,-0.806452159556726,2.2487330877803955,0,1
1.447079736255933,-1.662664869078975,-1.728187119454188,-0.2588359397347353,0.3501340202128596,-0.3627152699471691,3.980881361052672,1.2624475285906045,0,0
0.3644244497041289,0.1488169898563527,-0.4827811326300013,-0.6614151578913003,0.3267286617546472,-0.8394231514683415,0.4849483440910935,-1.1167147794957897,1,1
-0.0616286905015186,0.9459591312634658,-0.9337841539919334,1.2307546974585055,-0.2648417732766724,0.7609465931612063,0.9465986028754324,-0.6859696577271875,1,1
0.2857958534741096,-0.7100597323154716,0.2192957356756868,-0.9161760326633414,0.0879940054808802,-0.2014468079575081,-1.095237783994506,0.8961128923201112,0,2
-1.2839297870998505,0.0289527673496869,0.2644624594645111,0.880933794786449,-2.065298972674665,1.5603324086838424,0.12701686591469,1.987065490444329,0,2
-0.2297373408123064,-1.817226629679676,1.1465420063991885,-0.5535220262247829,-2.297012021410968,-0.4412578522802276,2.3661223060977603,1.7133209270773666,0,2
1.3926445542505348,-0.4933127735722149,0.0964156783090341,0.0139863403383088,1.3243820660359529,-0.7660979399545347,-0.6173179125657854,0.9806516545363786,1,0
-0.6954605646362668,-0.2098744429079559,0.7161296973527492,0.2796791183188518,-0.4912886163598778,-0.4614222854465244,-0.1760046695869241,1.3791915335559275,0,2
-0.3088996152972807,-0.028726257014423,-0.3539231265265918,-0.5197757163202774,0.3700285749023402,-0.4896242898749117,-0.6152842109852377,1.1758959387025207,0,1
-0.0630518325147315,-0.5631584671381292,0.2724330577801852,2.482219964762207,-1.3578720132751938,2.866931273851024,1.021845561355699,1.0913571764862526,0,2
-1.2412355267034596,-1.437806797534515,-1.6312115066134778,-1.1096231894398727,-1.1940345040677065,0.2369063475410574,1.9695504978909493,0.8900744093046632,1,2
1.118511823955377,1.362780205769729,0.8815196124030008,-1.2678981358933985,-0.4936291522056991,2.4314453221360104,-0.6295201220490719,-0.913419184642384,0,1
1.60415903596432,1.8575580866431096,0.3195924311479283,0.2948887227828541,1.9241443765276467,-0.3313640416909453,0.0395676979511369,0.8256639238065543,1,0
0.0337218243837536,-0.6645473771531663,0.2146462199915436,0.0791024594498193,-0.1630284639834482,-1.1111494641358524,0.3080163065834397,-1.2415100951483755,1,2
-0.5743156007615088,-0.3608312644858997,1.094733117347302,0.2064828968358398,-1.140202179613818,0.365742504438073,-0.3427681991918395,-0.6779183470399234,1,2
-1.0268747609632487,-1.04622029618755,-0.856070820414104,-0.7246300764448106,-1.5644243016689188,-0.8036066058442897,-0.4952958177329206,-0.1002368052287603,0,2
-1.1088833194746488,0.2650762733402617,-1.255929169250456,-0.0183340691476962,-0.4210725409852406,0.1692685402536421,0.2368367512642684,-1.6722552169169786,0,1
0.3895073276870083,-1.2589116985302051,0.424538642304313,-1.1196044923693742,1.0423474966144928,-0.6985541393485472,-0.9935527049671188,0.0205328550801939,1,0
-0.3425213453594383,0.0469774624634711,-0.2456558327386762,-1.4228459813704233,-0.6352315708778844,-0.4000829258147823,0.7086555179513461,-1.3642925831291457,0,1
-0.3325593512669471,1.068076440659355,-1.0141543536749875,1.0539430455644767,1.2272498284343711,-0.9379421536048408,1.1214969388025386,0.3325211442116588,1,1
-0.2482381869840758,-0.6140782308345701,-1.2678850667239685,0.5715134039718988,-1.4889420206411834,1.178994305471333,1.416383667981962,0.3083672121498677,0,2
-1.188579272214578,0.9333418446838166,-0.7351834126263697,-1.1343387966938767,0.324388125908826,-0.7757806281416143,0.4727461346078073,2.3916438524793247,1,1
-0.0349447777537745,-0.3504670647954738,-0.7325265465211448,-0.2616877405717357,-0.4339454881372573,-0.1519992935264026,-0.0295781557874863,-0.1485446693523416,0,2
-0.7876090099918098,1.348811067056546,0.4444651380934997,-0.560176228177784,-0.8154528310061203,1.946793876034176,-0.2187124027784268,2.1641943255641287,0,1
2.1341015431345176,-0.7416029487645943,1.246174485345123,-1.531214413176441,0.518067467150534,0.1813483988171346,-0.6701941536600268,-1.5897292823725266,1,0
-0.7294380802017277,0.8306010825352458,0.0299940256784108,0.6228458190379071,0.305663839142256,-0.8015384588528746,-0.5502057604077097,0.9846773098800105,0,1
-1.2147295067073671,1.2357061052175495,0.360773855778915,-0.2987611514527418,-0.2420215487799152,-0.6609514667773643,-0.2065101932951404,-0.0277750090433873,1,1
0.0095284101591323,1.7782494281424583,-0.3924476850523532,0.2107605980913406,0.5678038538742354,-0.5056524290583786,4.151712293818682,-1.803089015585012,1,1
-0.714495089062991,0.4894837275068771,-0.2064670576866082,1.098621258677484,0.3296543315619237,-1.0309147615370908,-0.2309146122617134,-0.4846868905455974,1,1
1.285197332252952,-1.4824179179411316,1.3630765939750196,0.4902370801173858,-0.3572929391866115,0.4423109464611444,0.586633423118481,-0.0136852153406759,0,2
0.4446540806990127,-1.3553438173889516,-1.4844196542998005,1.3068027197785177,-0.9816308760594288,1.852364164539792,-1.0220245270947872,0.2640850033699182,0,2
1.5002696689997694,-0.5478374762914127,-0.1141409605300418,-1.3814948692339168,-0.2964390071952592,0.6734263727517779,-0.2695549422921205,1.3993198102740856,1,0
-0.4227509763543222,-0.3630843513751229,-0.3791633545262288,-0.0544568797497023,0.1529438752024197,0.2879519755564383,2.32138087132571,-0.0700443901515214,0,1
-0.151642422837242,-1.3242512183176736,1.3683903261854695,0.497841882349387,-0.5579938879657833,0.1903730402342183,-0.2858245549365025,-0.5470845483718901,1,2
-1.187511915704668,-0.913738787101235,0.1070431427299336,0.8243730781859396,0.172253295930445,-1.2171419974458746,-0.5522394619882576,1.1919985600770475,1,2
0.0009895580798541,-0.601460944254921,1.3577628617645698,-0.5744352323627864,0.5484944331462102,-0.2335500896651556,-0.9610134796783548,-0.2572373636304001,1,1
0.5775399661827784,0.565638064362616,-0.4435923575779333,-0.6832789643083038,0.0441089583717319,-0.310071528347513,0.143286478559072,0.044686787141985,1,1
-0.0071935084961205,-0.9808807764000816,-0.1646214165293154,0.6737029339644156,-1.4345245622258396,1.8340328616613408,1.5323046580731836,-0.5631871697464169,0,2
-0.280080989529717,0.9256813492604582,0.5739873607232153,-0.4404005930237646,-0.0015314906217823,-0.7312684644854764,-1.015923422353144,-0.1968525334759229,1,1
0.2413226655612028,1.319971554874491,1.0987184165051396,-0.7483950834198143,0.0095860546458685,-0.8615147216039114,0.8469472254285928,-0.1284163926341823,1,1
0.6727125883163991,-0.934467186482087,-0.1393811885296788,0.2573400117623483,-0.5942721935760126,0.1838865792156893,-0.6010482999214034,-0.1807499121013961,1,2
-1.1811077766452096,-0.5663127887830415,0.0200307777838169,1.0967200581194838,0.0879940054808802,-1.1647332725497883,-0.2126112980367837,1.7535774805136852,0,2
-0.3898408172987711,1.4605641767620092,1.1312650262941448,-1.58872573005595,0.4115730861656673,-0.044596659994961,-1.0057549144504052,-0.0901726668696807,0,1
-0.342165559856135,-0.6167819351016376,1.7423442304958792,-0.1438133059757167,0.5040242520756064,-0.2942314025269021,5.931201176797962,0.4955601856287465,0,1
-0.8943446609827862,1.4529036813386509,-2.1174180038696404,-1.941873733704507,-0.9272134176440848,2.5319854679232106,-0.9874516002254754,0.8457922005247136,0,1
-0.4988890740612187,0.7535455109238179,-1.5694393696669982,-0.3391616633102481,0.9065964175568606,-0.2988377299168722,-0.2105775964562358,0.7230097125439431,0,1
-1.2469280947563115,-0.5077325296632424,1.450753175447443,-1.6267497412159562,-0.4374562919059893,-0.7557572049974592,-0.0051737368209134,-0.2673015019894798,0,1
0.749562257029902,-0.1657139398791841,-1.0586568609375049,-2.055470467045025,0.3267286617546472,-0.2716697989841924,0.8103405969787334,-0.7222005558198736,1,1
-0.6378233131011396,0.4597429805691327,-0.7571025579944752,1.0206720357994714,0.7351521668504545,-0.0037507569145135,-1.0891366792528627,-0.02173652602794,1,1
0.2630255812627013,0.7657121801256221,0.5607030301970906,0.1332866753528281,1.6029058316886808,-1.1858847758710789,0.0700732216593532,2.033360526896096,1,1
0.1235576639678254,-1.7820784742077962,1.1007110660840576,-0.3348839620547476,-1.1325954381148993,-1.0191169230178825,-0.9549123749367114,-1.756793979133246,1,2
-0.6589925505476834,0.273187386141465,-0.058346772320318,1.3391231292645231,0.5859430066793501,0.8110051510215935,1.1886090909606144,0.576073292501383,0,1
0.6613274522106949,1.0541073019461722,-0.1652856330556219,-0.9214043341978424,0.9545774023961962,-0.7817030490715755,0.1310842690757856,-0.6014308955109193,1,1
0.1020326410179786,0.2182120660444224,-0.436950192314871,-1.1875724123178852,1.2038444699761588,-0.4051592866118919,-0.6884974678849566,0.014494372064746,0,1
-1.029543152238023,1.5470827133081742,1.135914541978288,-2.5825783217506104,0.4601392049664581,-1.1711727302276032,1.0747218024499403,-1.1448943669012124,1,1
0.1875990545624111,0.8774652898310854,-0.0078663163210449,0.7454732550289271,0.4390743823540669,-0.8978013006351031,-1.0037212128698574,-1.68634501061969,1,1
0.1685645301356871,-0.3995843589805364,0.7779018342992284,-2.045013863976024,0.2143829411552274,0.5928156434273042,-0.580711284115926,0.4251112171151904,1,1
-0.2962692299300151,0.7192985902076274,-0.6694259765220525,-0.8092335012758242,0.390508263553276,1.2324371038631268,-0.145499145878708,-0.5672128250900487,0,1
0.4071187101005193,-0.9250042215473502,-2.013136009239562,1.9365754046161192,-0.5989532652676551,0.2756841036300899,-0.4729251003468954,0.2983030737907881,0,2
0.3806126901044269,0.2727367687636202,-1.5335716772464616,0.4959406817913866,0.7363224347733651,0.1367422284795687,1.1296317451247295,0.5800989478450147,1,1
-1.316484160652098,0.6093479500135429,0.024680293467961,-1.137665897670377,-0.0149895717352545,0.5289851067377211,-0.523767639860589,-0.3135965384412456,0,1
-0.6155867191446862,0.9054035672574512,-0.2044744081076894,2.3519877265391864,-0.4784156692078609,0.8786429583090088,-0.5074980272162071,1.4697687787876426,1,2
-0.8609008236722804,-0.6942881240909106,-0.1028492795828357,-1.5250355113629397,-1.1893534323760644,-0.2211882110573791,1.6421245434227625,-0.114326598931471,0,2
-0.1539550286087131,1.621434580652535,-0.5970263751546733,-1.2488861303133951,0.4308825068936925,0.186753782999242,-0.5156328335383981,-0.812777801051589,1,1
-0.4585074194362992,-0.5951523009650964,-1.5608045548250171,-1.1257833941828752,-0.5129385729337244,-0.0972404015946174,-0.2390494185839044,0.5478937050959602,0,2
-0.381301965219493,-1.290454914979328,0.2511781289383862,0.5178044882083901,-1.4046827301916187,0.5486325031561643,-0.6091831062435944,-0.4263148880629357,0,2
-0.135454182436944,0.951817157175446,-0.3652148074737979,-0.0891537899332078,0.0160225282218769,-0.2962525461776032,-0.7515422168819368,-0.3035324000821659,1,1
-1.3029643115265743,-0.6726584899543692,-0.6229308196806165,0.008758038803808,-1.3607976830824704,-0.5315512697917808,-0.6783289599822178,-2.698797329543088,0,2
0.0282071490825531,-0.9371708907491546,0.6716271900902315,0.0714976572178181,-0.2712782468526808,-0.4527736707551525,0.0456688026927802,-0.2713271573331114,0,2
0.3619339511810061,1.1487369512935397,-0.1420380546349037,-0.5278558186917787,1.7064745428662709,-0.5004820615798408,-0.0194096478847476,0.7250225402157593,1,1
0.0696561602173823,-0.5595535281153724,0.1023936270457904,-1.7717162837634794,-0.1589325262532611,-0.1904480262304372,-0.3976781418666287,1.1839472493897842,1,1
-0.516856241978033,-0.108485532892919,0.2359011488333426,1.0957694578404835,-1.1998858436822597,0.7654119105290342,0.2429378560059117,0.7089199188412324,1,2
0.6004881311458383,-0.4779917827254981,0.3036512345165781,1.2559456048520097,-1.21861013044883,3.677832907848584,-1.0179571239336918,0.6686633654049138,0,2
-0.8600113599140221,-1.1669857534499053,0.579301092933665,-1.804987293528485,-1.3561166113908278,0.3974227560792946,0.4646113282856162,-2.435116904535205,0,2
-0.0228480706414639,-0.5829856317632919,-0.8892816467294157,-0.1205235991402128,-0.879232432804749,0.6916166656080877,-0.3081952723225278,0.0305969934392736,0,2
-0.0667875802994159,-1.4495228493584749,-0.7218990821002448,1.413269951026535,-0.4591062484798356,-0.1195669884337573,-0.7291714994959115,1.0349980016754086,1,2
-0.4241741183675351,1.2104715320582513,-2.975585755857293,0.7549792578189287,0.1652316883929813,-1.032230855077082,2.360021201356117,1.6368334755483618,1,1
-0.4245299038708385,-0.4838498086374781,1.4288340300793374,1.2687787086185116,-0.6147518822269485,-0.9498339988054776,1.9451460789243764,-1.0442529833104175,1,2
0.3576645251413669,-0.3252324916361757,0.9525907807177684,1.410893450329035,-0.1957959658249457,0.3005488708677847,-0.0031400352403657,0.1855847241690979,0,2
-0.7296159729533793,0.8616936816065243,0.3953131151468388,0.4845334784433847,0.6427010009405152,0.1329349578817364,-0.5603742683104485,0.2761619694008133,0,1
-0.0587824064750926,1.261841913132537,0.4530999529354805,2.1666206721341563,1.4964114507038142,0.3147908831041201,-0.4566554877025133,-1.454869828360861,1,1
0.6469181393269131,0.8869282547658218,0.5759800103021341,-1.808314394504985,1.3126793868068467,-0.2948894492968979,-0.2187124027784268,0.0044302337056671,1,1
-0.5947732672014459,-1.0061153495593798,-1.39275777366954,-0.3515194669372503,0.4788634917330281,-0.7632307361709819,3.4582200548519006,0.6344452949840439,0,1
0.0529342415621293,-1.566232750220229,-0.8912742963083344,0.7868243671654336,-0.4561805786725591,-0.2689436052227816,0.1392190753979766,-0.3880711622984341,0,2
-1.0263410827082935,1.1514406555606076,-0.995556290938413,-0.930910336987844,0.6801495744736552,-0.1229982323058776,-0.6071494046630467,-2.153321030480979,1,1
-0.8963014812509541,-1.6518500520107045,1.773562407232272,0.7592569590744295,-1.7885306089063029,2.3290720460609644,1.68889967977536,0.9343566180846128,0,2
-0.7187645151026301,-1.0759610431252942,0.6350952811433889,-0.7792895924873193,-0.5743776388865321,0.1381053253602742,-1.160316234572034,1.6670258906256017,0,2
1.7053800116540958,-0.4243683147619897,1.2813779612393537,-0.5625527288752844,1.2764010811966175,-0.7752165880530465,0.1615897927840017,-0.7242133834916892,1,0
0.2818822129377738,1.7854593061879724,-1.2844904798816243,0.0173134413148092,1.495826316742359,-0.5440071550809852,-1.119642202961079,-0.0156980430124921,1,1
-1.2118832226809408,1.2794159908684766,-0.0875722994777921,-2.373921560510077,-0.5638452275803364,-0.4663106328807783,-0.6884974678849566,1.8421418980735844,1,1
-0.7915226505281456,0.1704466239928941,-0.6714186261009712,-0.8396527102038291,-0.8669446196141876,-0.5916215392242457,-1.0504963492224555,-2.111051649372845,1,1
-0.2423677261795721,0.4791195278164509,0.5022519758821423,-0.6338477498002957,-0.8254001083508605,1.0715446685991776,0.5723975120546466,-0.0982239775569441,1,2
0.3259996153473772,-0.5928992140758735,0.0917661626248899,-0.3724326730752535,0.18161543931373,0.2451319321660037,-1.04642894606136,1.153754834312546,1,2
-0.893099411721225,0.8188850307112864,0.8695637149294891,0.6860607375914173,0.7772818120752367,-1.1287757169035946,-0.5420709540855188,0.2459695543235751,1,1
0.0481311372675355,-0.2333065465558755,-0.2489769153702071,2.0549251393516386,0.4700864823111984,0.5817698583595193,0.6822173974042252,0.7089199188412324,0,2
-1.009085485798086,0.5052553357314385,-1.886270652715071,1.2673528082000116,-1.7118780599556571,1.7440214641940714,1.896337240991231,-0.1948397058041074,0,2
-0.0006114766850105,-0.4924115388165256,-0.0005599345316764,0.0800530597288196,-0.5813992464239958,-0.1001546087188839,-0.2715886438726684,-0.2793784680203749,0,2
-0.6168319684062475,0.0785206789125939,0.328227245989909,-0.4499065958137662,-2.243764830918535,1.5969480111000316,0.5540941978297169,0.8860487539610314,0,2
-0.8810027046089142,0.7643603279920883,-0.0038810171632074,0.0895590625188211,-0.0945677904931768,-0.38316172315775,-0.8715306101342537,-0.6074693785263673,0,1
1.2321852922607672,-0.3310905175481556,-0.419680562630909,1.152330174440993,1.0136759325031826,-0.0197318927572665,0.0151632789845639,-0.7906366966616143,0,0
0.3076766619272596,1.4997678886344905,-0.0417413591626622,1.2207733945290038,0.9329274458223497,-0.5917155459056737,1.3635074268877203,-0.4404046817656471,1,1
-0.8258559515969097,0.456138041546376,1.3318584172386267,0.4498365682598793,0.8188263233385639,-1.114157677941547,-0.5034306240551115,-0.8188162840670363,1,1
-0.2889756271122983,-0.6109239091896579,0.9831447409278544,0.9023223010639522,-0.4918737503213332,-0.5807167641786025,-0.5786775825353783,0.2499952096672068,0,2
0.4524813617716843,1.891354389981456,-1.529586378088624,1.4165970520030355,0.6538185462081662,0.6630386344539884,-0.6234190173074287,-0.687982485399003,1,1
0.1048789250444045,-0.4815967217482549,0.1156779575719143,-0.1994234222972256,-0.8915202459953109,2.367661788787141,-0.8003510548150826,-0.9033550462833044,0,2
-0.4054953794441143,0.2033416925755504,0.4610705512511556,-2.138647991457539,-0.4397968277518104,1.4526947584488312,0.3629262492582288,-0.5088408226073877,0,1
1.412212756932214,0.8842245504987548,0.0691828007304787,0.7535533574004282,1.815894593658414,-0.0319997646836147,0.4666450298661638,-0.4565073031401747,1,0
-0.9496693067464425,0.8391628127142938,-1.210762445461632,-0.1633006116952198,0.1541141431253304,-0.9834413874159722,1.1865753893800666,1.6267693371892828,0,1
0.2452363060975385,0.9256813492604582,-1.0347450659904804,0.2392786064613452,-0.0846205131484365,1.00837217867959,-1.158282532991486,-0.663828553337212,1,1
0.4539045037848973,0.7760763798160484,-0.5080213606296379,1.0529924452854769,0.1447519997420454,0.9551643969913663,1.6217875276172844,-1.36227975545733,0,1
-0.9585639443290236,-0.2098744429079559,-0.4376144088411775,0.901371700784952,-0.8558270743465366,1.2148108510953848,-0.5420709540855188,0.7994971640729478,0,2
-0.5905038411618068,-0.0084484750114155,-2.436241936496632,-1.2075350181768885,-1.0887103910057507,-0.5143480470904646,-1.142012920347104,0.2198027945899678,0,2
-0.2614022506062962,0.3051812199684319,-0.6010116743125103,-0.1495169076497175,1.0130907985417272,0.5329333873576956,1.1438676561885637,-0.186788395116844,1,1
1.200164596963474,-0.9569980553743176,2.2916512977511334,-0.1571217098817187,-0.0974934603004533,0.134063038058872,1.3146985889545746,0.4029701127252149,1,0
0.0002779870732475,0.2695824471187079,0.4643916338826865,-1.1010677869288714,0.5906240783709925,0.0326768321388199,0.4158024903524702,-0.1465318416805254,1,1
-0.298226050198183,1.0743850839491798,-1.6850130452442824,0.9289391088759568,0.1231020431681989,-0.6680489712251749,1.6421245434227625,-0.3377504705030366,1,1
0.7700199234698393,1.4876012194326862,-0.2948078556853371,2.2887728079856764,2.010744202823033,0.0213960303674648,-0.997620108128214,1.0672032444244623,1,0
-0.7472273553668904,0.5588788036949469,1.253480867134492,-0.0444755768202005,-0.1056853357608277,-1.3384106164879397,1.692967082936456,0.1312383770300687,1,1
-0.9687038311731666,-1.7036710504628343,0.1336118037821833,1.5083299789265503,-1.0184943156311137,-1.2741570497319308,-0.3997118434471765,1.4637302957721945,0,2
0.3663812699722968,0.6517059835309365,0.6091908366174458,0.559155600344897,-0.1829230186729288,1.1904161172648295,-0.934575359131234,-1.0965865027776311,0,1
1.6897254495087526,1.4799407240093276,1.0010785871381225,1.1898788854614986,2.129526396998461,-0.2915052087654914,-1.0281256318364305,-2.7672334703848285,1,0
-0.909821330376478,0.8242924392454212,0.6742840561954568,-0.0311671729141985,-0.762205640513687,0.7133792123586598,-1.174552145635868,0.5156884623469058,0,1
-0.3699168291137888,-1.885269853734212,0.8330318059826466,-0.5777623333392867,-1.5989472053947822,1.5343865646097263,-0.8633958038120629,-0.1284163926341823,0,2
1.6196357053580115,0.7999591008418127,0.6955389850372559,-0.9722614491243504,1.382895462181484,-0.2485441553529148,0.7106892195318938,-0.0760828731669693,1,0
-0.7015089181924222,-1.4981895261656926,-1.9553491714509192,0.647561426291911,-1.4708028678360687,0.2315479666996639,-0.6864637663044088,0.0165071997365622,0,2
-0.1519982083405452,0.4525331025236192,-0.95902438199157,1.0900658561664829,-0.7013517085223346,-0.820574811842036,-0.725104096334816,-1.3562412724418822,1,1
-0.3467907713990772,-1.019633870894718,0.4743548817772804,-0.9275832360113432,-1.693153773189087,1.5306733006933215,-0.4647902940247043,-2.169423651855506,0,2
0.7575674308542253,-0.57983131011838,1.921018476072256,-0.528806418970779,1.3144347886912124,-0.5721621561686583,-0.6437560331129061,-1.3260488573646438,1,0
-0.4618873817176802,0.7156936511848706,-0.4754747508406323,0.5700875035533987,0.2465653090352695,-0.1024107690731549,1.432653280626344,-0.5189049609664674,0,1
0.2873968882389741,1.230298696683414,2.059175513543952,-0.4004753813057581,0.8252627969145724,-0.2976156430583086,-0.047881470012416,1.1235624192353078,1,1
0.666486342008592,-1.730257475755666,0.3740581863050389,0.3752144463583672,0.4460959898915307,-1.2460960553256852,-0.5380035509244232,0.3768033529916083,1,0
-0.7056004514804096,-1.5720907761322085,-1.2844904798816243,1.1637373777889946,-1.1127008834254186,0.0167426996367809,-0.0865218000428233,-0.2652886743176635,0,2
-0.7737333753629829,1.259588826243314,-0.3592368587370416,-2.5811524213321104,-0.2859065958890636,1.1429427431437116,1.0909914150943223,0.7552149552929975,0,1
0.0113073376756485,-1.6270660962292507,0.5168647394608794,0.4398552653303776,-1.109775213618142,0.8095950508001741,-0.16176875852309,0.6606120547176504,0,2
-0.6374675275978364,1.6047617376722842,1.2162847416613427,1.3876037434935309,0.6538185462081662,-0.7896936169929519,-0.3875096339638899,-0.8188162840670363,1,1
-0.5182793839912461,0.7864405795064745,-0.444920790630546,-1.514103608154438,-0.0969083263389981,0.6993252134851801,0.7533969527233962,-1.136843056213949,0,1
0.0607615226348009,1.521848140148876,0.6145045688278955,-0.084400788538207,0.9446301250514558,0.0328178421609617,-0.9325416575506864,-0.398135300657513,1,1
-0.7694639493233439,-0.6654486119088555,0.3156071319900907,-0.5397383221792806,-0.8885945761880343,0.1070361171483342,-0.104825114267753,0.2942774184471564,0,2
-1.2686310104578102,-1.5919179407573711,0.1787785275710066,-0.4727210025097698,-1.1378616437679967,-0.9206919275628106,0.2714096781335801,0.0547509255010646,1,2
1.093073160469194,1.1014221266198558,-0.0643247210570743,-0.7018156697488067,1.0376664249228502,0.3315240723982965,-0.8878002227786358,-1.2294331291174807,1,0
0.6156090150362266,-1.9041957836036856,1.4022653690270876,-0.7640799880233168,-0.4918737503213332,1.4893103608650204,-0.047881470012416,-0.3357376428312204,1,2
-0.7253465469137402,-0.2643991456271537,-0.7232275151528574,0.1827178898608359,-1.405267864153074,-0.0306366678029095,-0.3793748276416989,-0.3055452277539821,0,2
-0.2847062010726594,1.0342801373210095,-0.3213765167375867,-1.1148514909743734,0.0698548526757655,0.4218174899098496,2.028527843726834,-0.4907253735610447,0,1
-0.9590976225839786,1.4880518368105302,0.4504430868302561,1.427528955211537,0.8913829345590225,0.1801733152992851,-0.6986659757876953,0.952472067130956,1,1
0.5586833345077058,0.7648109453699331,0.1435750516767762,1.885718289689612,1.099105490875658,-1.0663552804354308,0.0436351011122325,1.3852300165713742,1,0
-0.6559683737696056,0.4840763189727419,0.2750899238854106,-0.4708198019517694,1.0686785248799815,0.0238872074253058,-0.1739709680063764,0.6424966056713073,1,1
0.2336732772401827,-1.0786647473923618,-0.0563541227413992,1.5710695973405604,-0.7581097027834997,-0.2192140707473922,-0.4729251003468954,0.4069957680688473,1,2
-0.6661082606137484,1.3429530411445665,-1.7985940712426485,-1.001254757633855,1.052294773959233,-0.9103981959464492,-1.137945517186009,-0.0056339046534125,1,1
-0.3786335739447186,0.2808478815648231,0.5367912352500661,0.6275988204329079,-0.3590483410709776,0.0882817842034566,-1.1460803235081998,0.6787275037639935,1,1
-0.6223466437074481,-0.3234300221247972,0.8569436009296709,0.08385546084482,-0.3274511071523907,0.6661408549411111,-0.1922742822313061,0.097020306609198,0,2
1.660195252734583,0.5751010292973527,-0.3692001066316355,-0.7773883919293191,2.394006947576261,-0.0704484973876493,0.4158024903524702,-1.454869828360861,1,0
-0.2722537084570454,-1.6689735123687994,0.4026194969362074,-0.5373618214817802,-0.538684467237758,-0.0431865597735419,-0.2512516280671908,0.0225456827520102,0,2
-0.8448904760236338,0.621965236593192,-0.2489769153702071,-0.4470547949767655,-0.5931019256531019,1.6106259832477998,-0.8959350291008268,-1.19521505869661,0,2
-0.9414862401704676,-0.2490781547804368,-0.197832242844627,0.2825309191558522,-0.4596913824412911,-0.7441473798411065,-0.3183637802252665,-1.5756394886698153,0,2
-0.8480925455533631,1.5259036965494777,0.1907344250445192,1.0515665448669766,-1.5825634544740332,0.2668474755758619,-0.5461383572466142,1.1275880745789402,1,1
2.255602292512579,-0.9826832459114602,1.9316459404931552,-0.7579010862098158,0.5789213991418863,-0.6866622941479106,0.999474843969674,-0.895303735596041,1,0
-0.2010966077963945,-1.1102079638414843,-0.7119358342056514,0.0909849629373212,-0.4737345975162185,-0.2824335640076935,0.0761743264009963,0.1131229279837256,0,2
0.144726901414369,-0.3247818742583311,0.6417374464064508,-0.114819997466212,0.1664019563158919,0.3266357249640427,0.4137687887719224,-2.2378597926972468,0,1
0.7525864338079797,-0.6722078725765246,0.5733231441969088,0.2288220033923436,-0.7177354594430834,0.9934251163325448,1.1072610277387045,-2.6847075358403765,1,2
0.7349750513944686,2.017527255777946,-0.3353250637900172,0.0543868521958153,1.78020142200964,-0.909270115769314,-0.2146449996173314,0.7652790936520771,1,0
-0.5663104269371855,0.1988355187971043,-1.0002058066225568,-1.360106362956413,1.210280943552167,0.1325589311560247,0.627307454729436,0.1352640323737004,0,1
-0.7233897266455723,2.0734038106306776,0.1542025160976757,0.7587816589349289,0.5525903708763973,0.6736613894553478,2.526784730961032,0.3788161806634246,0,1
1.0327675176592928,0.7409282243441688,0.7699312359835542,1.87811348745761,1.303902377385017,-0.9673662448917916,0.8998234665228342,0.1574051367636751,1,0
-1.034879934787572,1.259588826243314,0.6862399536689685,-0.938990439359345,0.9539922684347408,-0.2850657510876763,-0.605115703082499,-1.2696896825537984,1,1
-0.6175435394128542,1.3073542682948425,1.3398290155543018,-0.7113216725388083,1.170491834173206,0.2453199455288597,0.3974991761275405,-1.1328174008703171,1,1
-0.2909324473804662,-0.216633703575625,-0.2011533254761585,0.4303492625403761,-2.264829653530926,3.5786558589420894,-0.491228414571825,-0.2109423271786343,0,2
2.804045645854546,0.5732985597859743,0.2445359636753243,0.0353748466158123,0.7562169894628455,0.1543214779065968,4.182217817526898,-0.9758168424686768,1,0
0.5828767487323271,1.3434036585224112,0.1595162483081264,-1.5592571214069455,1.0558055777279651,-0.3871570071184381,-0.6478234362740016,-0.2491860529431367,1,1
2.481526087110146,-0.6645473771531663,1.6207926061818387,-0.3472417656817496,0.6637658235529065,-0.1883328758983082,0.3751284587415154,1.107459797860781,1,0
1.5776530159682272,0.4696565628817145,-0.2496411318965132,-0.2963846507552414,0.5964754179855457,0.2740859900458144,-1.0504963492224555,-0.6839568300553713,1,0
-1.3392544328635063,0.5480639866266762,0.1542025160976757,0.9964317286849677,-0.3842091014135559,-0.1347960708250862,-1.1867543551191548,-0.8168034563952208,0,1
0.8936553858677203,-0.7857634517933659,-2.2210357819734123,-1.0658955766058655,-0.7627907744751423,-0.7471085903060871,1.3309682015989566,0.2117514839027044,1,2
-0.8713964960197264,1.4389345426254678,0.3541316905158521,-2.153382295782041,0.3273137957161025,0.7601005330283547,-0.523767639860589,-0.712136417460794,0,1
-0.2519739347687599,1.1541443598276753,-0.3426314455793858,-0.9589530452183485,0.7696750705763179,2.477743612739279,-0.999653809708762,-0.003621076981597,0,1
-0.3782777884414153,-0.1995102432175298,0.2166388695704623,-0.5221522170177778,0.234277495844708,-1.3407137801829243,-0.8755980132953494,0.942407928771877,1,1
0.6179216208076979,-1.6306710352520075,0.0040895811524676,0.2221678014393424,0.0874088715194249,-0.8064268062871284,-0.1495665490398034,-0.6014308955109193,1,2
-0.0171555025886117,-1.0354054791192793,-0.659462728627459,1.3857025429355303,-0.4661278560172994,-0.5558990002816218,-1.0037212128698574,-1.432728723970886,0,2
0.174790776443494,0.9441566617520876,-0.0098589658999637,0.6104880154109055,0.7655791328461306,-0.1741378670026864,-0.4261499639942971,-0.0619930794642579,1,1
1.6804750264228678,0.4565886589242205,-0.3426314455793858,-0.1485663073707174,1.6380138693759996,-0.5395888410538712,-0.3834422308027945,-0.9939322915150198,1,0
0.7465380802518243,1.3992802133751423,0.5095583576715108,-0.7222535757473102,0.6707874310903701,0.2675525256865714,-0.1475328474592557,-0.3961224729856975,0,1
-0.6074036525687114,0.2375886132917406,2.0140087897551275,-0.0758453860272055,-0.3344727146898544,-0.4328912576331394,1.72550630822522,0.2721363140571816,1,1
-0.2357856943684619,1.752113620227471,0.910745139560475,-0.4147343854907604,0.8726586477924525,-0.8907978028687202,-1.1440466219276522,1.137652212938019,1,1
1.093073160469194,-0.8614671712712604,-1.0081764049382314,-0.3515194669372503,0.1424114638962241,-0.7885185334751024,-1.10947369505834,2.176271291595023,0,0
0.4176143824479654,-0.6095720570561239,-0.3964329842101908,0.3690355445448661,-0.6668288047964712,-1.249527299197806,-0.8633958038120629,-0.2773656403485594,1,2
0.664173736237121,-1.2827944195559695,-2.022435040607849,0.557729699926397,-0.658636929336097,-0.0182277858544192,-0.7718792326874142,-0.2350962592404253,0,2
1.23360843427398,0.4890331101290326,-0.7942986834676243,0.9983329292429676,1.279326751003894,-1.056672592248351,-0.6864637663044088,-1.509216175499891,1,0
0.6769820143560381,-1.0322511574743671,0.2040187555706431,0.8581193880904451,-0.356122671263701,-0.5671798020529766,0.4300384014163044,-0.535007582340995,1,2
-0.6364001710879266,-1.228269716836772,-1.5402138425095238,0.5144773872318894,-1.1413724475367288,0.3157309499183997,-0.5074980272162071,0.2781747970726295,0,2
1.6327997689802316,-0.1760781395696103,0.1090357923088523,0.7050727431714203,0.6058375613688306,-0.1411885251621874,-1.1216759045416267,-1.444805690001782,1,0
-0.3839703564942674,1.5542925913536878,1.8280281623893824,-0.6029532407327907,1.7263690975557515,-1.0924421345316888,1.998022320018618,1.7676672742163966,1,1
2.7565482811635618,-0.0152077356790849,-0.7969555495728493,0.0966885646113223,1.8094581200824056,-0.712138104814887,-0.2614201359699295,-0.8932909079242248,1,0
-1.167587927519686,0.5214775613338444,-0.6760681417851149,-0.0468520775177008,-1.4169705433821802,1.918309851561504,-0.2939593612586935,0.1513666537482272,0,2
1.92329863242734,1.2577863567319352,-1.5415422755621364,1.030178038589473,0.4542878653519051,2.3163811440681905,-0.7434074105597458,0.1312383770300687,1,0
-0.1489740315624678,-0.0782941685773301,1.9814621799661225,-0.7136981732363087,-0.380698297644824,0.5934736901973001,-0.3671726181584125,-0.0941983222133124,0,1
1.119223394961984,-1.4675475444722592,0.5666809789338468,-0.2364968331782317,0.5198228690348999,-0.4303060738938706,-0.5176665351189458,1.5382049196293837,0,0
0.7212773095172932,1.506076531924315,-0.9889141256753506,-0.1613994111372194,0.1605506167013388,0.8586195351648539,-0.82068807062056,1.25037056255971,1,1
0.4409183329143286,0.5606812732063252,-1.8882633022939896,0.5867230084359016,1.5321046223525885,-0.170659619789852,-0.6396886299518106,0.8216382684629226,1,0
-0.9354378866143122,0.1871194669731445,1.380346223658982,-0.3557971681927508,-0.559164155888694,-0.8064268062871284,-0.6579919441767403,0.7270353678875755,1,1
-0.7390442887909157,-0.1359731929414401,-0.0889007325304052,-1.846813705804492,-0.0764286376880622,-0.9738057025696066,1.2740245573436195,-0.0096595599970442,0,1
-0.3275783542207015,0.0654527749551,0.2418790975700989,-0.8429798111803296,0.1751789657377216,0.4109127148642066,-0.2919256596781458,0.6163298459377008,1,1
-1.1626069304734403,1.1536937424498304,0.7373846261945483,0.2459328084143463,0.3594961635961446,-1.2109845598123432,-0.1027914126872053,-0.95971422109415,1,1
0.0365681084101796,-0.9254548389251948,0.2777467899906359,1.8671815842491084,-0.5925167916916467,0.8423563792778174,0.5195212709604052,0.3264826611962108,0,2
-0.8244328095836967,-0.9371708907491546,-1.2565933857767626,0.6889125384284179,-0.064725958458956,-0.7332896081361774,0.0253317868873027,0.7028814358257844,0,2
0.2354522047566991,0.2281256483570041,0.099736760940565,0.4450835668648785,-0.3672402165313518,1.3396047206909982,-0.3244648849669098,0.2157771392463361,0,2
2.486862869659696,-1.285948741200882,0.8363528886141776,1.4365596578620388,0.9112774892485032,0.746046534154875,0.0578710121760666,0.0245585104238257,1,0
-0.4645557729924546,-0.880393101140734,1.6852216092335432,0.8947174988319512,0.0599075753310252,-0.6180844200462156,-1.0118560191920485,0.1312383770300687,0,2
-0.4638442019858481,-1.4409611191794274,-0.4861022152615323,-0.5635033291542845,-0.7095435839827089,-0.8480247628189994,-0.3285322881280052,-0.321647849128509,0,2
0.0997200352465072,-0.7321399838298576,-0.1480160033716595,-1.5331156137344413,-0.4661278560172994,0.7400301065434858,1.5079002391066108,1.4234737423358774,1,2
0.6010218094007933,-0.6289486043034421,0.7333993270367116,0.3343386343613606,-1.931303295501399,0.098340499116248,2.606099092602394,-0.8329060777697477,0,2
-1.001436097477066,-1.551812994129201,1.4972483322888794,0.1694094859548339,-1.1688737437251284,0.1798912952550012,0.135151672236881,-0.2652886743176635,0,2
0.6536780638896749,-0.746559739920885,0.579301092933665,0.1765389880473351,0.4320527748166032,-1.171595760294029,-0.474958801927443,0.6747018484203617,1,0
-0.879757455347353,-0.5550473543369262,-0.2463200492649823,2.343432324028185,-0.1261650244117636,-1.3387396398729374,-0.3244648849669098,1.930706315633484,1,2
-0.7783585869059253,0.3912491391367524,-0.5219699076820689,-0.4090307838167596,-0.1811676167885629,-0.1871107890397445,-0.9467775686145204,1.419448086992245,0,1
0.6921028982464262,-0.9808807764000816,1.147206222925494,0.4412811657488777,0.6479672065936131,-1.0541344118497962,0.8957560633617389,-1.0442529833104175,0,0
1.2818173699715711,1.5123851752141395,1.6699446291284996,0.8353049813944413,0.4934918407694109,0.5637675788660655,-0.9793167939032844,0.086956168250119,1,0
1.335718873722014,-0.6275967521699083,-0.1413738381085976,1.2868401139195147,0.6924373876642167,-1.1005737124752073,-0.2715886438726684,-0.3317119874875887,1,0
0.9185603710989482,-0.0746892295545733,0.6404090133538386,-0.1609241109977194,1.027134013616655,-0.8591175512274986,0.5276560772825964,0.6887916421230731,1,0
-1.1352114467190897,1.261841913132537,-1.811878401768773,1.0558442461224768,-0.1665392677521801,-0.4915514268441849,-0.474958801927443,0.6827531591076252,1,1
-0.9932530309010912,-0.5347695723339191,0.538783884828985,-0.0211858699846969,-0.8780621648818385,-0.3166049927067561,0.4829146425105459,-0.5269562716537308,0,2
-1.0576502069989802,0.636835610062064,0.1900702085182126,-0.9461199414518462,-0.0898867188015343,-0.1722107300334135,0.5378245851853349,0.4452394938333489,1,1
-0.5627525719041528,0.6625208005992071,0.5912569904071777,-0.2925822496392407,-0.1279204262961296,-1.0512202047255297,0.9079582728450252,0.0688407192037753,1,1
0.950225280892938,0.2173108312887334,-0.5319331555766622,0.7131528455429218,1.4378980545582831,-0.0713885642019291,0.7249251305957277,-0.9516629104068858,0,0
0.1771033822149653,-1.8821155320892995,1.380346223658982,-0.4850788061367717,-0.7967285442395502,-0.9975423896301658,0.3405555318722036,0.1714949304663865,1,2
0.708469031398376,0.2200145355558008,-0.4183521295782964,0.169884786094334,0.0604927092924806,0.0352150125373746,-1.0871029776723151,0.463354942879692,1,1
-0.1256700810961045,-0.8447943282910098,-0.1274252910561666,0.0543868521958153,-0.7627907744751423,-0.747484617031799,0.3832632650637064,-0.239121914584057,0,2
-0.3195731803963784,-2.1313069420373685,-0.6554774294696215,-0.2417251347127325,-0.4216576749466958,-0.6809278865808052,1.4916306264622288,-0.8550471821597232,0,2
-1.122225275848521,-0.1932015999277052,1.0210050829273103,2.2764150043586744,-0.2151053865529709,-1.0096222481936583,2.412897442450358,-0.7141492451326096,0,1
-0.2304489118189131,-1.932584678407896,1.3391647990279951,0.3899487506828696,-1.930718161539944,-1.0731707648389577,-1.015923422353144,-0.2491860529431367,1,2
-0.940240990908906,-0.0719855252875055,0.1103642253614645,-0.2574100393162349,0.6380199292488727,-1.2699267490676724,-0.4485206813803223,-0.2089294995068188,1,1
-0.5056489986239805,-0.9132881697233904,-1.614606093455822,0.5515507981128955,-0.6445937142611694,0.310842602484146,-0.1719372664258287,-0.186788395116844,0,2
0.3574866323897154,0.6350331405506857,0.3408473599897272,-0.0387719751461996,1.3442766207254335,-0.9080480289107504,-0.8613621022315151,0.9504592394591403,1,1
-0.8914983769563603,-0.853806675847902,-0.6382077997856596,0.4531636692363797,-1.0811036495068316,1.0510512120478828,0.8001720890759946,-1.937948469596677,0,2
0.0525784560588261,0.7039775993609112,-0.2788666590539878,0.6836842368939171,-0.0811097093797047,0.1570006683272936,1.2374179288937603,-0.5511102037155218,1,1
-0.4931965060083666,-0.1621090008564273,-0.7431540109420443,-0.1599735107187193,0.155284411048241,-0.387345020481294,0.2510726623281027,-1.5534983842798404,0,1
-0.3695610436104856,-0.4811461043704104,-1.589365865456185,1.0624984480754782,-0.1811676167885629,-0.6191654968826371,-0.3854759323833422,-0.0680315624797059,0,2
2.3954259953107577,-0.1206522020947232,0.1495530004135325,1.1143061632809868,0.1681573582002578,2.1474981408828646,-0.2593864343893818,-1.0502914663258651,0,0
0.2427458075744157,1.2406628963738402,1.6114935748135513,0.3894734505433695,0.3360908051379322,-0.2206241709688116,-1.0830355745112197,-0.6779183470399234,1,1
-0.9797331817755672,0.7576010673244196,-1.3595469473542283,0.4317751629588762,0.1453371337035007,-0.3238435071767088,-0.3549704086751259,1.7253978931082623,0,1
-0.444809677559124,0.5413047259590071,0.0519131710465163,1.1162073638389869,0.4519473295060838,-0.6787187295672482,-0.918305746486852,0.0507252701574322,1,1
1.12206967898841,0.9639838263772504,-0.5731145802076489,0.2250196022763429,0.7638237309617648,-1.3184812000252126,-0.7393400073986502,-0.2189936378658984,1,0
-0.1870430804159158,0.4232429729637197,0.5055730585136733,-1.000304157354855,0.561367380298227,0.0473888777822952,-0.75764332162358,0.2097386562308889,1,1
1.1841542493148274,-0.0954176289354253,-0.698651503679527,1.197008387554,1.7205177579411983,-0.7702342339373648,-1.0687996634473853,0.310380039821684,1,0
-0.3711620783753502,0.3831380263355494,0.9851373905067732,-1.0102854602843567,-0.0167449736196204,-0.5584371806801766,-1.10947369505834,0.0225456827520102,1,1
0.5914156008116053,-0.4261707842733681,-0.7617520736786189,1.9974138224721287,-1.2496222304059612,0.8620977823776884,-0.0234770510458431,-0.2632758466458481,0,2
0.6175658353043945,-0.7370967749861482,-0.6866956062060149,0.7378684527969257,-0.3040457486941782,-0.3566048356543519,-0.1800720727480197,-0.4343661987501999,0,2
0.2559098711966361,1.9508358838569435,-1.4977039848259248,0.3286350326873595,1.6737070410247736,-0.6772616260051149,-0.847126191167681,1.7616287912009487,1,1
1.0911163402010264,0.0384157322844237,1.3491280469225893,-1.488912700760934,1.3875765338731263,-0.2034209482674953,0.6090041405045064,1.3530247738223204,1,0
-0.2692295316789677,1.8733296948676708,-0.2356925848440823,0.7378684527969257,1.340180682995246,-0.5928906294235231,-1.135911815605461,-0.6980466237580827,0,1
1.51343373262199,0.2326318221354499,-0.5166561754716191,0.2967899233408545,1.4946560488194485,-1.008212147972239,-0.5786775825353783,0.6304196396404121,1,0
-0.6527663042398764,1.421360464889528,0.0140528290470606,1.433232556885538,0.7784520799981474,-0.0010245631531028,0.6862848005653206,0.4915345302851147,0,1
-0.8039751431437596,0.0239959761933962,-0.3771707049473101,-1.1633321052033814,0.128953382782752,-0.6093888020141296,-0.3081952723225278,-2.129167098419188,0,1
0.2715644333419792,-0.0476521868838967,-1.1091373169367789,0.5567790996473964,0.2752368731465798,0.52282766910419,0.3466566366138468,0.6847659867794414,0,2
-1.2200662892569158,-0.4802448696147213,0.850301435666608,0.5206562890453909,-1.6153309563155307,0.0102092352775379,0.1453201801396199,-1.0583427770131288,0,2
1.233252648770677,1.6182802590076222,0.4418082719882754,0.9332168101314574,1.1061270984131215,-1.1465899830341924,-0.1739709680063764,1.1718702833588897,1,0
-0.2220879524912866,0.0289527673496869,0.9685319773491176,0.7449979548894271,0.3003976334891581,0.5927686400865902,-1.12777700928327,-0.8208291117388525,0,1
0.1698097793972484,-0.88489927491918,-0.7670658058890686,0.114274669772825,-0.1033447999150065,-1.328868938323002,-0.9732156891616413,-0.0519289411051783,0,2
-0.6278613190086485,0.4124281558954489,-0.2609328128437193,-0.919027833500342,-0.2525539600861109,-1.1988106945674228,-0.8857665211980881,-1.9761921953611792,1,1
-0.571291423983431,-0.1310164017851494,-0.0756164020042804,-0.0758453860272055,-0.7335340764023767,-0.884546358553761,-1.052530050803003,0.4693934258951399,1,2
-0.9567850168125076,-1.67393030352509,-0.7650731563101503,-1.1633321052033814,-0.4462333013278189,-0.045019690061387,-0.2939593612586935,0.4613421152078765,0,2
-0.7979267895876042,1.520946905393187,0.0080748803103052,-1.58967633033495,0.4572135351591816,-0.6970500324457,0.0232980853067549,0.7491764722775502,1,1
-0.1361657534435504,-0.442393009875774,0.7971641135621096,0.9750432224074644,-0.9137553365306124,1.8220000064385613,-0.8593284006509674,-0.5189049609664674,0,2
0.2498615176404807,-1.828942681503636,0.7779018342992284,-1.3249341526334075,-1.6129904204697094,-1.1728648504933066,0.1229494627535946,-0.8087521457079574,1,2
0.1957821211383861,0.9878665474030148,-1.4711353237736755,1.1048001604909852,-0.3368132505356756,2.3377676640930503,0.0049947710818252,-0.9254961506732792,0,2
-0.7673292363035243,-0.3360473087044464,0.8994534586132699,0.2259702025553432,-0.6434234463382588,-0.1508242100085531,-0.1983753869729494,0.086956168250119,1,2
0.1532657534936472,0.4160330949182058,-1.1058162343052471,-0.1333567029067148,1.136554064408798,-0.9071079620964708,-0.2959930628392414,-0.3337248151594049,0,1
-1.066900630084865,1.737243246758599,-0.8427864898879792,0.5639086017398978,-0.4550103107496486,1.0495471051450358,-1.06473226028629,-0.9657527041095972,0,1
-0.8139371372362507,0.2218170050671795,1.0156913507168606,-0.2288920309462303,-0.2034027073238647,-0.1124224806452324,-0.3875096339638899,-0.6618157256653965,1,1
-0.333093029521902,1.4127987347104805,-0.4137026138941527,-1.3952785732794188,0.0645886470226677,1.2661384991550495,-0.7210366931737205,-1.378382376831857,0,1
-0.5465643315038549,-0.0449484826168289,-0.899244894624009,-0.8586647157838321,0.0628332451383018,0.7938959350017053,-1.048462647641908,1.8582445194481112,0,2
-1.1722131390626285,-1.0318005400965224,-0.9716444959913888,0.3880475501248692,-0.356122671263701,0.814483398234428,-0.5420709540855188,-2.006384610438418,0,2
-0.5563484328446943,0.1226811819413654,-1.350247915985941,0.9474758143164598,0.5508349689920314,-0.8523490701646855,1.7763488477389136,-0.2652886743176635,0,1
-0.4375160747414072,0.6399899317069764,0.9100809230341692,0.9023223010639522,-0.0372246622705564,-1.107718220263732,-0.6905311694655043,-2.1855262732300336,0,1
-1.153178614635904,-1.600479670936419,0.3454968756738714,-0.4964860094847736,-1.544529746979438,-0.3834437432020339,-1.0565974539640988,-0.4061866113447772,0,2
-0.3115680065720551,0.3493417229972038,-0.3260260324217299,-1.7450994759514753,0.8346249402978574,-0.0063359406537824,-0.1821057743285674,0.2781747970726295,1,1
-0.0027461897048299,0.6255701756159489,-1.3455984003017976,-1.7127790664654703,-0.0073828302363354,0.8824032255661272,0.2775107828752234,1.9166165219307725,0,1
-1.161361681211879,1.7890642452107293,-0.716585349889795,-0.8258690061583268,0.8094641799552789,-0.9882827315095122,-1.12777700928327,1.1879729047334169,0,1
-0.4446317848074723,-1.5567697852854916,-0.3618937248422669,-0.028315372077198,-0.8335919838112349,1.3612732607601423,-0.98338419706438,-0.58130261879276,0,2
-0.2284920915507452,1.2541814177091783,-1.335635152407204,-0.9304350368483436,-0.0775989056109728,-1.2512194194635091,-0.53190244618278,0.4150470787561107,1,1
-0.2898650908705565,0.0028169594346996,0.6443943125116762,-0.4903071076712725,-0.2519688261246556,-0.6689890380394546,2.6874471558243047,-1.1267789178548693,1,1
-1.0699248068629426,-0.2770164322068025,0.2199599522019933,-1.006483059168356,-0.4409670956747211,-0.9785530399817184,-0.3875096339638899,1.705269616390103,1,1
0.9075310204965472,-0.5703683451836431,-0.2297146361073264,-0.690883766540305,-0.1624433300219929,0.5434151323369126,2.7728626222073096,0.4754319089105879,0,2
0.2349185265017442,-1.036757331252813,-1.845753444610391,-0.214633026761228,-0.5895911218843701,-1.0443107136405747,0.3547914429360378,0.5197141176905374,1,2
1.894302113908124,0.8049158919981033,0.0047537976787733,-0.8358503090878284,2.129526396998461,-1.149175166773461,-0.9732156891616413,1.1940113877488645,1,0
-0.7335296134897151,0.7265084682531416,0.6736198396691503,1.1760951814159968,0.6819049763580212,-0.5140190237054668,0.2307356465226253,-0.1606216353832368,1,1
-0.559372609622772,-1.5644302807088502,-0.001224151057982,-2.4081431705540823,-0.8458797970017964,0.1301147574388976,0.0131295774040162,0.2379182436363116,0,2
-0.9523376980212168,0.1470145203449743,0.3189282146216217,-2.6424661393276203,0.1757640996991769,-0.0544203582041827,-1.1176085013805317,-0.1465318416805254,0,1
0.2048546514726189,-1.5391957075495522,-0.2635896789489442,-0.0986597927232093,-0.3648996806855307,-0.4840778956706623,0.7574643558844917,-0.1425061863368937,1,2
-0.405139593940811,-1.491880882875868,-0.8195389114672614,-1.0540130731183637,-1.0465807457809682,0.4875751635687059,-1.0586311555446466,0.8558563388837925,1,2
0.9916742920277668,-1.9041957836036856,-1.2459659213558625,0.8937668985529511,-0.239681012934094,-1.29328740940252,-1.19082175828025,-0.1002368052287603,1,2
-0.2912882328837696,-1.883918001600678,-0.1234399918983291,-0.9166513328028416,-1.078177979699555,0.3747671458551569,-1.0057549144504052,-0.6658413810090282,0,2
0.3640686642008255,0.5462615171152978,-0.8461075725195106,1.7882817610920954,-0.7323638084794662,1.8457366934991213,2.305111258681328,-0.3498274365339317,0,2
-0.2137269931636599,0.2497552824935452,0.9585687294545244,0.9417722126424588,0.516312065266168,0.500924112331476,2.6366046163106107,1.4335378806949564,0,1
2.454486388859098,1.308706120428376,0.4145753944097191,-0.7113216725388083,1.3407658169567014,1.442072003447472,0.8022057906565423,0.3083672121498677,1,0
-0.2304489118189131,0.6692800612668759,0.8981250255606567,-0.3562724683322511,0.2652895958018395,0.162406052509401,1.1133621324803475,-0.1807499121013961,0,1
3.900932352538481,-0.2950411273205871,0.2093324877810938,1.2321805978770055,3.824659483334498,-1.2685166488462534,-0.4180151576721062,-0.1807499121013961,1,0
0.4925072308933004,-1.0363067138749686,1.0475737439795592,0.9926293275689668,-0.6159221501498592,3.564695866750037,1.0076096502918648,-0.0338134920588352,0,2
0.3341826819233522,-0.9096832307006336,-0.8009408487306868,1.0815104536554814,0.2553423184570992,-0.3054652009575431,-0.1332969363954214,0.0950074789373825,0,2
-0.1164196580102197,0.3718725918894342,0.1150137410456086,-0.3429640644262488,0.2295964241530655,-0.1336679906479509,0.8225428064620197,-0.6336361382599738,0,1
-0.6221687509557965,-0.7596276438783787,0.1701437127290259,-0.3786115748887546,-2.003859906721857,1.8553723783454867,0.956767110778171,-0.1404933586650782,0,2
0.5730926473914877,-1.548658672484289,0.670962973563925,1.520687782553552,0.2009248600417553,-1.008165144631525,3.72056755874256,0.1191614109991728,1,2
1.828837581300325,2.072953193252833,-1.1775516191463204,-0.7060933710043075,2.639178077426037,-0.9143934799071376,0.151421284881263,1.2684860116060523,1,0
-0.6664640461170517,0.9360455489508844,-0.6833745235744834,0.8766560935309482,0.5988159538313669,-0.9408093573883936,0.5256223757020487,0.511662807003274,0,1
-0.0988082755967087,-0.6456214472836925,-0.322704949790199,-0.0687158839347043,-0.9365755610273696,-0.5521857363652174,-0.6701941536600268,-0.1062752882442075,1,2
-0.8359958384410524,-0.7217757841394317,-0.3731854057894725,1.2093661911810023,-0.5895911218843701,1.2800514880063874,-0.8613621022315151,-0.4826740628737812,0,2
-0.8482704383050148,0.5052553357314385,0.1874133424129873,1.641414017986572,-0.723001665096181,0.5651776790874847,0.0212643837262072,-0.5772769634491284,0,2
-0.7829837984488676,0.7702183539040687,0.1435750516767762,-0.0026491645441938,-0.354367269379335,-0.528919082711798,1.9146405552161605,0.2258412776054157,0,1
0.8100457925914554,0.6652245048662748,-0.7889849512571746,-0.5535220262247829,0.8726586477924525,-0.5423150348152819,-0.8572946990704197,0.7753432320111568,1,0
-0.2637148563777672,0.1037552520718918,-1.4332749817742203,-0.560176228177784,0.1675722242388025,-0.4832788388785246,-1.119642202961079,-0.9899066361713882,0,1
0.7933238739362024,-1.2832450369338142,0.8529583017718333,0.5781676059249001,-0.4889480805140567,0.6024983316143838,-0.9325416575506864,-0.0640059071360734,0,2
-0.798994146097514,-0.8844486575413355,1.212299442503505,-2.058322267882026,0.0417684225259106,-0.3214463368002959,1.335035604760052,0.1272127216864369,0,1
-0.7788922651608802,-0.419411523605699,-2.296092249446017,0.732640151262425,-0.3496861976876925,0.3643324042166538,-0.7271377979153638,-0.3719685409239065,0,2
-0.4327129704468133,1.2041628887684268,1.7868467377583968,-0.6091321425462918,-0.0536084131913051,0.2296208297303906,-0.5074980272162071,-0.5390332376846266,1,1
0.597286061616109,0.5066071878649724,1.3570986452382643,0.2563894114833479,0.0224590017978853,1.1732128945635136,-0.6620593473378358,2.927056013182355,0,1
0.4722274572050149,-0.2468250678912139,0.3408473599897272,2.102930453441146,0.597060551947001,-1.165015292594072,-0.4119140529304629,0.2419438989799433,1,0
0.5400045955842849,1.662440762036394,-0.6787250078903397,0.8866373964604497,0.8703181119466313,1.4299451415432654,0.706621816370798,-1.4528570006890456,0,1
-1.4054305364779116,-0.427522636406902,-1.3761523605118842,-0.6628410583098003,0.578336265180431,-0.5485194757895271,0.0110958758234685,0.044686787141985,0,1
1.769065616745378,-0.0764916990659517,2.1747491891212363,0.7036468427529203,0.6175402405979369,-0.632702459008263,-0.708834483690434,-0.0156980430124921,1,0
-1.1419713712818516,-2.0668686570055894,0.1801069606236188,-1.241281328081394,-4.04012609258634,3.511535088402527,1.2028450020244486,-0.0197236983561238,0,2
-0.577517670291238,1.272206112822963,0.7599679880889604,1.4973980757180487,0.5145566633818022,-1.0079771312686692,-0.8267891753622033,0.0406611317983532,1,1
1.394423481767051,0.419187416563118,-0.0417413591626622,0.1727365869313344,0.8281884667218489,0.8046126966844923,-0.8105195627178213,0.5056243239878261,1,0
-0.8836710958836888,1.1072801525318356,-0.6176170874701662,0.0876578619608208,0.3951893352449186,-0.8490588363147071,-0.7840814421707006,2.1239377721278103,1,1
0.157179394029983,0.4394651985661256,-0.7305338969422259,0.7763677640964319,-0.9623214553314036,1.8143384619021832,-0.7434074105597458,-0.8792011142215135,0,2
-1.0302547232446295,-0.924102986791661,2.0664818953333204,2.3781292342116904,-0.7645461763595084,-0.4708229535893202,-0.7190029915931728,-0.4605329584838064,1,2
0.4409183329143286,-0.5739732842063999,-0.8142251792568111,-0.1818373171357228,0.7304710951588119,0.0682583610593017,0.9038908696839296,-1.0804838814031037,1,0
-0.9233411795020016,0.1411564944329943,0.3959773316731445,0.0505844510798146,-0.2841511940046977,-0.5735722563900778,1.6685626639698827,0.594188741547726,0,1
0.4190375244611784,-1.345880852454215,0.2870458213589222,-1.0487847715838627,-0.782685329164623,0.8063518202909096,-0.6457897346934539,0.6666505377330983,0,2
-0.9366831358758736,0.2348849090246731,0.0379646239940849,-0.6386007511952965,-0.7604502386293209,1.2127897074446834,-0.6478234362740016,-0.1545831523677895,0,2
-0.3375403483131927,-0.0156583530569294,1.308610838817909,1.2611739063865102,0.2535869165727333,0.4837208896301597,-0.4159814560915584,1.0631775890808313,0,1
-1.3198641229334789,-0.0377386045713153,0.0120601794681427,-1.6357804438664578,-0.3795280297219133,-0.4874621362020687,0.6151052452461495,0.5881502585322781,0,1
-0.0744369686204357,-2.056504457315163,1.952900869334955,-1.2027820167818877,-0.926043149721174,0.8842833591946865,0.8896549586200954,0.9263053073973494,0,2
-0.4670462715155774,-0.9250042215473502,-0.409053098210009,2.172324273808157,-0.7142246556743513,-0.1693435262498607,0.7452621464012055,0.8276767514783705,0,2
0.7047332836136919,-1.015127697116272,-0.1858763453711148,-0.3581736688902512,0.1605506167013388,-0.5938306962378026,3.0758841577089244,0.2580465203544702,1,0
-0.5695124964669147,-0.5933498314537181,1.253480867134492,0.3352892346403607,0.0002239112625835,-0.7201286727362635,1.2353842273132123,-0.0499161134333628,0,1
-0.4574400629263895,0.9373974010844184,-0.6408646658908844,0.362381342591865,0.1933181185428362,-0.013762468486591,-1.1054062918972447,-0.5128664779510195,0,1
1.0525136130926236,-0.6794177506220382,-0.0490477409520307,-0.5026649112982747,-0.0372246622705564,-0.7687771303752314,-0.0702521873984413,0.829689579150186,1,0
-0.2799030967780655,-0.2238435816211386,-2.573070540915716,-0.2070282245292268,0.2149680751166827,-0.5432551016295615,-0.5298687446022322,-0.4061866113447772,0,1
-0.2761673489933812,-0.7461091225430405,-0.9351125870445456,-1.409537577464421,0.2395437014978058,-1.2876000051761287,-1.1013388887361493,0.3969316297097676,0,1
2.506964750596329,0.0762675920233707,-0.698651503679527,0.5757911052273994,1.2161322831667205,-0.1325869138115294,-0.08042069530118,0.7089199188412324,1,0
2.710651951237442,0.1591811895467789,0.3714013201998145,-2.6747865488136258,0.3594961635961446,-0.9607387738511204,-0.6152842109852377,1.6146923711583872,1,0
1.4011834063298132,0.4520824851457747,-0.5565091670499931,-0.306841253824243,1.691846193829888,-1.1204561255972203,-1.1481140250887474,-0.3820326792829862,1,0
1.1297190673094295,0.0307552368610653,-1.6949762931388763,0.9522288157114605,-0.151325784754342,0.5641436055917773,-1.1806532503775116,-0.5772769634491284,1,2
-1.1113738179977717,-1.8068624299892493,-1.0978456359895727,0.3205549303158583,-1.0641347646246275,-0.597120930087781,0.2673422749724847,-0.8067393180361412,0,2
-0.5221930245275818,1.3141135289625112,1.2886843430287225,-0.3923952789342569,-0.817208232890486,0.2536865401759478,0.9628682155198144,0.6284068119685959,0,1
0.5800304647059011,1.4060394740428117,-1.323679254933692,0.2102852979518405,0.1991694581573893,-0.0554544316998901,1.3391030079211477,-0.0680315624797059,1,1
-0.6847869995371693,-0.0025904490994358,1.5032262810256347,-0.8596153160628323,-0.9225323459524422,-0.2489201820786267,-0.1190610253315873,-0.66986703635266,0,1
-0.8283464501200325,0.3322182626391085,-2.6056171507047217,-0.5330841202262795,-1.136106241883631,0.2205491849725927,0.674082591082034,0.1090972726400938,0,2
-1.2479954512662212,0.7008232777159986,-0.2562832971595757,0.5087737855578887,-1.3947354528468785,-0.4355704480538361,0.232769348103173,-0.1847755674450278,1,2
-0.211770172895492,-0.7992819731287043,-0.6754039252588088,1.3044262190810172,-1.600702607279148,0.1503261939459085,2.882682507556888,1.3530247738223204,0,2
1.6975527305814242,-0.7443066530316621,-1.3402846680913476,0.1637058842808331,0.5443984954160229,-0.7848992762401261,-0.9935527049671188,0.1654564474509386,1,0
0.3117681952152471,0.7111874774064247,0.8091200110356221,-0.3353592621942476,0.7170130140453398,-0.5077205760497936,-0.5298687446022322,-0.6437002766190534,1,1
2.2636074663369024,0.1515206941234204,-0.3672074570527167,-1.3073480474719046,0.8434019497196871,0.1927232072699172,0.4381732077384956,-0.3659300579084586,1,0
-0.8665933917251323,1.5245518444159436,-0.2323715022125513,0.1950756934878381,0.3864123258230889,0.2989507572835093,-1.0810018729306718,-0.297493917066718,1,1
0.6261046873836726,-0.0318805786593353,-1.1264069466207407,0.1741624873498347,-0.1729757413281886,0.9572325439827812,-0.8430587880065854,1.0712288997680948,1,2
-0.4497906746053696,1.492107393211132,-1.0247818180958872,0.2297726036713436,-0.0565340829985816,-0.9632769542496752,-0.6905311694655043,1.2785501499651328,1,1
0.0452848532411092,-1.5044981694555173,1.7290598999697544,-0.6252923472892945,-0.9892376175583478,1.0846115973176635,-0.7108681852709818,0.9041642030073744,0,2
0.1260481624909482,-1.52432533408068,1.5849249137613015,-0.2574100393162349,-1.322763975587875,-1.1332880376121364,0.4605439251245207,0.9142283413664544,0,2
0.218196607846491,-0.6068683527890563,1.2003435450299924,-0.2574100393162349,0.1939032525042915,0.6298542759099194,0.1615897927840017,-0.6457131042908689,1,2
-0.5472759025104613,-0.6465226820393819,0.3003301518850471,0.5296869916958923,0.4501919276217179,-0.3934554547741113,-0.0621173810762503,0.4049829403970311,1,1
0.3891515421837049,-0.0521583606623428,0.7632890707204913,0.4788298767693839,1.672536773101863,-0.9605507604882644,-0.4505543829608702,2.216527845031342,1,0
-0.1747684805519535,-0.9538437337294052,0.1156779575719143,-0.4836529057182716,-1.094561730620304,-0.3050421708911173,-0.8186543690400123,1.1839472493897842,0,2
0.0276734708275982,0.0041688115682332,0.1548667326239823,-0.0934314911887085,0.8761694515611845,-0.4881671863127784,-0.7840814421707006,0.8518306835401609,1,1
0.3311585051452745,0.2087491011096856,0.2478570463068552,-0.8676954184343336,-0.5065020993577161,0.3065652984791738,1.0076096502918648,-0.8590728375033548,0,1
-0.6673535098753098,0.6336812884171521,0.613840352301589,-0.4099813840957597,0.4139136220114885,0.1376352919531343,-0.733238902657007,0.6404837779994919,1,1
-0.7555883146945169,-0.8907573008311599,-1.0294313337800307,-0.0259388713796977,-2.6890517755860266,5.099119924357872,-0.112959920589944,-0.7181749004762412,0,2
-0.5972637657245686,-0.2801707538517147,-0.2529622145280447,-0.4903071076712725,-1.277123526594361,-0.0744437813483376,-0.2024427901340448,1.043049312362672,0,2
-0.8173170995176317,-0.901121500521586,-0.2423347501071447,0.8296013797204405,-0.5433655389294006,-0.07340970785263,-0.3203974818058142,-0.7322646941789526,0,2
1.910668247060073,-0.7992819731287043,-0.7059578854688955,0.5748405049483994,1.4326318489051852,-0.9323487560598772,0.0782080279815442,1.4919098831776172,1,0
1.6849223452141586,0.3322182626391085,-0.8055903644148305,0.2549635110648479,1.3091685830381148,0.5622164686225041,-0.997620108128214,-0.8369317331133801,1,0
1.2953372190970946,0.4660516238589573,1.4334835457634805,1.0567948464014776,0.394019067322008,-0.0968643748689054,1.019811859775151,-1.148920022244844,1,0
0.5773620734311269,-0.7037510890256474,0.2405506645174867,0.052960951777315,-0.1086110055681043,-1.3678347077748902,-0.0377129621096773,-0.2451603975995049,1,1
0.1970273703999474,0.8499776297825643,-0.2762097929487624,-0.5711081313862857,0.9417044552441792,-0.6607164500737943,0.167690897525645,0.3707648699761604,1,1
-0.1569792053867908,-0.6631955250196323,-0.3572442091581232,-0.0468520775177008,0.4326379087780586,-0.7360158018975882,-0.7759466358485096,1.3027040820269231,0,1
-1.0025034539869755,0.2290268831126931,-0.1785699635817463,0.8272248790229404,-0.0044571604290589,-0.2043610150817748,-0.0275444542069386,1.9951168011315925,0,1
-1.1259610236332052,0.9725455565562978,-1.3117233574601797,-0.4836529057182716,0.3384313409837534,0.3898082148836301,-0.9935527049671188,0.4593292875360603,0,1
-0.154488706863668,1.017156676962914,0.1282980715717335,-0.4232897880017617,-0.1132920772597468,0.8872915730003811,-0.9447438670339728,0.7572277829648137,0,1
-0.4617094889660285,-0.1422818362312646,0.9751741426121804,2.2678596018476727,0.7281305593129906,-0.9290585222098988,-0.1516002506203511,-0.0277750090433873,1,1
0.3535729918533794,1.1654097942737904,-0.5857346942074673,-1.2160904206878898,0.4338081767009691,0.5931446668123023,1.8800676283468485,-1.0865223644185515,0,1
0.0216251172714428,0.3926009912702863,2.2916512977511334,0.6066856142949048,0.6702022971289149,-0.2532444894243127,1.038115174000081,0.0849433405783028,0,1
0.538047775316117,-1.2931586192463955,-0.9351125870445456,-0.4831776055787714,-0.3531970014564244,-1.2899971755525417,-0.2227798059395224,0.3526494209298173,0,2
-0.2952018734201053,1.0027369208718866,-1.0613137270427295,-0.306365953684743,0.0107563225687791,0.8000533726352366,-0.2288809106811657,1.57443581772207,0,1
-0.7200097643641915,-0.3815596638667518,0.8615931166138141,-1.0216926636323584,-0.1981365016707669,-0.0036097468923717,1.3736759347904597,0.5036114963160099,0,1
-0.019468108360083,1.3803542835056688,-0.1074987952669794,1.520687782553552,0.8018574384563598,-0.4272978600881759,-0.2817571517754071,2.695580830923527,1,1
-0.4855471176873466,-0.5298127811776281,-0.2848446077907436,0.4446082667253784,-1.4848460829109964,2.99224218019449,-0.6030820015019512,0.9927286205672744,0,2
-0.0246269981579801,-0.7470103572987296,0.2936879866219851,1.5896063027810634,-0.4339454881372573,-0.8676251558967286,0.7208577274346323,-0.764469936928007,0,2
-1.2721888654908429,-0.6334547780818883,-2.701264330492819,0.689863138707418,-1.3707449604272106,2.777906946538747,0.5581616009908127,1.047074967706303,0,2
-0.7456263206020258,1.96615687470366,-0.8388011907301421,-0.3524700672162504,0.7363224347733651,0.12057307927396,1.3289345000184087,-1.479023760422652,0,1
1.0185360975271625,0.4025145735828676,-1.5428707086147486,-0.1542699090447183,-0.1495703828699761,0.2650143452880168,-0.6457897346934539,-0.7222005558198736,1,0
1.2234685474298372,-0.7348436880969252,-0.6262519023121474,-1.8149685964579865,0.3314097334462897,-0.5932196528085208,-0.072285888978989,-1.1167147794957897,1,0
-0.4405402515194849,-1.2967635582691526,-1.2605786849345997,0.5548778990893962,-0.3602186089938881,-1.114345691304403,-0.9223731496479476,-0.5390332376846266,0,2
-0.1450603910261317,-1.4499734667363195,-0.8155536123094238,0.5097243858368886,-1.821883244709256,-0.1210710953366046,-0.580711284115926,-1.0865223644185515,0,2
0.3382742152113395,-1.566232750220229,-0.0789374846358114,-0.9499223425678468,-0.7709826499355167,-0.3323981151866529,-1.030159333416978,-1.2274203014456644,0,2
-0.4663347005089709,-0.8934610050982276,1.1558410377674757,-1.229398824593892,0.0856534696350589,-0.7067327206327796,0.3649599508387765,0.9685746885054834,0,1
0.0862001861209837,-2.010090867397168,-0.5239625572609876,0.3096230271073565,-1.6761848883068833,0.023182157314596,-0.8511935943287764,-0.1888012227886595,0,2
1.8190534799594853,-0.6924856545795322,-2.006493843976499,-1.9337936313330053,0.0511305659091956,0.5657887225167665,1.3614737253071727,-0.1364677033214465,0,0
-0.5024469290942511,0.143860198700062,0.9572402964019114,0.8842608957629496,0.6514780103623449,0.239914561346752,-0.9284742543895907,-0.5229306163100991,0,1
0.5926608500731668,0.1186256255407638,0.7420341418786923,0.4146643579368735,-0.1220690866815765,0.4812767159130328,-0.0580499779151547,2.9814023603213835,1,1
-0.6846091067855176,1.102323361375545,1.0176840002957783,-0.0924808909097082,-0.3315470448825779,0.0312197285766865,0.110747253270308,-0.1103009435878392,1,1
2.6976657803668727,1.7124592909771457,-0.0032168006369008,0.0619916544278165,1.7275393654786622,-0.1890849293497317,0.6374759626321747,0.2258412776054157,1,0
0.3146144792416731,-0.9953005324911092,-0.2038101915813833,-0.3315568610782469,-0.055363815075671,-0.8392821414461995,-0.1109262190093963,2.097771012394203,1,2
-0.7557662074461685,0.679644260957302,-0.3771707049473101,-0.4308945902337631,0.2711409354163926,-0.3628562799693111,1.9919212152769743,0.0004045783620346,0,1
-0.0176891808435666,1.0915085443072745,-1.855716692504984,-1.1219809930668747,0.3823163880929017,0.8135433314201485,-1.052530050803003,0.6908044697948893,1,1
-1.2282493558328906,-1.3409240612979243,1.4089075342901496,1.7573872520245906,-1.4321840263800183,0.359397053441686,0.1331179706563333,-0.0378391474024669,0,2
-0.8338611254212329,-1.5400969423052413,0.1767858779920878,0.4878605794198854,0.0166076621833322,0.220126154906167,0.8916886602006431,-0.6497387596345007,1,2
0.8977469191557076,0.6972183386932418,0.4085974456729637,-0.7574257860703157,1.5496586411962476,-1.085908670172446,1.8882024346690391,1.9508345923516428,1,0
-0.1144628377420519,-0.1882448087714145,0.954583430296687,-0.4190120867462611,-0.0067976962748801,-0.126523482859426,-0.5095317287967548,-1.243522922820192,1,1
0.0605836298831492,1.0441937196335909,1.2720789298710664,-0.8857568237353365,1.7392420447077683,0.041231440148764,2.248167614425991,0.1433153430609638,1,1
-0.0854663192228367,0.8296998477795567,0.8695637149294891,-0.2531323380607342,-0.064725958458956,0.5600073116089472,-0.1271958316537783,-0.6618157256653965,1,1
0.1489963274540079,0.1564774852797111,-0.6275803353647601,-0.6466808535667979,-0.1390379715637805,-0.0179927691508492,-0.169903564845281,0.121174238670989,1,1
-0.1281605796192274,0.5318417610242703,1.1319292428204513,-0.4950601090662733,0.1728384298919003,0.0184818232431981,-0.2715886438726684,0.2198027945899678,0,1
0.3766990495680912,-0.7069054106705593,1.319902519765115,-0.6395513514742968,-0.2285634676664431,-0.7096469277570461,0.3791958619026108,-0.1726986014141326,1,1
3.639607900362241,-0.2170843209534695,0.7546542558785106,-0.9803415514958518,1.729294767363028,-0.0372171355028664,0.385296966644254,-0.4383918540938316,1,0
-0.839553693474085,0.1190762429186086,-0.1486802198979661,0.3272091322688595,0.8662221742164442,-0.9481418785397742,-0.4851273098301819,0.4190727340997424,0,1
-0.77124287683986,0.1699960066150493,-0.9191713904131964,0.2525870103673475,0.5859430066793501,-0.8699753229324276,-0.806452159556726,0.8920872369764794,1,1
-0.812869780726341,1.6561321187465696,0.0578911197832727,-0.0382966750066996,0.1640614204700707,-0.7334306181583193,-0.7393400073986502,-0.5651999974182332,1,1
-0.5814313108275738,0.0064218984574564,-1.3429415341965725,-2.2489176238215567,-1.0278564590143984,-0.4328442542924254,-0.7800140390096052,0.9907157928954584,0,2
2.5512600457575845,-0.8556091453592805,0.1980408068338878,-0.3800374753072547,0.5332809501483721,-0.8005043853571671,-0.0539825747540593,-0.3619044025648268,1,0
-1.2775256480403916,1.261391295754692,0.7387130592471614,-0.6271935478472949,0.1587952148169729,-0.9254862683156364,-0.7210366931737205,0.2761619694008133,0,1
0.0765939775317957,-0.7744980173472507,-0.5850704776811612,-0.0525556791917019,-0.6059748728051189,0.759442486258359,0.1880279133311226,-0.7181749004762412,0,2
-0.842933655755466,0.9342430794395064,1.3557702121856512,-1.1100984895793726,0.2840138825684095,-0.1776161142155209,0.7696665653677782,-0.7262262111635054,1,1
-1.0314999725061909,-0.1756275221917655,0.3727297532524267,1.1461512726274916,-0.1015893980306406,-0.7500698007710679,-0.942710165453425,-0.6537644149781331,1,1
-0.5478095807654162,-1.033603009607901,-1.7341650681909435,-1.3049715467744043,-1.4620258584142392,0.387975084595785,-0.2695549422921205,-0.0358263197306514,1,2
-0.1930914339720712,-0.3216275526134188,-1.3754881439855782,-0.220336628435229,0.3501340202128596,-1.1467779963970484,-0.2126112980367837,0.3385596272271067,0,1
2.06436758448708,0.0546379578868296,-1.0334166329378682,1.9056808955486144,0.5672187199127801,-0.3462170973565626,2.650840527374445,0.0466996148138005,1,0
-0.1507529590789839,1.1054776830204576,-1.057992644411199,0.5111502862553893,0.6848306461652977,-1.0157326824864756,-0.7922162484928916,-1.5132418308435227,1,1
-0.5609736443876366,1.6534284144795015,-1.5661182870354668,1.1033742600724847,-0.5334182615846603,1.755067249261856,2.351886395033926,-1.5233059692026016,0,1
-0.9847141788218128,1.4903049236997532,0.8948039429291257,-0.560176228177784,1.1020311606829345,-0.6112689356426887,-1.1237096061221743,0.1513666537482272,0,1
-0.6387127768593978,0.5210269439559999,-1.1729021034621767,-0.6452549531482976,-0.1864338224416607,0.4959417582157942,-0.9610134796783548,-1.237484439804744,0,1
-0.9578523733224172,-0.4680782004129167,0.1296265046243457,-0.3011376521502419,-0.2262229318206219,0.2611600713494703,-0.8776317148758971,-0.0096595599970442,0,2
-0.3035628327477318,1.695786447996895,0.6523649108273504,-1.5968058324274512,-0.0676516282662325,1.3456681516431015,-0.7962836516539872,-1.4508441730172292,0,1
1.9704402116150208,1.4839962804099287,1.344478531238445,-0.4884059071132724,2.449009539953061,0.2614420913937542,2.15868474488189,0.0607894085165118,1,0
0.7404897266956689,-0.2229423468654496,0.0253445099942666,-0.510745013669776,0.1827857072366406,1.5950678774714726,-0.1475328474592557,-1.070419743044024,1,2
1.225069582194702,-0.1539978880552244,0.2465286132542421,-0.5202510164597774,0.7527061856941137,-0.809435020092823,0.2917466939390577,1.3027040820269231,1,0
0.9888280080013409,0.0307552368610653,-1.4419097966162011,-0.332032161217747,-0.6791166179870328,-0.4606232286543869,0.425970998255209,0.280187624744445,1,2
0.6807177621407221,-0.8267696331772255,1.6400548854447188,0.7949044695369349,-0.5135237068951797,0.3445439977760686,0.4137687887719224,1.936744798648932,0,2
-0.5049374276173739,-1.7762204482958164,-1.6258977744030276,-0.6138851439412926,-2.5509601606825734,3.1448620274927794,-0.1149936221704917,-1.4347415516427025,0,2
-0.4875039379555145,1.986434656706668,-1.1436765763047028,-0.4926836083687729,0.6625955556299958,-0.1724927500776973,0.2714096781335801,-1.154958505260292,1,1
0.6113395889965876,-0.4221152278727668,2.2916512977511334,-1.3648593643514138,-2.009126112374956,2.9829355187331226,-0.6010482999214034,0.4734190812387717,0,2
0.0182451549900619,-0.2932386578092084,0.7945072474568842,0.961259518361962,0.4437554540457095,-1.1789282814454096,2.8928510154596268,-0.6839568300553713,0,1
0.2993157025996331,-1.5964241145358171,-0.3021142374747056,-1.811166195341986,-1.0635496306631722,-0.3292018880181023,-0.8247554737816557,1.361076084509584,1,2
0.0157546564669391,-0.8650721102940173,-0.4894232978930632,0.9916787272899668,-0.7522583631689466,0.3933804687778927,-0.5054643256356592,-0.9315346336887272,0,2
-0.9626554776170112,0.7017245124716877,-0.2303788526336325,-1.0107607604238569,-0.2958538732338039,0.8204528225051032,-0.4851273098301819,-0.5631871697464169,1,1
-0.3103227573104937,-0.340102865105048,-0.731198113468532,-0.0763206861667058,-0.0471719396152966,-1.0563905722040672,-0.7210366931737205,-0.4585201308119902,0,1
-1.1750594230890543,0.5814096725871774,0.685575737142662,-0.6514338549617987,-0.7270976028263683,0.3530516024452987,1.2211483162493784,1.1215495915634923,0,1
0.2854400679708062,0.8851257852544439,-0.6089822726281855,-1.7213344689764714,0.4420000521613434,-1.1973535910052897,2.469841086705696,-1.8272429476468028,1,1
1.3209537753349287,0.6120516542806107,-0.1998248924235458,-0.2973352510342414,2.498160792715307,-0.9614908273025442,1.383844442693198,0.7672919213238933,1,0
-1.2266483210680263,1.2375085747289276,2.2916512977511334,-0.425190988559762,-0.2958538732338039,-0.6004111639377596,-0.7454411121402935,-0.2250321208813457,1,1
0.7534758975662378,-0.3477633605284061,-0.3213765167375867,0.8600205886484458,0.788984491304343,-1.263440288049143,-0.6844300647238611,0.1413025153891483,1,0
1.5684025928823428,1.532662957217147,-0.6036685404177358,-1.4546910907169284,2.7515237980254565,-1.1529354340305795,-0.3203974818058142,-0.5692256527618649,1,0
-0.1863315094093094,0.969391234911386,-0.1725920148449904,1.0078389320329693,0.3472083504055831,-0.239378503913689,-0.8939013275202791,0.4593292875360603,1,1
1.274167981650551,-1.012874610227049,-0.8726762335717598,-0.1171964981637124,0.4121582201271226,-0.0138094718273052,-0.6010482999214034,-0.1264035649623668,1,0
2.787679512702596,-0.5613559976267508,-2.2084156679735942,-0.393345879213257,1.4829533695903423,0.7361758326049394,0.0863428343037352,-0.6497387596345007,1,0
-0.3864608550173902,-0.7447572704095067,2.2916512977511334,0.523983390021891,-0.8932756478796766,1.043530677533646,-0.0417803652707729,-0.5692256527618649,0,2
-0.0077271867510754,-0.4626707918787816,1.5802753980771584,0.3524000396623634,-0.5375141993148476,-0.5837249779842971,-0.5441046556660666,-1.3159847190055642,1,2
0.0972295367233844,0.1754034151491848,-0.4967296796824318,-0.7417408814668133,-0.4052739240259471,1.6391100077204708,-0.6295201220490719,0.7008686081539682,0,2
2.152068711051332,0.5431071954703856,-0.8401296237827544,0.2901357213878534,2.1617087648785027,-0.9919489920852024,-0.5420709540855188,-0.5450717207000739,1,0
0.2052104369759224,0.9166690017035666,-0.0005599345316764,-1.2835830404969006,0.0610778432539359,2.7365440067104463,0.2470052591670073,-0.1082881159160237,0,1
-0.9258316780251244,1.9427247710557407,-0.2828519582118249,0.9384451116659582,0.5110458596130703,1.0353520962494138,-0.6905311694655043,-1.136843056213949,1,1
1.2391231095751805,-0.8524548237143682,0.0685185842041722,0.8167682759539387,-0.5263966540471965,0.5774925543545472,-0.4790262050885385,-0.0519289411051783,0,2
0.0794402615582217,0.2943664029001616,0.2491854793594674,-0.7322348786768117,1.0780406682632666,-0.2451129114807944,0.1880279133311226,0.3707648699761604,1,1
-0.3594211567663428,2.0040087344426074,1.104696365241895,-0.0734688853297051,0.2255004864228783,-0.1849486353669016,-0.3915770371249855,0.7894330257138682,1,1
0.1626940693311834,0.8251936740011109,-1.5129809649309682,-1.2683734360328982,0.1775195015835428,-1.0293166479528153,-0.6193516141463331,1.1577804896561783,1,1
0.6326867191947829,0.7328171115429662,-0.8859605640978847,-0.202275223134226,1.5198168091620268,0.5168112414928008,-1.0565974539640988,0.2359054159644954,0,0
1.219021228638547,-1.4423129713129614,0.8941397264028191,-0.1005609932812097,-0.4099549957175896,1.0199820038359428,0.0761743264009963,0.3526494209298173,0,2
0.4394951909011156,0.6197121497039692,2.1435310123848432,-0.4922083082292728,-0.4561805786725591,-0.0904249171910903,-0.2532853296477385,1.3027040820269231,0,1
1.5194820861781455,-0.6550844122184294,-0.0317781112680693,-0.480801104881271,0.2336923618832527,0.5544139140639838,0.5825660199573856,-0.3900839899702496,0,0
0.9726397676010428,1.4254160212901297,0.5912569904071777,0.0562880527538157,0.1190061054380117,-0.4223625093132082,-0.7515422168819368,-0.321647849128509,1,1
-0.1091260551925031,-0.9317634822150191,-1.057328427884893,-0.4598878987432678,-0.0190855094654417,1.2075723366254325,-0.2634538375504774,0.2882389354317092,0,2
0.1614488200696219,-1.607238931604088,-0.0331065443206815,0.3262585319898592,-1.1004130702348571,-0.142222598657895,-0.7881488453317962,0.1674692751227548,0,2
0.9998573586037418,0.8179837959555973,0.2657908925171233,1.285889513640514,0.6848306461652977,0.5590202414539535,-0.6437560331129061,0.5177012900187212,0,0
0.0242935085462173,-1.2111462564786768,-0.0842512168462611,0.5558284993683963,-0.5263966540471965,0.0539693454822521,-0.7027333789487908,-0.611495033869999,0,2
-1.2238020370416,1.3578234146134385,0.4026194969362074,-0.380512775446755,0.7187684159297058,-0.7848522728994121,-0.1739709680063764,1.9629115583825387,1,1
-0.5351791953981506,0.4354096421655239,-0.4382786253674836,-2.8140494896871484,0.1453371337035007,0.1081641973254697,-0.6478234362740016,-0.0821213561824172,0,1
0.5542360157164151,0.5016503967086814,-0.3021142374747056,0.1228300722838263,-0.4983102238973416,1.817769705774304,-0.749508515301389,-1.0402273279667855,1,2
-1.1691889622845506,-0.5852387186525151,-0.7478035266261879,0.2910863216668536,-0.0887164508786237,-0.363232306695023,-1.1826869519580592,-1.8131531539440915,0,2
0.1730118489269778,-0.9394239776383776,-0.5319331555766622,1.4194488528400355,0.8194114573000192,-0.9911029319523508,-0.0743195905595367,0.221815622261784,0,0
2.775404912838634,-1.4337512411339135,-0.6707544095746651,1.4389361585595388,1.3577347018389054,0.2234163887561455,-1.0749007681890286,2.3936566801511416,1,0
-0.9516261270146102,1.648922240701056,0.8489730026139958,-0.2531323380607342,0.8118047158011003,-0.8559683273996619,0.7086555179513461,-1.183138092665715,1,1
0.2637371522693076,0.2484034303600113,-0.0178295642156378,1.0515665448669766,0.1201763733609223,-0.8665440790603071,-0.3448019007723872,-1.4085747919090958,1,1
1.4671816171925665,1.347008597545168,0.5507397823024975,1.537323287436055,0.3068341070651666,1.8560304251154824,-0.997620108128214,0.2520080373390223,1,0
-0.7546988509362588,-0.1021768896030944,-1.263899767566131,1.5672671962245597,-0.9400863647961016,-0.948705918628342,0.5276560772825964,-0.553123031387338,1,2
-0.6477853071936307,-0.1224546716061016,0.4816612635666489,0.6836842368939171,-0.8874243082651235,-0.2711997655770525,1.6380571402616662,-0.0076467323252287,0,2
-0.3891292462921646,-0.0116027966563278,2.2916512977511334,-0.634323049939796,-0.3795280297219133,-0.8567673841917995,-0.2248135075200701,0.8659204772428722,1,1
-0.8751322438044106,-0.9439301514168238,0.0206949943101235,-2.499876097477597,-0.3409091882658628,-0.5741362964786455,2.146482535398604,-2.008397438110234,0,1
-0.4264867241390063,-1.465294457583036,1.5045547140782478,2.322994418029682,-0.9705133307917776,-1.3180581699587868,-1.137945517186009,1.0732417274399102,1,2
-0.7080909500035324,0.2366873785360515,-0.7059578854688955,-0.1347826033252152,-1.2835600001703693,-0.4900473199413375,-0.1963416853924017,0.2640850033699182,0,2
-1.2771698625370882,0.0203910371706391,1.6486897002866996,-0.9984029567968548,-1.67033354869233,-0.6685190046323147,0.5154538677993098,-0.5933795848236559,1,2
0.1554004665134668,-0.9907943587126632,0.9798236582963236,1.7706956559305929,0.5034391181141512,-0.5133139735947571,0.6110378420850541,-0.0499161134333628,1,2
-0.0884904960009144,-0.6803189853777276,0.4949455940927738,1.3476785317755242,0.6356793934030516,-0.8077428998271198,0.5256223757020487,0.5277654283778009,0,1
0.3592655599062316,-0.8565103801149696,-2.299413332077548,1.9684205139626243,-0.5895911218843701,-0.974651762702458,1.0096433518724124,0.6324324673122277,1,2
-0.7744449463695895,-0.161207766100738,0.607198187038527,-0.7160746739338091,-0.5615046917345152,-0.8904687794837224,-0.112959920589944,-2.100987511013765,1,1
0.3229754385692995,1.5222987575267208,0.3561243400947709,0.5700875035533987,0.8381357440665892,0.2872939287864425,0.1575223896229063,-1.3663054108009618,1,1
-0.4674020570188806,-0.5235041378878038,0.5241711212502479,-0.2402992342942322,0.4695013483497431,-0.7218677963426807,-0.8654295053926107,-0.6839568300553713,0,1
0.1253365914843416,-0.4541090616997337,1.2973191578707028,-0.542590123016281,-0.3022903468098123,-0.1783211643262307,0.273443379714128,0.2439567266517588,1,2
-0.4497906746053696,-0.3973312720913131,1.420863431763662,-0.2749961444777379,-0.5293223238544731,0.0757788955735382,1.520102448589897,0.9987671035827216,0,2
-0.446232819572337,0.4128787732732935,-0.5272836398925186,1.3495797323335248,0.3653475032106977,-0.0521641978499117,-0.8084858611372737,-0.8047264903643256,1,1
-0.1169533362651746,1.4015333002643653,0.1933912911497436,1.3324689273115218,0.9651098137023918,1.671542312813116,-0.8918676259397313,-1.2173561630865848,1,1
-0.9471788082233196,-1.0079178190707585,-0.4668399359986516,-0.425666288699262,-0.775663721627159,-0.9811852270617012,2.9457272565538686,0.2298669329490475,0,2
0.2921999925335682,0.086181174335952,0.1807711771499254,0.7749418636779318,0.6386050632103281,-0.3267107109602614,-0.3610715134167692,-1.0945736751058148,0,1
-0.8495156875665762,0.172699710882117,1.9522366528086488,0.5211315891848909,-0.18526355451875,-0.6023853042477467,-0.7962836516539872,1.0168825526290648,1,1
0.5273742102170196,-0.6622942902639433,0.4597421181985434,-0.820640704623826,1.439068322481194,-1.118387978605805,-0.8918676259397313,1.0229210356445126,1,0
-0.7532757089230457,1.0464468065228136,-0.0709668863201363,-1.6471876472144595,-0.0067976962748801,0.2518534098881027,-0.121094726912135,-0.4565073031401747,1,1
0.1984505124131604,0.3538478967756499,1.0190124333483916,0.0543868521958153,0.9030856137881288,-0.2797073702462827,1.1784405830578757,0.3788161806634246,0,1
0.6164984787944847,1.1595517683618108,-0.4382786253674836,-0.1514181082077179,0.004904982954226,-0.3636083334207348,-0.7129018868515294,0.4069957680688473,0,1
-0.6250150349822224,0.9072060367688294,2.0631608127017893,0.45458956965488,0.5449836293774782,-0.3304709782173798,-0.9142383433257566,0.5257526007059854,1,1
-1.1284515221563278,-0.101275654847405,-0.7391687117842072,0.5929019102494024,-0.418146871177964,-0.6293182184768565,0.5337571820242395,-1.5716138333261835,1,2
-0.6342654580681071,0.3799837046906372,0.4305165910410692,-1.246984929755395,0.0809723979434164,-0.1583447445227898,-0.5034306240551115,-0.9677655317814132,1,1
-1.0081960220398278,0.1186256255407638,-0.0005599345316764,-0.3101683548007434,-0.7780042574729803,-1.1999387747445582,1.5038328359455149,-1.4810365880944685,0,1
-0.9528713762761718,0.209650335865375,0.0047537976787733,-0.084400788538207,0.1851262430824619,-0.0186508159208449,-0.6335875252101674,0.3264826611962108,0,1
-0.3249099629459271,0.9554220961982028,-0.1506728694768849,0.231673804229344,0.4771080898486622,0.2745090201122404,1.2333505257326645,0.5559450157832236,1,1
1.2583355267535563,-0.1197509673390342,1.3783535740800632,-0.0924808909097082,-0.0331287245403691,-0.6864272774443406,0.2754770812946757,0.0346226487829053,1,0
1.6203472763646178,0.2574157779169036,0.0266729430468798,-0.6647422588678007,1.427950777213543,0.3958246424950195,-0.3061615707419801,-1.16099698827574,1,0
-0.4593968831945574,-1.7721648918952149,1.662638247339131,0.8429097836264428,-1.8710344974715016,2.596380044701361,0.0782080279815442,0.2379182436363116,0,2
0.7511632917947667,-1.1273314241995795,0.2830605222010857,0.6580180293609127,0.0973561488641652,-0.5745123232043573,-0.5013969224745638,-0.4424175094374633,1,2
1.0606966796685982,-0.0837015771114653,0.1820996102025376,0.0919355632163215,0.2845990165298648,-0.0022936533523802,-0.8939013275202791,1.3892556719150069,1,0
-0.5172120274813363,1.7142617604885235,-0.3612295083159603,-1.7626855811129782,0.8281884667218489,-0.0226931032222471,-0.6518908394350971,2.109847978425099,1,1
-0.5079616043954517,-0.0679299688869039,0.6424016629327574,0.7003197417764195,-1.0547726212413426,0.7499948147748491,-0.8023847563956304,-0.7463544878816639,0,2
-0.1105491972057161,1.5538419739758436,-1.1456692258836214,0.7568804583769289,-0.2724485147755915,1.7276643016256068,-1.152181428249843,-1.4770109327508365,0,1
-0.0762158961369521,1.4191073780003052,0.120991689782364,-1.0297727660038598,0.4004555408980164,-0.9280244487141912,-0.4729251003468954,1.1094726255325964,1,1
-0.3418097743528318,0.2574157779169036,1.4480963093422174,0.6770300349409157,-0.8400284573872433,-0.2880739648933709,-0.82068807062056,1.403345465617718,1,2
-0.5036921783558126,0.158730572168934,-1.2486227874610871,-0.8496340131333306,-0.4251684787154276,0.9765509170162268,4.719115034791504,0.5539321881114074,0,1
1.9417994785991084,0.1452120508335959,0.8303749398774212,-1.3372919562604095,1.02771914757811,1.033142939235857,0.4137687887719224,0.0305969934392736,1,0
-1.2254030718064648,-1.563529045953161,-1.7056037575597758,0.882359695204949,-1.3947354528468785,1.4684408775880142,-0.9549123749367114,-0.162634463055053,0,2
-0.8564535048809897,0.0933910523814659,0.953254997244074,0.5924266101099024,0.8164857874927427,-0.8444995122654511,1.2597886462797854,-1.2676768548819823,1,1
-1.1458850118181874,-0.8037881469071504,-1.0267744676748058,-0.3092177545217434,0.1675722242388025,-1.3297149984558536,0.1493875833007153,-0.9677655317814132,0,1
0.1607372490630156,0.0014651073011657,-0.0855796498988743,1.128089867326489,0.9797381627387746,0.3983628228935741,-0.725104096334816,0.6344452949840439,1,1
0.4853915208272354,1.9904902131072693,0.0512489545202098,-2.181900304152046,0.4302973729322372,0.856457381492011,-0.2715886438726684,-0.9295218060169108,1,1
0.0835317948462092,1.9156877283850648,-0.1021850630565296,-2.442840080737588,1.6321625297614464,0.6632266478168444,-0.6173179125657854,0.1654564474509386,1,1
-0.7385106105359607,0.042471288685025,-1.0719411914636297,1.0411099417979746,0.2219896826541465,-0.637073769694663,-0.588846090438117,0.2419438989799433,0,1
-0.0701675425807967,-0.8673251971832402,0.6596712926167198,0.1109475687963246,-0.3590483410709776,-0.0484509339335073,0.3730947571609675,-1.509216175499891,1,2
-0.247170830474166,1.92695316283118,-0.7497961762051066,-0.3800374753072547,-0.6603923312204628,1.9149256110300976,-1.0281256318364305,-1.503177692484443,0,1
-0.8447125832719822,-1.041714122409104,-1.2087697958827135,-1.0830063816278683,-0.0073828302363354,-1.2129116967816165,3.698196841356535,-0.2572373636304001,0,1
1.871353948945064,-1.7910908217646884,-0.333996630737405,2.2678596018476727,0.0534711017550168,-0.2321399894437363,-0.8959350291008268,-1.1267789178548693,1,0
0.1856422342942432,-0.2364608682007877,0.1097000088351589,-1.0388034686543612,-0.4163914692935979,-0.5012341150312646,-0.2654875391310251,0.894100064648295,1,1
0.0226924737813526,1.303298711894241,-0.1440307042138225,-0.9599036454973484,1.9101011614527192,-0.3021279637668506,-0.3529367070945782,-0.4021609560011455,1,1
-0.2041207845744722,0.7418294590998579,0.8881617776660637,0.2521117102278472,1.1359689304473426,-0.4483553567280385,-0.6925648710460521,-1.0140605682331791,0,1
-0.5753829572714184,0.9896690169143928,-0.112148310951123,-0.3258532594042461,-0.4760751333620397,1.572271257225193,0.3486903381943947,2.3614514374020863,0,1
-1.371453020912451,-0.4779917827254981,1.1458777898728818,0.7834972661889333,-0.3660699486084412,0.1325119278153108,1.019811859775151,0.1111101003119093,0,2
-0.2311604828255195,-0.9150906392347689,0.621810950617264,-0.8952628265253381,-2.493617032459953,0.9081140529366736,-0.6518908394350971,-0.2874297787076391,0,2
0.7732219929995684,-0.0539608301737212,-0.952382216728508,-0.3980988806082577,0.2424693713050824,-0.1955243870275468,0.2551400654891983,0.8236510961347381,1,0
-0.1665854139759788,-0.8529054410922127,-0.0503761740046438,1.5216383828325526,-0.6639031349891946,-1.315566992900946,-0.999653809708762,-0.0881598391978644,0,2
-0.1555560633735778,-1.5653315154645395,-0.3599010752633482,0.4312998628193762,-1.1378616437679967,0.2871059154235867,-0.7698455311068665,1.1940113877488645,0,2
-0.3763209681732474,-0.4514053574326663,-1.7315082020857189,0.9992835295219682,0.5221634048807211,-0.0425755163442599,0.1290505674952379,0.9283181350691656,1,2
-0.5284192708353888,1.2789653734906317,0.5248353377765544,0.1898473919533371,-0.1694649375594567,-1.0400334096356028,1.7966858635443907,-1.2676768548819823,1,1
-0.7063120224870161,-1.0903807992163217,-2.217050482815575,0.9042235016219528,-0.6960855028692368,0.0373301628695038,-1.0810018729306718,-0.8630984928469866,0,2
0.8450906646668259,-0.5645103192716631,-1.5076672327205185,-1.395753873418919,0.8943086043662991,-0.5727731995979402,1.0401488755806287,0.0305969934392736,0,0
1.949982545175084,1.6678481705705297,-0.0882365160040987,-0.0943820914677086,2.086811617812223,-0.2185090206366823,-0.3244648849669098,1.5382049196293837,1,0
0.1904453385888374,-0.7803560432592307,-0.151337086003191,-1.2032573169213878,-0.6369869727622504,-0.8697873095695716,-0.6356212267907151,0.6324324673122277,1,2
-0.9112444723896908,-1.2498993509733132,-0.7650731563101503,-0.7322348786768117,-1.2911667416692882,-0.2242904315445018,0.7717002669483259,-1.0965865027776311,0,2
-0.4903502219819405,0.2425454044480313,1.365733460080245,0.2150382993468413,-0.9488633742179312,0.2284927495532551,-1.1176085013805317,1.856231691776296,1,2
0.8536295167461041,1.084749283639605,2.164785941226643,0.1613293835833327,1.6807286485622377,1.2796284579399613,-0.7800140390096052,-0.315609366113061,0,0
-0.6385348841077462,0.3642120964660758,0.6005560217754651,1.3391231292645231,-0.4403819617132658,1.47253016823013,-0.9935527049671188,1.1034341425171486,0,2
-1.0588954562605415,-0.6104732918118133,-1.6418389710343773,0.6009820126209039,-0.6931598330619602,-0.7559452183603153,0.1575223896229063,0.2620721756981019,0,2
-1.3180851954169628,-0.868677049316774,0.5607030301970906,0.8932915984134512,-0.7148097896358068,-0.5161811773783097,0.6578129784376524,-1.5957677653879747,0,2
-1.0194032653938805,0.2150577443995101,0.3454968756738714,-0.3676796716802527,-0.1905297601718479,-0.7830191426115669,1.3879118458542936,-1.0341888449513377,1,1
-1.385684441044581,-1.2598129332858945,0.4285239414621505,0.647086126152411,-2.2273810799977865,0.3898082148836301,-1.0830355745112197,1.367114567525032,0,2
1.4066980816310135,1.505175297168626,-1.016147003253906,-0.3548465679137507,3.3495307066327853,-0.1755479672241058,-0.6742615568211223,0.5076371516596423,1,0
-0.7922342215347522,0.1582799547910895,-0.0244717294787007,-1.6300768421924567,-0.5737925049250767,-0.5630435080701465,-0.6884974678849566,0.9283181350691656,0,1
0.6890787214683488,-0.7528683832107096,-1.249287003987394,-1.0392787687938614,0.0569819055237487,-0.8575194376432232,-0.3915770371249855,-2.0848848896392385,1,0
0.8317487082929539,0.5764528814308867,0.3959773316731445,-0.1224247996982132,-0.0231814471956289,0.8347888414228668,-0.6559582425961926,1.047074967706303,1,1
-0.2560654680567474,0.5273355872458241,1.6015303269189576,2.844398671061266,-0.54219527100649,0.2033459622712767,-0.7678118295263187,0.1231870663428052,1,2
-0.3804125014612348,-1.3332635658745655,0.2777467899906359,1.9940867214956288,-0.2706931128912255,-0.6888244478207536,0.0741406248204486,0.7974843364011316,0,2
0.7420907614605337,-0.3518189169290077,1.0057281028222669,-0.3738585734937538,-0.5638452275803364,2.3341484068580742,-0.6884974678849566,0.2983030737907881,0,2
-0.2350741233618552,0.7026257472273774,-0.1081630117932859,0.4198926594713743,-0.2671823091224936,-0.2250424849959255,-0.814586965878917,-1.1911894033529782,0,1
-0.1790379065915928,-0.050806508528809,1.1339218923993692,0.1589528828858323,-0.0225963132341736,-1.1115254908615642,-0.2492179264866431,0.6284068119685959,0,1
0.3461014962840113,0.4277491467421658,-0.4269869444202775,0.6870113378704173,1.2535808566998603,-0.4588371017072557,-0.580711284115926,0.6424966056713073,1,1
-0.0151986823204438,1.3280826676756945,0.7639532872467979,-0.5520961258062825,0.4115730861656673,-0.3293899013809583,0.3161511129056307,0.7370995062466544,1,1
2.6060510132662853,-0.2643991456271537,0.8383455381930963,-0.5558985269222833,0.630998321711409,-0.3763462387542229,0.8225428064620197,2.5868881366454684,1,0
-0.7863637607302484,-0.1548991228109134,1.3956232037640257,-0.6737729615183022,-1.4169705433821802,1.0132135227731305,0.0599047137566143,-0.1344548756496303,1,2
-0.023737534399722,-0.8389363023790298,0.543433400513129,-1.8411101041304907,-0.2238823959748006,-0.9696224052460624,-0.4159814560915584,-1.255599888851087,1,1
-0.098630382845057,0.6553109225536928,-0.3253618158954238,-1.1562026031108803,0.9738868231242214,1.6630817114846,-0.6335875252101674,-0.6658413810090282,1,1
-0.3953554925999716,0.3286133236163517,0.7732523186150853,-0.1114928964897113,0.8656370402549888,-0.427156850066034,-0.5420709540855188,1.5965769221120447,1,1
-0.2434350826894817,1.476786402364415,1.2820421777656594,0.0581892533118158,0.269970667493482,-0.1549135006506692,-0.5054643256356592,-1.1871637480093464,1,1
1.0060836049115487,-1.576596949910655,-0.3678716735790228,0.1670329852573336,-0.7815150612417121,0.8113341744065913,-0.5258013414411368,-0.3357376428312204,0,2
0.3347163601783071,-0.8028869121514611,-0.2177587386338143,0.0795777595893193,-0.5609195577730598,1.1009217565454144,2.2054598812344883,0.942407928771877,0,2
-0.6870996053086404,-1.072806721480382,-1.7952729886111174,-2.286941634981563,-1.4111192037676272,0.2072002362098229,-0.2695549422921205,0.6928172974667048,0,2
-0.4147458025299989,1.2951875990930375,-0.909872359044909,-0.4313698903732631,-0.1255798904503083,-0.0581336221205869,0.305982605002892,1.0732417274399102,1,1
-0.6874553908119437,-0.1941028346833946,-0.2529622145280447,-0.6053297414302911,-0.8236447064664948,-1.0883058405488588,-1.1440466219276522,0.8115741301038429,1,2
0.5088733640452502,0.914415914814343,-0.2881656904222751,0.6299753211304085,0.2951314278360604,-0.1080041666181184,-0.9732156891616413,2.069591424988782,1,1
-0.4031827736726431,0.8824220809873761,-0.2722244937909254,0.0886084622398208,0.963939545779481,-1.1495981968398872,-0.2187124027784268,0.6928172974667048,1,1
-0.8375968732059171,-0.1972571563283069,-1.3562258647226977,-0.8629424170393328,-0.0559489490371263,0.2916652394728425,-1.0240582286753348,-1.2153433354147691,0,2
-0.800417288110727,1.4164036737332373,1.963528333755855,-0.3890681779577562,-1.662726807193411,3.1364014261642628,-0.2980267644197891,-0.8671241481906183,0,2
1.250330352929233,-1.0538807916109083,-1.2479585709347814,-0.8491587129938305,0.4027960767438376,0.3590680300566882,-0.2492179264866431,-0.3820326792829862,0,0
-0.8416884064939045,-0.2905349535421409,1.2455102688188169,-0.5069426125537753,0.1716681619689897,-0.0032807235073739,1.3167322905351222,-2.543809598813264,0,1
-0.6646851186005354,0.2650762733402617,-0.8035977148359117,0.6423331247574102,-0.718905727365994,-0.1738088436176886,0.0599047137566143,0.9504592394591403,1,2
-0.813759244484599,0.680545495712991,0.4351661067252124,0.540618894904394,0.0259698055666172,-0.142034585295039,-0.9284742543895907,-0.6759055193681078,1,1
-0.5364244446597121,0.3736750614008126,-0.3027784540010121,1.343876130659524,0.1798600374293641,-0.5570740837994713,-0.0072074384014611,0.7833945426984202,0,1
-0.4346697907149812,-1.070103017213314,0.2372295818859548,-1.0164643620978575,-0.2671823091224936,0.0865426605970394,0.4727461346078073,-0.239121914584057,0,2
-0.5287750563386922,-1.191319091853514,-1.3701744117751284,0.8367308818129419,-0.6937449670234156,0.0933111416598523,2.9436935549733203,-0.9254961506732792,0,2
3.937044581123761,1.9147864936293748,1.0601938579793773,0.4446082667253784,3.672524653356117,-0.2266876019209147,3.7388708729674898,-0.0438776304179148,1,0
-0.382725107232706,2.027440838090527,0.103057843572096,-1.9380713325885064,0.9522368665503748,-0.4858170192770795,-0.5908797920186647,0.8075484747602113,1,1
0.0717908732372019,0.4047676604720905,1.0528874761900089,0.3832945487298684,0.7737710083065049,-0.835756890892651,0.7594980574650397,-0.1163394266032872,1,1
-1.1435724060467165,0.8504282471604091,1.4434467936580744,0.201729895440839,-1.3865435773865042,0.2770472005107953,-0.2919256596781458,-1.320010374349196,0,2
-0.9848920715734646,1.0788912577276255,0.5088941411452043,0.4293986622613758,0.7058954687776888,-0.60407742451345,1.0970925198359656,-0.9375731167041752,1,1
0.0961621802134746,0.7449837807447705,0.0180381282048981,0.4165655584948738,1.3372550131879697,-1.2706788025190965,-1.048462647641908,0.2560336926826547,1,1
-0.3857492840107837,0.2339836742689838,-0.2994573713694807,0.3177031294788579,0.2512463807269121,1.3313791360660518,0.3242859192278217,0.6022400522349894,0,1
-0.4124331967585278,1.1104344741767482,-2.08752826018586,-0.5820400345947875,-0.1185582829128446,-0.0017296132638124,-0.708834483690434,-1.2193689907584009,1,1
4.930219813594796,-0.2170843209534695,0.3242419468320714,0.7716147627014311,2.381134000424245,0.5027572426193211,-0.6640930489183836,0.0305969934392736,1,0
-0.4649115584957578,2.0382556551587983,1.5284665090252725,-1.0706485780008663,-0.5252263861242858,1.9873577590703395,0.9099919744255728,0.2479823819953905,0,1
-0.3942881360900618,-1.557671020041181,-1.0314239833589496,0.5520260982523956,-0.7142246556743513,-0.499871018150559,0.135151672236881,0.4150470787561107,0,2
-1.1741699593307962,-0.07243614266535,1.4919346000784286,-0.3847904767022554,-0.7253422009420023,0.8623798024219723,0.2998815002612487,0.8115741301038429,0,2
-1.0025034539869755,-0.5965041530986304,-1.912175097241014,-0.5235781174362779,-1.0155686458238369,-1.015027632375766,1.5567090770397567,-0.186788395116844,1,2
1.541007109127992,0.8891813416550455,-0.0796017011621179,0.1328113752133281,0.807708778070913,0.3605721369595355,0.0904102374648306,0.7089199188412324,1,0
-0.1943366832336327,-0.216633703575625,-1.2087697958827135,1.5263913842275534,0.0259698055666172,-0.568354885570826,-0.1414317427176124,0.1795462411536499,0,2
3.5067220148784743,-0.013855883545551,1.4673585886050986,1.0140178338464705,1.8708971860352133,-0.7595174722545776,-0.3793748276416989,1.4496405020694831,1,0
-0.2731431722153035,0.2966194897893844,0.8602646835612019,-1.0953641852548703,0.984419234430417,-0.9364380467019936,0.9974411423891262,-0.0458904580897303,1,1
-0.4807440133927527,-0.1143435588048987,-0.6568058625222342,0.4583919707708807,0.1517736072795091,-0.2731739058870397,-0.90203613384247,0.8860487539610314,0,1
-0.7265917961753017,-0.0580163865743225,-0.4489060897883831,-1.2583921331033967,-0.5685262992719791,0.9303936364350996,1.180474284638423,1.5865127837529645,1,2
-0.5172120274813363,-1.1390474760235394,0.7958356805094974,1.4436891599545396,0.2290112901916102,-0.5213515448568473,-0.7596770232041277,-2.06475661292108,0,2
-1.0852235835049824,0.4020639562050231,1.2568019497660228,0.7045974430319203,0.320877322140094,0.7117340954336704,-1.152181428249843,-0.9979579468586516,0,1
-0.0614507977498671,-0.8114486423305087,-0.3917834685260471,0.7026962424739203,-0.8885945761880343,-0.0650901165462558,0.1046461485286649,-0.995945119186836,0,2
0.4764968832446541,0.6823479652243698,-0.2901583400011934,0.7383437529364257,-0.0032868925061483,-0.8864734955230341,0.2856455891974144,-0.7503801432252957,1,1
0.6218352613440337,-0.7105103496933165,0.9446201824020932,-1.1100984895793726,-0.3520267335335138,0.6576802536125949,-0.169903564845281,1.5663845070348066,1,2
0.3167491922614927,-1.6775352425478471,-3.398027466588057,1.042060542076975,-2.1595055404689703,3.497434086188333,-0.0824543968817277,-0.0861470115260489,0,2
-0.2720758157053937,1.2749098170900302,1.0156913507168606,-1.3748406672809157,1.0189421381562802,0.0385992530687812,-0.4790262050885385,0.805535647088395,1,1
-0.1731674457870891,0.3561009836648728,-0.9331199374656268,-1.781222286553481,0.2471504429967248,-1.3085164917938492,1.5099339406871584,-1.4186389302681748,1,1
0.8698177571464022,-1.2210598387912583,-0.8580634699930227,-0.5687316306887853,-0.988067349635437,-0.0178987624694211,-0.4220825608332016,-0.3276863321439569,1,2
0.7748230277644331,-0.5244053726434929,1.086762519031627,-0.4266168889782624,-0.4684683918631208,0.849547890407056,-0.8674632069731584,0.2922645907753409,0,2
-0.326866783214095,0.2565145431612142,-1.7640548118747243,1.7407517471420877,-0.2589904336621192,-0.1845726086411898,0.950666006036528,-0.4383918540938316,0,2
1.5806771927463052,0.8481751602711856,-0.3618937248422669,-1.1894736128758858,1.2243241586270943,-0.5401528811424389,0.0029610695012775,-1.2113176800711376,1,0
-0.4759409090981588,-0.7699918435688048,-0.7923060338887056,0.2050569964173397,0.1962437883501128,-0.1309888002272539,-0.596980896760308,-1.0985993304494466,0,2
0.269785505825463,1.4871506020548413,1.0880909520842392,-1.849665506641492,0.7573872573857563,0.7729324450432709,0.0232980853067549,-1.7245887363841916,1,1
-0.919783324468969,1.5565456782429106,0.8728847975610201,-1.019791463074358,1.1494270115608147,-1.3920884315833033,-1.125743307702722,-0.8932909079242248,1,1
-0.5679114617020501,-1.1759981010067972,-0.2974647217905619,1.3134569217315186,-0.8019947498926481,0.2873879354678706,0.2876792907779621,-0.0438776304179148,0,2
-0.7070235934936226,-1.3485845567212824,0.8742132306136323,0.7217082480539233,-1.553891890362723,0.3798435066522665,-0.8430587880065854,-0.4484559924529105,0,2
-0.2190637757132089,-0.1864423392600362,-0.0822585672673423,0.3034441252938556,-1.21861013044883,2.636614904352528,-0.2593864343893818,0.1896103795127296,0,2
-0.0045251172213463,-1.170590692472662,1.4461036597632988,2.109109355254647,-0.115632613105568,-0.5184373377325807,0.0090621742429207,-0.0921854945414962,1,2
0.0954506092068683,0.6643232701105852,-0.8939311624135593,0.3077218265493563,0.3518894220972255,-1.0421955633084456,2.1525836401402465,-1.5937549377161584,1,1
-0.9238748577569564,-0.5316152506890067,1.2966549413443964,0.2264455026948432,-0.5907613898072808,-0.7969791348036186,-0.4607228908636088,1.0933700041580696,0,2
0.2575109059615008,0.9193727059706344,1.07214975545289,-1.1029689874868716,0.5408876916472911,2.079719323573307,-0.6600256457572881,-0.2250321208813457,0,1
-1.24675020200466,-0.5027757385069518,0.1595162483081264,-1.4855855997844334,-0.963491723254314,-1.0734997882239556,-0.2553190312282864,-0.4363790264220154,1,2
-0.5570600038513008,-1.191319091853514,-0.8540781708351852,-0.6428784524507972,-1.1700440116480388,-0.5624794679815787,1.68889967977536,0.3808290083352401,1,2
0.9274550086815296,0.3470886361079806,-1.016147003253906,-1.1804429102253842,0.367688039056519,1.528088116954053,0.8469472254285928,0.2238284499336003,0,0
-0.1820620833696705,-0.1251583758731694,0.7745807516676974,1.2355076988535063,0.4893959030392237,-1.326330757924447,-0.8023847563956304,-0.0760828731669693,1,1
-0.3140585050951779,0.5539220125386562,-0.7411613613631255,1.2388347998300069,-0.6252842935331441,0.3963886825835873,-0.0743195905595367,-0.794662352005246,0,2
-1.0880698675314084,-1.1998808220325616,0.192727074623438,2.0487462375381376,-2.2876498780276835,0.4306071146233636,-0.4647902940247043,-0.7060979344453461,0,2
0.2671171145506885,0.9004467761011606,-0.0238075129523942,0.2221678014393424,-0.1074407376451937,-0.0571465519655934,0.5500267946686216,0.0406611317983532,0,1
0.4040945333224416,0.2803972641869786,-0.9012375442029278,0.0819542602868197,-0.7733231857813377,0.83648096168857,-1.111507396638888,0.7612534383084455,0,2
0.2760117521332699,-1.869948862887495,-0.9012375442029278,1.176570481555497,-0.7727380518198824,-0.3805765394184811,0.8510146285896882,-1.988269161392075,1,2
-0.2167511699417376,-0.3405534824828925,0.0665259346252534,-0.7550492853728155,1.4010346149865986,-1.242946831497849,4.09070124640225,1.7918212062781869,0,1
-0.8856279161518565,1.4272184908015084,-0.1427022711612098,0.2834815194348525,0.5420579595702018,-0.7412331727168399,1.819056580930416,-0.0177108706843083,0,1
0.2470152336140547,-1.855979724174312,-0.2615970293700254,0.5044960843023879,-1.9400803049232285,1.388441191692822,0.3425892334527514,1.52008947058304,0,2
-0.9911183178812716,0.8490763950268753,1.170453801346213,-0.3168225567537446,0.9422895892056344,-1.3320651654915523,-0.2756560470337638,-0.7443416602098485,1,1
-1.175237315840706,-0.637059717104645,-1.0393945816746242,-0.7360372797928123,-1.0190794495925686,-0.3594250360971907,-0.918305746486852,-0.8027136626925094,0,2
-0.8121582097197344,0.1330453816317913,1.2142920920824238,-1.0026806580523555,-0.3801131636833688,1.1513563411315135,0.6639140831792955,-0.297493917066718,0,1
0.784429236353621,-1.6090414011154666,0.941299099770562,-0.3168225567537446,-0.4620319182871122,-0.4234905894903436,-0.3712400213195079,-1.881589294785832,1,2
-0.4465886050756402,1.5470827133081742,-0.2669107615804756,-1.1970784151078866,1.0364961569999396,-0.2484031453307729,1.015744456614056,-0.712136417460794,1,1
-0.758434598720943,-1.5847080627118575,0.4378229728304378,0.4560154700733804,-0.5960275954603785,-0.3417987833294486,-0.967114584419998,-0.2411347422558732,0,2
-1.1699005332911572,1.7746444891197015,-0.952382216728508,-2.219449015172552,-0.1612730620990823,1.4771834989608137,-1.0199908255142394,-0.1908140504604757,0,1
-0.2866630213408273,0.0613972185544986,-0.3452883116846111,-2.367267358557076,-0.0050422943905142,0.1546505012915946,-0.104825114267753,0.5096499793314578,1,1
-0.0269396039294512,-0.3144176745679052,0.1953839407286624,0.4569660703523804,0.0324062791426256,-0.7826901192265692,-0.1922742822313061,-1.8755508117703843,0,1
-0.1704990545123146,1.45966294200632,-0.2576117302121883,-0.3225261584277454,1.5362005600827755,-1.0981295387580805,1.8332924919942504,0.0185200274083777,1,1
0.1973831559032508,-1.557671020041181,2.156815342910968,-0.2569347391767349,-1.2215358002561063,-0.3558997855436422,0.6496781721154612,0.4754319089105879,1,2
-0.0642970817762931,0.2402923175588083,0.6842473040900497,-0.9294844365693437,-1.0459956118195128,0.6559881333468915,-0.798317353234535,1.0833058657989891,0,2
-0.9793773962722642,-1.3539919652554178,0.4796686139877302,-0.381463375725755,-2.2876498780276835,1.89203498410239,-1.0342267365780735,0.9222796520537176,0,2
-1.3869296903061423,-1.5432512639501534,-0.0822585672673423,0.3215055305948584,-1.2045669153739025,-1.29305239269895,0.8916886602006431,0.1292255493582524,0,2
-0.8069993199218373,-0.523053520509959,0.5394481013552915,0.7031715426134203,-0.5579938879657833,-0.9729596424367548,1.723472606644672,-1.0080220852177313,0,2
1.502938060274544,0.3515948098864267,-0.3605652917896543,0.2773026176213514,1.919463304836004,-0.9833943840752584,-0.1719372664258287,-0.4162507497038561,1,0
-0.2532191840303214,-1.3107326969823354,0.2684477586223486,-0.6229158465917941,-1.9968382991843936,0.4583860889853252,-0.1414317427176124,1.2242038028261029,1,2
-0.2411224769180106,0.6102491847692323,-0.2104523568444457,1.7763992576045935,-0.1255798904503083,-1.138552411772102,1.7173715019030285,1.445614846725852,1,1
3.7249964211550206,1.4001814481308317,-0.870019367466535,0.672277033545915,2.2284140364844087,2.239107651934409,-0.588846090438117,0.9726003438491152,1,0
-1.1012339311536288,0.5611318905841698,0.6543575604062691,0.0016285367113068,-0.9049783271087828,-0.2256535284252072,-1.015923422353144,0.3808290083352401,0,1
-0.8544966846128218,0.0118293069915916,-0.2708960607383127,-0.4522830965112666,0.1933181185428362,-1.1844746756496591,-0.3875096339638899,1.572422990050253,1,1
0.4215280229843012,0.1965824319078813,2.176741838700155,-0.7312842783978115,0.8398911459509552,-0.5452292419395486,0.9425311997143369,-0.6497387596345007,1,1
-0.8868731654134179,0.5611318905841698,-1.7806602250323802,1.0938682572824832,-0.8493906007705282,0.4196553362370067,-0.1739709680063764,-0.4444303371092789,1,2
-0.9347263156077056,0.5516689256494333,-2.161256294605852,-1.4470862884849272,-0.6053897388436636,0.0633700136250479,0.9364300949726936,0.0205328550801939,0,1
-0.6216350727008415,-1.5022450825662943,-0.1480160033716595,-0.4423017935817647,-0.8177933668519417,-0.3285438412481067,-0.4647902940247043,1.64287195856381,0,2
-1.1585153971854527,-1.2782882457775235,-0.6295729849436784,-1.3924267724424184,-1.7733171259084648,1.5111669142970203,-0.7942499500734395,1.2262166304979183,0,2
0.6961944315344137,-1.0800165995258957,-0.5598302496815242,0.1209288717258262,-0.6276248293789655,0.7547421521869612,0.0090621742429207,0.1090972726400938,0,2
-0.2686958534240128,-1.1489610583361207,1.3278731180807892,-0.2835515469887392,0.0540562357164721,-0.8808330946373567,0.4361395061579476,0.0950074789373825,0,2
-0.9224517157437432,-1.826238977236568,0.8702279314557948,2.7165429335357456,-0.9266282836826292,-0.7881895100901046,0.4483417156412341,0.6646377100612821,0,2
2.7017573136548605,0.1551256331461772,-1.3940862067221529,0.8875879967394498,0.8457424855655082,1.7315655789048667,-0.466823995605252,0.1312383770300687,1,0
-0.3048080820092932,-0.944831386172513,0.3322125451477465,0.689863138707418,-1.4567596527611413,0.2071062295283947,-0.6620593473378358,-0.2350962592404253,0,2
-1.0813099429686466,-1.6468932608544131,1.3404932320806084,0.7763677640964319,-0.9915781534041688,-0.6078376917705682,-1.0077886160309528,1.3147810480578188,1,2
-0.8920320552113151,-0.3166707614571282,1.3145887875546654,0.2773026176213514,-0.6463491161455353,0.8731905707861874,-0.1821057743285674,0.8498178558683454,0,2
-0.3277562469723531,1.748959298582559,0.1163421740982208,-0.0392472752856997,0.2178937449239593,0.7047776010080018,-0.90203613384247,1.0007799312545378,0,1
-1.1259610236332052,1.0189591464742926,2.2916512977511334,-0.5663551299912849,0.4542878653519051,-0.8305865234141134,-1.1155747997999834,1.0591519337371988,1,1
-0.0650086527828994,-1.1940227961205816,-0.9377694531497704,1.579624999851562,-2.017903121796785,1.3398867407352824,-1.015923422353144,0.2882389354317092,0,2
-0.7831616912005191,0.542656578092541,-1.346262616828104,0.3847204491483688,0.5362066199556486,-0.650375715116719,3.4439841437880663,-1.893666260816728,0,1
1.0521578275893202,-0.6550844122184294,-0.0437340087415809,0.1323360750738278,-0.7815150612417121,-0.058227628802015,-0.7393400073986502,-1.4749981050790202,1,2
-0.0023904042015267,-1.4675475444722592,0.417896477041251,0.0505844510798146,-1.9178452143879268,2.877977058918808,0.0090621742429207,-0.398135300657513,0,2
-0.1906009354489484,1.24652092228582,-0.3386461464215487,-0.1019868936997098,0.7135022102766079,-1.0442637102998606,1.109294729319252,0.0648150638601435,1,1
0.0894022556507129,-0.5744239015842444,1.3577628617645698,-0.7992521983463226,1.1541080832524573,-1.1485641233441797,1.3614737253071727,0.4311497001306376,0,1
0.5652653663188161,1.0176072943407588,1.770905541127047,-0.8116100019733246,0.7632385970003094,-0.8443585022433092,-0.1475328474592557,-1.0160733959049946,1,1
1.061764036178508,-1.8731031845324075,-0.8793183988348222,0.8471874848819435,-0.538684467237758,-0.9570725132754302,-1.013889720772596,-2.2036417222763767,1,2
-0.4474780688338984,0.54941583876021,-0.899244894624009,-0.634323049939796,0.4302973729322372,0.0917130280755772,-0.4322510687359404,-0.0740700454951531,1,1
-0.3249099629459271,-1.7392698233125583,-0.1705993652660717,1.07485625170248,-0.036639528309101,-0.5926556127199532,-1.0586311555446466,0.9403951011000607,0,2
1.3099244247325283,0.98155790411319,0.6350952811433889,-0.7583763863493159,2.031809025435424,-0.5461693087538281,-0.186173177489663,-0.1264035649623668,1,0
0.4592412863344463,0.172699710882117,-1.0221249519906623,-0.8686460187133338,1.1470864757149937,0.7163874261643544,0.0334665932094936,0.304341556806236,1,1
-0.784229047710429,1.9900395957294248,-0.5060287110507191,-1.198029015386887,0.8714883798695419,-0.942125450928385,-0.918305746486852,0.4734190812387717,1,1
-0.7683965928134341,-0.363985586130812,1.6819005266020113,-1.0996418865103712,-1.0097173062092837,-0.002622676737378,0.2103986307171477,0.6404837779994919,1,2
-0.2722537084570454,1.271304878067273,0.8489730026139958,-0.1556958094632186,0.8012723044949046,-0.6475555146738803,0.159556091203454,-2.0969618556701337,1,1
2.37372307960926,1.6768605181274212,0.5626956797760093,-0.6533350555197991,2.145325013957754,0.3781043830458496,0.143286478559072,-0.6920081407426347,1,0
-0.293422945903589,0.0631996880658771,0.2385580149385679,0.4484106678413789,0.6906819857798508,-0.5486604858116689,4.3510150487123616,0.14532817073278,1,1
0.1591362142981508,0.7688665017705347,-1.688334127875814,-0.7008650694698066,0.198584324195934,1.4688169043137258,-1.0586311555446466,-1.674268044588794,1,1
-0.6853206777921241,0.369619505000211,-0.6202739535753915,-0.5202510164597774,-1.034878066551862,1.534715587994724,2.449504070900218,0.1030587896246459,0,2
-0.0666096875477641,0.6990208082046205,-1.899554983241196,0.2197913007418421,0.480618893617394,0.1456728632152246,-0.5583405667299007,1.3409478077914248,0,1
-0.6383569913560945,-1.1133622854863967,-0.3552515595792045,-0.4888812072527724,-0.5579938879657833,0.1500441739016246,-0.5705427762131873,0.9846773098800105,0,2
1.5442091786577214,0.3470886361079806,0.8383455381930963,-0.932336237406344,0.9850043683918724,-0.0735507178747721,-0.6437560331129061,0.6505479163585708,1,0
-1.0211821929103966,-1.1029980857959707,0.3202566476742339,-1.0825310814883682,-1.469047465951703,-1.3775643993026838,-0.5542731635688053,2.1541301872050487,0,2
-1.070636377869549,1.1676628811630134,-0.1719277983186843,0.7288377501464242,0.9838341004689616,-0.4911283967777591,-1.015923422353144,1.1738831110307053,0,1
-0.4901723292302889,1.259138208865469,0.4085974456729637,-1.0701732778613664,1.813554057812593,-0.7112450413413214,0.9425311997143369,-1.3280616850364595,1,1
-1.1825309186584223,-0.6149794655902592,-0.3506020438950609,0.1822425897213359,-1.6808659599985254,0.133875024696016,-0.6437560331129061,-0.186788395116844,0,2
0.0285629345858563,-0.3707448467984814,-0.1891974280026463,-0.0896290900727078,0.0400130206415447,-1.1374713349356804,-0.4729251003468954,0.7632662659802617,1,1
-0.5428285837191706,-1.6802389468149146,-1.103823584726329,-0.4831776055787714,-1.737623954259691,0.4910534107815403,-0.5583405667299007,-1.9117817098630712,0,2
-0.7893879375083261,-0.0463003347503628,2.091057906806652,-0.1751831151827217,-0.8610932799996345,0.3883041079807828,-0.8511935943287764,0.1372768600455166,1,2
0.1134177771236825,0.8296998477795567,1.784854088179478,0.882359695204949,0.7257900234671695,0.7266341544400018,-0.7373063058181025,0.7793688873547885,1,1
-0.7007973471858158,0.8540331861831659,-1.6411747545080713,0.7811207654914327,0.2652895958018395,-0.3120926719982141,-0.5258013414411368,1.0672032444244623,1,1
3.398385329122634,1.2167801753480758,-0.6275803353647601,1.1466265727669915,2.7099792867621297,1.2684886661907484,-0.7393400073986502,-1.213330507742953,1,0
-0.4846576539290884,-0.225646051132517,-0.1373885389507601,1.0886399557479822,-0.9166810063378892,0.3991618796857119,-0.82068807062056,0.038648304126537,0,2
0.3144365864900216,-1.513961134390254,-1.8384470628210223,1.5525328919000574,-0.3988374504499388,0.2217712718311561,0.6517118736960089,-1.3280616850364595,0,2
-1.234297709389046,1.346557980167323,1.748986395758941,-0.1827879174147229,0.1781046355449981,1.4794866626557988,-0.7535759184624845,-0.9013422186114882,0,1
-0.2667390331558449,0.8166319438220634,1.7443368800747978,-1.1015430870683711,0.0862386035965143,-1.1720657937011687,-0.056016276334607,-0.321647849128509,1,1
-0.8587661106524608,0.5949281939225155,-1.6358610222976215,-0.4000000811662581,-0.602464069036387,-0.5782255871207617,-0.999653809708762,-2.2459111033845103,1,1
0.6367782524827702,-1.0971400598839909,1.61348622439247,1.9612910118701232,0.518067467150534,-0.2320459827623083,0.5642627057324558,3.3316343752173507,0,2
-1.2675636539479005,0.0906873481143982,-0.2011533254761585,0.2896604212483533,-0.7177354594430834,0.5769285142659795,1.627888632358928,0.3788161806634246,0,2
-0.7112930195332617,-0.696090593602289,0.7699312359835542,1.2797106118270132,-1.1056792758879546,1.3551628264673254,-0.2695549422921205,0.6143170182658846,0,2
-0.5776955630428896,1.9882371262180465,1.5869175633402204,-0.2645395414087361,0.6169551066364816,-0.1604598948549188,-0.3976781418666287,-0.2069166718350026,1,1
-0.2144385641702665,0.201539223064172,-0.6010116743125103,0.1827178898608359,0.6105186330604732,-1.1398685053120934,-0.3468356023529351,-0.5833154464645762,1,1
-1.1978296953004626,-1.3670598692129114,1.8253712962841584,-0.425666288699262,-0.0676516282662325,-0.5232786818261206,0.8876212570395476,0.3647263869607132,0,2
2.462135777180118,-1.5085537258561188,-0.6488352642065596,-0.2075035246687268,0.2570977203414651,-0.1785561810298004,-0.7820477405901529,-0.1243907372905506,1,0
0.0835317948462092,-2.074979769806792,-0.0829227837936489,0.732640151262425,-1.078177979699555,-0.3755001786213714,1.2902941699880015,1.3912684995868223,0,2
0.9607209532403834,-0.9182449608796812,-1.785309740716524,0.8429097836264428,-0.502991295588984,0.5880213026744785,1.2536875415381423,0.5962015692195415,0,2
-0.396600741861533,-0.3459608910170277,0.9997501540855104,1.2640257072235108,-1.0454104778580575,1.7810600966766867,1.367574830048816,0.3808290083352401,0,2
-0.5357128736531056,1.314564146340356,-0.2901583400011934,0.7996574709319357,0.3788055843241699,-0.7560862283824572,-1.0199908255142394,0.9665618608336672,1,1
0.8374412763458059,0.3254590019714394,-0.5365826712608058,0.9298897091549568,1.465399350746683,-1.1283056834964549,-0.8511935943287764,0.0426739594701687,1,0
3.0413545765578167,-0.7681893740574265,-0.7790217033625808,0.2288220033923436,1.072774462610169,-0.3490843011401154,-1.1338781140249132,0.7672919213238933,1,0
0.1913348023470954,-1.88121429733361,-1.350247915985941,-0.832523208111328,-1.720655069377487,0.1576117117565753,2.2339317033621566,0.4693934258951399,0,2
-0.2973365864399249,1.35016291919008,0.6058697539859148,-0.4917330080897728,1.605246367534502,-0.9511500923454688,1.8292250888331547,-1.9117817098630712,1,1
-0.0313869227207419,-0.1738250526803871,1.6958490736544427,2.047320337119637,-0.3924009768739302,0.8659050529755207,0.0802417295620919,-0.8027136626925094,0,2
-0.7895658302599777,-1.4391586496680489,-0.8255168602040173,0.2644695138548494,-0.6908192972161391,-0.1088032234102561,-0.6803626615627656,1.616705198830204,0,2
0.0954506092068683,0.9013480108568496,-0.5292762894714373,1.7245915423990852,0.3425272787139406,-0.3988608389562189,-0.7129018868515294,-0.0237493536997555,1,1
-0.6435158811539916,1.3321382240762958,1.3438143147121395,0.4959406817913866,0.3981150050521951,1.1991587386376297,-0.3997118434471765,0.958510550146404,0,1
-0.8598334671623705,-0.1143435588048987,0.4863107792507921,0.0657940555438173,0.7468548460795607,-1.1666134061783473,0.1412527769785243,0.0124815443929305,0,1
1.317573813053548,-0.1314670191629939,0.8788627462977765,-0.8748249205268348,0.824677662953117,-0.9966493261566002,-0.6884974678849566,0.7008686081539682,1,0
-0.420438370582851,-0.2319546944223416,1.293333858712865,0.2611424128783487,0.1318790525900286,-0.9946281825058992,1.4224847727236054,0.9001385476637429,0,1
0.3727854090317554,0.4809219973278297,-0.2144376560022828,-2.506054999291098,0.7649939988846752,-0.0819643158625743,-0.5583405667299007,-1.0080220852177313,1,1
0.0328323606254955,1.3947740395966963,0.3195924311479283,-1.063043775768865,-0.1706352054823673,-0.1351720975507983,1.3004626778907402,-0.1888012227886595,0,1
0.2251344251609045,-0.8488498846916113,0.657678643037801,0.2844321197138525,-1.299943751091118,4.281120785912501,-1.111507396638888,-0.7544057985689281,0,2
0.1267597334975545,1.2969900686044165,-0.2164303055812016,-1.7165814675814706,1.5239127468922138,-0.8085889599599714,0.5032516583160233,-0.0539417687769945,1,1
1.778316039831263,1.7841074540544386,0.2950164196745973,0.2440316078563459,1.9896793802106416,0.0982934957755341,0.0904102374648306,0.5438680497523285,1,0
1.6754940293766225,-0.1062324460036957,-1.1742305365147896,-1.4081116770459208,0.9797381627387746,-0.6147001795148092,-1.0769344697695764,-0.5189049609664674,1,0
-0.3416318816011801,-1.5396463249273968,0.4212175596727819,-0.1761337154617218,-2.168867683852256,2.3595772141843363,0.8062731938176376,-0.4746227521865178,0,2
0.4980219061945009,1.0523048324347934,-1.0413872312535428,-1.884837716964498,0.879095121368461,0.8104411109330257,2.494245505672268,0.0305969934392736,0,1
-0.6052689395488918,-0.9164424913683026,-0.3519304769476731,0.0225417428493103,-0.3198443656534717,-0.5596592675387401,1.200811300443901,-0.7081107621171623,0,2
0.2802811781729091,0.5557244820500346,-1.334306719354592,0.8010833713504358,-0.2888322656963402,0.0172597363846347,-1.0281256318364305,-0.0438776304179148,1,1
0.1239134494711285,1.138372751603114,-1.0878823880949795,0.8067869730244367,0.8357952082207679,1.0613449436642444,-0.458689189283061,1.920642177274405,1,1
1.295693004600398,0.563384977473393,-0.1134767440037357,-2.522690504173601,0.1020372205558077,-0.2171929270966911,0.4239372966746613,-0.05595459644881,1,0
-1.1930265910058686,-1.4526771710033872,-1.7022826749282447,-1.2436578287788944,-1.5287311300201447,-0.3323041085052249,-0.9040698354230178,1.0007799312545378,0,2
0.4137007419116296,1.5497864175752418,0.5700020615653778,1.1404476709534908,1.117829777642228,0.6251539418385216,0.3141174113250828,0.8015099917447633,0,1
0.2913105287753099,-1.304424053692511,0.9193799544024566,-0.6571374566357996,0.1939032525042915,-1.0645221501475854,-0.7291714994959115,2.274899847514003,1,2
-0.8614345019272353,-0.2324053118001864,0.6995242841950934,0.3433693370118622,-0.4175617372165086,-0.6195885269490629,-0.039746663690225,1.3691273951968477,0,2
-0.7829837984488676,1.5989037117603044,-0.4362859757885649,-0.3904940783762565,-0.3537821354178797,0.2750260568600942,-0.4139477545110107,0.5660091541423032,0,1
-0.4698925555420034,0.3268108541049733,-0.490751730945676,-1.377692468117916,0.4542878653519051,-0.2992137566425839,-0.6539245410156449,0.970587516177299,1,1
-0.4024712026660366,-0.5843374838968257,0.6975316346161746,0.2102852979518405,-0.1255798904503083,-0.8471787026861478,0.7350936384984665,-0.4464431647810951,1,1
0.482189451297506,0.3844898784690833,0.9751741426121804,2.1347755627876515,-0.2531390940475662,-1.0629240365633104,-0.0438140668513206,-1.0744453983876563,1,1
-0.441429715277743,-1.374269747258425,-0.0277928121102317,-0.6723470610998019,-0.7165651915201727,0.3782923964087054,-0.3936107387055332,1.2282294581697353,0,2
0.9290560434463938,1.5177925837482744,-0.2948078556853371,0.0168381411753092,0.3969447371292845,0.4256247605076819,-0.0824543968817277,0.918253996710086,0,1
3.661844494318694,-0.0985719505803373,-2.206423018394675,0.1252065729813266,1.8457364256926352,-0.8289414064891241,0.3649599508387765,-0.6618157256653965,1,0
-0.5243277375474014,-0.6658992292867001,-1.1961496818828952,0.2582906120413483,-1.969337002995994,1.1967145649205029,0.1941290180727657,-2.0788464066237906,0,2
2.162208597895475,-0.2526830938031936,0.7440267914576111,0.0795777595893193,0.6251469820968559,-0.8377310312026381,-0.1678698632647331,0.9021513753355584,1,0
-1.1033686441734485,-0.4509547400548215,0.2810678726221668,-1.1196044923693742,-1.3449990661231772,-0.1769110641048113,3.214175865186171,-0.114326598931471,0,2
-0.9840026078152064,1.7633790546735864,1.5490572213407647,-1.5530782195934445,0.3033233032964347,0.4823577927494542,0.0192306821456595,0.1896103795127296,0,1
-1.363803632591431,-0.7735967825915616,0.4836539131455677,1.2711552093160117,-0.7440664877085724,-0.3335731987045023,-0.0844880984622756,-0.5249434439819153,0,2
-0.6097162583401825,1.3695394664373983,-1.1835295678830768,1.0135425337069706,0.6011564896771882,0.0875297307520329,-0.1678698632647331,-1.5534983842798404,1,1
-1.29922856374189,2.1955211200265663,0.9811520913489358,1.363363436379027,1.8217459332729675,-0.2090613491531726,2.38442562032269,0.3949188020379514,1,1
-1.1259610236332052,0.6571133920650716,0.0107317464155296,0.7554545579584288,0.3799758522470805,-1.214039776958752,-0.6986659757876953,-0.8892652525805931,1,1
0.0890464701474097,-1.246745029328401,-0.0032168006369008,0.1632305841413328,-0.2572350317777533,-1.178270234675414,0.5378245851853349,0.4311497001306376,1,2
-0.5438959402290805,0.5967306634338941,-0.9078797094659904,-1.315903449982906,-0.2841511940046977,0.5146490878199576,1.4916306264622288,-1.066394087700392,0,1
-0.8194518125374511,0.9040517151239176,-0.7252201647317762,0.6185681177824064,0.3881677277074548,-0.3044781308025495,-0.2471842249060954,-0.0438776304179148,1,1
1.4305357103523315,-0.8447943282910098,1.0748066215581151,-0.7645552881628169,0.6075929632531966,-1.2709608225633802,2.4108637408698104,-0.2471732252713205,1,0
-1.2469280947563115,-1.4797142136740635,-0.319383867158668,-0.4289933896757628,-1.5732013110907483,0.489596307219407,0.1229494627535946,0.576073292501383,0,2
2.207927035069943,0.3542985141534944,0.8190832589302152,-0.0934314911887085,0.963939545779481,0.6393019473934294,0.5418919883464307,0.6183426736095163,1,0
-0.4862586886939531,0.2407429349366528,-0.1035134961091423,-0.3928705790737569,0.4724270181570197,-0.743160309686113,4.798429396432867,-1.1911894033529782,1,1
-1.3232440852148597,0.9504653050419122,0.3534674739895455,-0.0958079918862089,0.6994589952016805,-0.6459103977488909,-0.4200488592526539,0.9162411690382696,1,1
0.6269941511419307,-0.82722025055507,0.8642499827190394,1.2288534969005054,0.3161962504484516,0.5718521534688698,2.069201875337789,-0.4202764050474885,0,2
0.0251829723044754,-1.5666833675980734,-1.0068479718856187,-0.9965017562388544,-1.8265643164008984,-0.1836795451676242,-0.7312052010764593,0.4915345302851147,0,2
-0.8959456957476509,-1.238633916527198,0.3846856507259393,-0.4137837852117604,-0.2203715922060687,-0.7352637484461646,-0.3753074244806035,0.0668278915319598,0,2
-0.0006114766850105,1.558348147754289,-0.6574700790485403,0.95032761515346,1.0663379890341604,0.8084199672823247,0.9547334091976232,1.2805629776369485,0,1
-1.079708908203782,0.4223417382080303,-0.0962071143197738,-0.2246143296907298,-0.5094277691649925,1.952575286941995,0.6110378420850541,0.5358167390650643,0,2
-0.3259773194558369,-1.652300669388549,1.765591808916597,0.6931902396839187,-1.160681868264754,0.0144865392825101,-0.9284742543895907,0.6062657075786212,0,2
-1.014778053850938,-1.0408128876534146,-1.2054487132511824,-0.2008493227157259,-1.9810396822251,-0.0988855185196065,-1.103372590316697,-1.0744453983876563,0,2
0.6296625424167053,0.9797554346018114,-1.0739338410425483,-0.4727210025097698,0.965694947663847,-0.7114330547041774,-0.2817571517754071,-0.764469936928007,1,1
0.3078545546789113,-0.4180596714721651,-1.1888433000935266,-0.5530467260852828,0.0464494942175531,-0.6186484601347834,0.1534549864618109,-1.1066506411367107,1,1
0.3477025310488758,-0.8497511194473004,-1.882285353557234,-0.1804114167172225,-0.6252842935331441,0.5972809607951324,-0.072285888978989,-0.6537644149781331,1,2
-1.193738162012475,-0.1265102280067032,0.736056193141936,-1.229874124733392,0.2547571844956439,-0.042528513003546,-0.0946566063650143,0.0265713380956419,0,1
1.9622571450390456,-0.3946275678242454,0.9552476468229928,-0.1262272008142136,-0.0249368490799948,0.080714246348506,-0.8837328196175404,-0.5209177886382836,1,0
1.0324117321559894,1.605212355050129,-0.2350283683177762,0.8238977780464396,-0.4485738371736401,3.266741689964126,3.993083570535958,-1.6943963213069535,0,1
-0.4311119356819486,1.057261623591084,-0.0643247210570743,0.8286507794414404,-0.715394923597262,1.4652916537601772,-0.8918676259397313,0.8981257199919267,0,2
-0.3037407254993835,-0.638411569238179,0.1183348236771396,-0.0805983874222063,-0.6410829104924376,-0.0733157011712021,-0.8979687306813746,-1.2052791970556895,1,2
1.0302770191361703,-1.0290968358294548,1.8466262251259573,-1.4589687919724292,-0.5100129031264479,0.2978226771063738,-0.9406764638728772,0.8317024068220022,0,2
1.1578261220703867,1.4970641843674226,0.0499205214675976,-0.0401978755647,2.2863422986684845,-1.1244044062171945,-0.8918676259397313,1.047074967706303,1,0
-0.8603671454173255,1.7408481857813558,0.7971641135621096,1.112880262862486,0.8340398063364021,-0.5272269624460947,-0.3468356023529351,-0.846995871472459,1,1
-0.9245864287635628,-0.6785165158663492,0.8044704953514781,-0.8130359023918248,-1.49186769044846,-0.8059567728799886,2.9457272565538686,0.1332512047018841,0,2
-0.9916519961362265,1.346557980167323,0.4657200669352997,0.5624827013213972,-1.758103642910627,3.70518885214412,0.8245765080425673,0.3083672121498677,0,2
-0.4181257648113799,-1.447269762469252,-1.3157086566180172,-0.7769130917898189,-1.2203655323331957,-1.079093185768919,0.2083649291366,-0.7060979344453461,0,2
-0.5527905778116619,-1.0529795568552192,-0.2297146361073264,-0.821116004763326,-0.7007665745608792,-0.3591900193936207,1.884135031507944,-1.0241247065922587,0,2
-0.8440010122653757,0.7328171115429662,0.9114093560867816,-1.9779965443065128,-0.1466447130626995,-0.579635687342181,-0.7556096200430322,2.182309774610472,0,1
-0.1237132608279367,-0.2770164322068025,0.5122152237767352,0.5135267869528894,-1.3625530849668366,0.6024513282736699,0.3629262492582288,1.7455261698264204,1,2
-1.0012582047254144,-0.7384486271196821,0.4052763630414318,-0.7655058884418171,-0.8107717593144778,-0.6856282206522031,-1.0199908255142394,-1.6923834936351378,0,2
0.2473710191173579,-0.361732499241589,-0.4349575427359521,-0.517399215622777,-0.1583473922918058,-0.3320220884609411,-0.5929134935992124,-0.5189049609664674,1,2
2.5736745324656893,0.9883171647808588,1.819393347547402,-1.2883360418919014,1.680143514600782,1.068959484859909,1.4123162648208665,0.1392896877173321,1,0
-1.1949834112740363,0.1961318145300368,-1.2911326451446865,-1.117227991671874,-0.1372825696794145,0.0283055214524198,-0.3081952723225278,1.5643716793629896,0,1
-0.0107513635291531,0.447125693989484,0.0213592108364291,-1.09346298469687,-0.4081995938332237,0.266142425465152,-0.8084858611372737,-0.5913667571518397,0,1
0.1532657534936472,-0.7821585127706091,-2.176533274710895,-0.2707184432222372,-0.4327752202143468,-0.7849462795808401,-0.4139477545110107,-0.369955713252091,1,2
0.8913427800962492,1.1694653506743922,-0.0238075129523942,1.109553161885986,2.1792627837221623,-1.274251056413359,-0.3407344976112918,1.137652212938019,1,0
0.9297676144530008,-0.4189609062278545,0.3368620608318897,0.6770300349409157,0.2635341939174735,0.969077385842704,-0.814586965878917,-0.2069166718350026,1,0
-0.2379204073882815,0.5201257092003105,-0.8182104784146488,0.6889125384284179,0.3325800013692003,0.2785043040729284,1.9024383457328733,-1.6762808722606104,0,1
0.7150510632094863,0.2141565096438211,1.75097904533786,-0.0140563678921957,0.3793907182856251,0.80104044279023,-0.5176665351189458,-0.3941096453138813,1,1
-0.1777926573300312,0.813027004799306,-2.023099257134155,-1.831604101340489,0.3957744692063739,0.2876699555121545,0.72289142901518,0.2419438989799433,1,1
-0.7392221815425672,1.880990190291029,-0.6010116743125103,1.469355367487544,1.3243820660359529,-0.4628793890086578,-0.9630471812589024,1.0833058657989891,0,1
-0.7909889722731909,-1.3413746786757688,0.1880775589392939,0.874279592833448,0.0651737809841231,-0.5985780336499144,-0.1577013553619944,-1.3944849982063845,1,2
-0.6545452317563927,0.8594405947173007,1.1538483881885568,1.0273262377524728,1.066923122995616,-0.9578245667268538,-0.3468356023529351,1.0833058657989891,1,1
-0.51543309996482,-0.8691276666946187,-2.154614129342789,1.4356090575830387,-0.7370448801711085,0.3534276291710108,-0.9000024322619223,0.9967542759109062,0,2
-0.0228480706414639,-0.3432571867499602,0.6125119192489767,-1.265996935335398,-0.6492747859528119,-0.2626921609078225,-0.3793748276416989,1.2986784266832907,0,2
1.1402147396568756,2.1509099996199503,-0.0503761740046438,-0.975113249961351,0.8036128403407258,0.3002668508235008,0.0212643837262072,0.1956488625281775,1,1
-0.8317264124014134,-1.0930845034833894,-0.0390844930574378,-0.807807600857324,-0.7663015782438741,-0.0159716255001481,-0.3814085292222468,2.0434246652551744,0,2
0.5595727982659641,0.9261319666383032,0.0758249659935407,1.784479359976095,0.4338081767009691,-0.0839384561725613,0.0456688026927802,-1.646088457183372,1,1
-1.1355672322223929,1.679564222394489,-1.0686201088320988,0.5434706957413946,0.4472662578144413,0.9556814337392202,0.265308573391937,0.5881502585322781,0,1
-0.9471788082233196,-0.4631214092566261,-0.6023401073651231,0.7763677640964319,0.0183630640676982,-0.2215172344423772,-1.1216759045416267,0.3768033529916083,0,2
0.5953292413479411,-0.3063065617667023,0.5866074747230337,-1.2398554276628937,1.1804391115179462,-0.9207389309035248,-1.0220245270947872,0.097020306609198,0,0
0.4110323506368551,-2.024510623488196,0.3076365336744156,1.986957219403128,-0.9348201591430036,-0.9083770522957484,-0.4444532782192268,-0.1062752882442075,0,2
0.4318458025800956,1.6133234678513315,-1.1031593682000225,0.6047844137369041,0.8615411025248016,1.5704851302780616,0.5683301088935513,-0.297493917066718,0,1
-1.2398123846902465,0.7783294667052713,-0.3153985680008304,-1.644811146516959,-1.3362220567013474,1.0835775238219558,-0.9528786733561636,0.6022400522349894,1,2
0.8228540707103725,1.869724755844914,-0.0038810171632074,-0.5050414119957751,1.028304281539565,0.9154465740880544,-1.0342267365780735,-0.87114980353425,1,1
-0.5794744905594059,2.0067124387096755,-0.3838128702103725,-0.8966887269438383,-0.1554217224845292,0.9856225617740246,0.3080163065834397,-0.6839568300553713,0,1
-0.333093029521902,0.1736009456378064,0.3707371036735079,0.158477582746332,-0.2894173996577955,0.0707025347764286,1.3452041126627907,0.1191614109991728,1,1
0.9290560434463938,0.6900084606477283,0.0678543676778656,-0.1333567029067148,0.6040821594844648,1.953562357096988,-0.6945985726265999,0.7189840572003113,0,0
0.2939789200500843,-0.2355596334450987,-1.700290025349326,0.9484264145954596,0.6690320292060042,0.6547660464883281,1.2740245573436195,-0.9516629104068858,0,2
-0.6066920815621047,-0.1287633148959262,1.6486897002866996,1.0182955351019711,0.3542299579430468,-0.7864503864836874,-0.2695549422921205,-0.3679428855802748,1,1
4.550774574321875,0.6066442457464755,0.4085974456729637,-0.3890681779577562,3.4320345951979845,-0.8519730434389738,-0.3570041102556738,0.7793688873547885,1,0
0.2632034740143528,1.098267804974944,0.0911019460985843,-0.0677652836557043,1.334329343380693,0.2161778742861927,-1.0098223176115009,0.2842132800880767,0,1
-1.11119592524612,1.3803542835056688,-0.3884623858945161,-1.2389048273838936,-0.2390958789726387,2.738894173746145,0.8083068953981853,0.4472523215051652,0,1
-0.1920240774621614,0.6940640170483299,0.7260929452473431,-0.3538959676347507,0.0710251205986761,0.2037219889969884,-0.0214433494652954,-0.977829670140493,1,1
-0.2621138216129028,0.7476874850118382,-0.3592368587370416,-0.8962134268043382,-0.5427804049679452,1.0011336642096371,-0.8674632069731584,0.0728663745474077,0,1
-0.3386077048231025,1.1838851067654192,0.6922179024057249,0.2212172011603424,1.4045454187553306,-0.7132661849920225,0.836778717525854,0.1272127216864369,1,1
-0.7792480506641833,-0.0472015695060522,-0.7126000507319575,-0.0335436736116988,-0.6914044311775943,-0.5098827297226365,-0.845092489587133,2.125950599799625,1,2
-0.8093119256933083,0.3164466544145471,0.2405506645174867,-0.1114928964897113,-0.1975513677093116,-0.4308231106417243,-0.3407344976112918,-0.4605329584838064,1,1
0.8918764583512041,0.3002244288121413,0.4059405795677384,1.1452006723484915,0.5958902840240904,-1.1770011444761366,-0.7820477405901529,-0.7081107621171623,1,0
-0.2368530508783717,0.3583540705540958,0.8031420622988659,1.3272406257770208,0.209701869463585,0.3079283953598793,1.973617901052045,1.3228323587450823,0,1
-0.326866783214095,0.9099097410358972,-0.1128125274774296,-1.3729394667229151,0.8820207911757376,-1.0465668739948455,-0.6559582425961926,0.0648150638601435,1,1
0.3494814585653922,-0.0233188484802878,-0.0822585672673423,-1.7546054787414769,-0.3128227581160079,-0.0267823938643633,-1.0891366792528627,-1.2857923039283254,1,1
0.1486405419507048,-0.3536213864403861,-0.0995281969513047,-1.1866218120388852,-1.6100647506624328,-1.0662612737540027,-0.2837908533559548,-1.3703310661445935,1,2
-0.1153523015003102,-0.4383374534751727,1.6234494722870632,2.4175791457901976,0.4847148313475812,-0.6296472418618544,0.8469472254285928,-0.8671241481906183,1,1
-0.3770325391798539,1.172619672319304,0.1807711771499254,-0.4142590853512604,-1.2572289719048804,1.6249149988248492,0.377162160322063,0.6646377100612821,0,2
-0.1208669768015104,-0.1206522020947232,-0.3074279696851558,0.3172278293393579,-0.2408512808570047,-0.9314556925863116,1.577046092845234,-0.7161620728044258,0,1
-0.7219665846323594,0.7724714407932916,-0.0663173706359931,0.0634175548463169,0.2904503561444179,-0.1782271576448026,1.432653280626344,-0.1807499121013961,0,1
0.2770791086431797,0.1055577215832702,-0.6687617599957464,0.9964317286849677,-0.2443620846257365,0.3341562594782794,1.076755504030488,0.310380039821684,1,2
-0.9245864287635628,-0.1373250450749739,0.6736198396691503,-0.9366139386618448,0.3916785314761867,-0.4236315995124856,-0.2817571517754071,0.0285841657674574,1,1
-1.2604479438818352,-0.7343930707190808,0.4152396109360257,0.2264455026948432,-0.5462912087366772,-0.858177484413219,-0.9203394480673998,0.3486237655861856,1,2
1.2629607382964985,1.551138269708776,-0.8819752649400472,0.8628723894854459,1.236026837856201,-0.731926511255472,1.8332924919942504,0.4613421152078765,1,0
1.1281180325445652,-1.888424175379124,1.1445493568202696,0.5691369032743986,-0.9213620780295316,0.1343450581031559,-0.3224311833863621,-0.6779183470399234,0,2
0.2790359289113476,1.3357431630990526,-1.1011667186211038,0.8738042926939475,1.1927269247085075,-0.0649021031833998,0.2592074686502937,-3.254337766964277,1,1
-0.999479277208898,-0.5248559900213374,-1.7740180597693178,-1.3025950460769038,-2.2379134913039818,0.9104172166316586,0.2673422749724847,-0.7201877281480574,0,2
-1.102657073166842,-1.950158756143836,0.3468253087264836,-0.1195729988612128,-1.862257488049672,1.0971144859475823,-0.9406764638728772,-0.7141492451326096,0,2
-0.4054953794441143,0.3479898708636699,0.5587103806181717,-0.4109319843747597,0.1002818186714417,-0.2449248981179385,-1.0098223176115009,-0.2612630189740318,1,1
1.0083962106830198,-0.1427324536091092,0.0406214900993103,-0.7493456836988145,1.487049307320529,-1.1580117948276891,0.9425311997143369,-0.5088408226073877,1,0
0.9594757039788222,-1.848319228750954,-1.5993291133507783,-0.1433380058362166,0.9218099005546986,-0.3429268635065842,0.755430654303944,0.2822004524162612,1,0
0.1183987741699281,-1.7672081007389242,-0.7577667745207813,-0.9965017562388544,-1.3643084868512023,-0.0532922780270472,-0.9488112701950684,1.9629115583825387,0,2
-0.5536800415699199,-1.879411827822232,0.3594454227263018,-0.5943978382217895,-0.746992157515849,-0.6506577351610029,-0.605115703082499,-0.1203650819469189,0,2
-0.5447854039873385,0.8657492380071253,-2.7929262111230786,-0.2545582384792345,-1.302284286936939,0.6742254295439156,-0.9569460765172592,0.227854105277232,1,2
-0.313524826840223,2.0679964020965422,0.3561243400947709,0.1123734692148247,2.03356442731979,0.0309847118731166,1.721438905064124,-0.1646472907268685,1,1
4.381064889246224,0.5796072030757989,0.4457935711461119,0.6057350140159047,2.866795188432153,-1.0329829085285058,2.949794659714964,1.2845886329805791,1,0
1.8653055953889088,-0.6546337948405848,-0.1148051770563479,0.6052597138764041,0.390508263553276,0.1373062685681365,0.200230122814409,-0.4182635773756723,0,0
0.5768283951761719,-0.2265472858882064,-1.7926161225058923,-3.0017930447896783,0.4361487125467904,-0.5990950703977682,-0.2024427901340448,-1.1026249857930783,1,1
-0.3967786346131846,1.0446443370114349,-0.6979872871532204,-0.4351722914892636,0.8545194949873379,-0.4096716073204339,-0.9061035370035656,1.04908779537812,0,1
0.0534679198170842,-0.4622201745009367,-0.1334032397929225,0.9460499138979596,0.3284840636390131,-0.4257467498446147,-0.918305746486852,1.2745244946215002,1,2
0.8315708155413022,0.1970330492857258,0.5846148251441149,0.1047686669828235,1.2693794736591535,-0.058086618779873,0.2612411702308414,-0.1445190140087099,0,0
-0.3834366782393125,-0.1364238103192846,0.2843889552536979,-0.0782218867247059,-0.5205453144326434,-0.7779427818144572,-0.4566554877025133,1.355037601494136,0,1
-0.3850377130041772,-0.0372879871934705,0.7918503813516597,-0.5506702253877824,-0.78678126689481,-0.7694821804859411,1.1174295356414432,0.4915345302851147,1,1
-0.3156595398600424,-0.2693559367834444,-0.5830778281022424,-1.508400006480437,-0.0869610489942578,-0.3507294180651046,1.3289345000184087,0.4009572850533993,0,1
-1.249596486031086,-0.1923003651720162,-0.2330357187388574,-0.9641813467528492,-1.8991209276213563,1.7728345120517404,-0.7393400073986502,1.5180766429112245,0,2
1.5728499116736336,1.5664592605554926,0.6795977884059066,0.963160718919962,1.5824261430377449,-1.1656733393640677,-0.3915770371249855,-0.8168034563952208,1,0
-1.2097485096611216,0.3624096269546974,-0.0072020997947383,-0.1095916959317112,0.3653475032106977,-1.2010668549216936,-0.7840814421707006,-1.0804838814031037,1,1
2.295628161634196,1.1694653506743922,-0.9264777722025648,-0.6267182477077946,1.9522308066775016,0.3227344476847825,-0.3875096339638899,-0.3961224729856975,1,0
-0.230982590073868,-0.3008991532325668,0.7347277600893238,-1.314952849703906,-1.1179670890785165,1.5464664231732186,-1.015923422353144,-1.0281503619358905,0,2
-0.6547231245080443,-0.0107015619006387,-0.5930410759968358,0.3913746511013699,0.0593224413695699,-1.110209397321573,-0.798317353234535,0.2037001732154409,0,1
-0.3364729918032829,-0.8718313709616864,-0.2529622145280447,0.1679835855363336,-0.3327173128054885,-1.273781023006219,0.1554886880423586,-0.3236606768003252,1,2
-0.2300931263156097,0.2916626986330938,0.7646175037731044,-0.2507558373632338,-0.8511460026548943,0.2163658876490487,-1.1948891614413455,-0.9717911871250452,0,2
-1.0355915057941782,-0.7199733146280533,0.670962973563925,-0.6395513514742968,-4.11502323965262,3.2287159873265177,-0.0865218000428233,-0.6718798640244762,0,2
1.074216528794122,1.173971524452838,-0.6415288824171905,-1.2897619423104016,1.0903284814538283,0.0613488699743467,1.0706543992888449,1.6589745799383366,0,0
0.3736748727900135,-1.99161555490554,-0.1606361173714783,0.4436576664463781,-0.3836239674521006,-0.0297906076700578,0.1026124469481172,0.1916232071845458,1,2
-0.3654695103224982,0.739576372210635,0.6656492413534751,-0.3676796716802527,-0.0676516282662325,0.0314547452802565,-0.4098803513499152,-0.428327715734752,1,1
-0.7285486164434696,1.7277802818238626,-0.7504603927314127,-1.1333881964148766,-1.489527154602639,2.2869570527812395,-1.0179571239336918,-0.1565959800396051,0,2
0.8358402415809414,-1.089930181838477,-0.3831486536840664,0.9379698115264582,-0.7856109989718996,1.0646821808549365,-0.7474748137208412,0.7048942634976,1,2
0.3119460879668988,-0.3486645952840954,0.2571560776751425,-0.8676954184343336,0.4478513917758966,-0.8626428017810469,-0.0092411399820089,-0.7845982136461663,1,1
-0.6879890690668985,0.6106998021470769,0.2060114051495619,-0.8534364142493313,0.1096439620547267,1.4381707261682115,-0.0682184858178936,-0.9677655317814132,0,1
-0.699196312420951,0.4705577976374035,-0.1772415305291341,1.8301081733681024,0.4174244257802204,-0.6801288297886675,-0.580711284115926,1.7998725169654504,0,1
0.3496593513170437,0.5187738570667767,0.049256304941291,-2.554535613520106,0.3606664315190552,0.6488436255583669,0.4442743124801387,-0.4585201308119902,1,1
0.3350721456816103,1.1036752135090788,-0.1420380546349037,-0.7488703835593145,1.775520350317998,-0.3063112610903946,-0.7942499500734395,0.7451508169339186,1,1
-0.1048566291528641,0.6057430109907862,0.7466836575628355,-0.4365981919077639,0.8913829345590225,-0.9737116958881786,-0.3692063197389602,1.1457035236252826,0,1
1.3003182161433402,0.9729961739341426,-2.7563943021762363,-1.1281598948803755,2.364750249503496,-0.6440772674610459,0.2307356465226253,0.5519193604395919,1,0
0.4163691331864039,-0.2076213560187327,0.4670484999879119,-1.46562299392543,-0.6030492029978423,0.5440731791069082,-0.90203613384247,-0.7222005558198736,0,2
0.2041430804660126,-1.6622142517011302,-0.0424055756889688,0.1926991927903378,0.7515359177712031,-0.595052783096366,-0.6600256457572881,0.75924061063663,0,2
-0.5006680015777351,-0.3581275602188323,-1.292461078197299,1.5587117937135582,-0.8798175667662046,1.530438283989752,-0.0031400352403657,-0.3256735044721407,0,2
-1.0316778652578424,0.6408911664626658,1.2687578472395344,-1.1818688106438844,-1.5164433168295832,0.951216116371392,-0.5868123888575693,-0.0660187348078896,0,2
0.4106765651335519,-0.5068312949075531,1.0249903820851478,0.1489715799563305,0.4817891615403046,-1.2275767390843777,-0.836957683264942,-1.4085747919090958,1,1
-0.9466451299683646,0.3011256635678306,-0.3439598786319984,0.0914602630768212,-0.224467529936256,0.44320400993471,-0.6600256457572881,0.8115741301038429,0,1
-0.588902806396942,1.342051806388877,-0.8421222733616731,-1.686162258653466,0.3618366994419659,0.2700437027444125,-1.10947369505834,0.5136756346750896,0,1
-0.3380740265681476,0.6724343829117885,1.1312650262941448,-0.4846035059972717,-0.2367553431268174,0.3595850668045417,-0.6925648710460521,0.5539321881114074,0,1
0.1187545596732315,-0.5703683451836431,-0.2981289383168685,-1.5359674145714417,-0.3280362411138461,-0.5965098866584994,-0.5156328335383981,-0.2632758466458481,1,2
-0.5728924587482956,1.1050270656426129,-1.1005025020947976,-1.1381411978098772,3.099678505091367,0.3122056993648512,0.3832632650637064,1.1638189726716264,0,1
-0.5077837116438001,1.96705810945935,1.208978359871974,2.0810666470241426,1.0809663380705432,-0.2084973090646049,-0.0519488731735116,-0.3115837107694293,1,1
0.039770177939909,0.6467491923746458,1.2574661662923294,1.7982630640215969,1.0757001324174456,-0.4500474769937416,0.2673422749724847,-0.7282390388353209,1,1
3.581081185068854,-1.8861710884899008,0.453764169461787,-1.494141002295435,-0.425753612676883,-0.8517380267354039,0.281578186036319,-0.5309819269973626,1,0
-1.0019697757320207,2.016175403644412,0.0074106637839986,-0.2094047252267272,0.6479672065936131,0.9785250573262136,-0.5115654303773025,0.1332512047018841,0,1
-0.8644586787053129,-0.7866646865490552,-0.2456558327386762,0.5201809889058908,-1.0138132439394707,0.4391147192925938,-1.0443952444808124,-0.1706857737423164,1,2
-0.2119480656471437,-0.2837756928744718,-1.3336425028282852,-0.4598878987432678,0.4390743823540669,-0.4444070761080643,-0.6925648710460521,-0.8932909079242248,1,1
-1.00623920177166,-1.3517388783661948,-0.1845479123185026,-0.0991350928627093,-1.1015833381577675,-1.280314487365462,-0.1109262190093963,-0.5631871697464169,0,2
0.3711843742668907,-1.811368603767696,0.3036512345165781,0.7350166519599256,-1.3578720132751938,2.031258879297195,1.4367206837874391,-0.7966751796770615,0,2
1.4091885801541362,0.3479898708636699,-0.140709621582291,0.2568647116228479,1.752700125821241,-1.1240753828321963,-0.0234770510458431,-0.5410460653564422,1,0
-1.199074944562024,-1.5684858371094517,-0.4728178847354075,0.1432679782823297,-1.6165012242384416,0.5836499919880784,-0.3570041102556738,0.7672919213238933,0,2
0.3375626442047331,-1.8091155168784727,-0.9729729290440008,0.5938525105284025,0.2225748166156018,0.3451080378646364,2.3742571124199507,-0.3780070239393545,0,2
0.9488021388797246,-2.0366772926900003,-1.2320173743034315,0.9232355072019558,-0.1917000280947585,-0.9702804520160582,-0.1760046695869241,-0.114326598931471,1,2
-0.5922827686783231,1.4668728200518335,0.0764891825198472,1.2193474941105038,-0.1021745319920959,0.0096451951889701,0.4158024903524702,0.6062657075786212,1,1
-0.8198075980407544,-0.2522324764253491,-0.690680905363852,-1.208960918595389,-0.5860803181156382,-1.0456738105212802,1.6787311718726217,1.5643716793629896,1,1
-0.1930914339720712,1.2339036357061708,0.6198183010383452,-0.0924808909097082,-0.4883629465526012,1.6985222303829397,4.544216698864398,-1.855422535052225,0,1
-0.2980481574465314,0.7913973706627653,-0.8859605640978847,0.8219965774884396,0.4109879522042119,0.7542251154391073,0.956767110778171,-0.712136417460794,0,1
-1.357577386283624,0.7679652670148451,0.1189990402034462,1.1404476709534908,-0.2560647638548427,-0.3943485182476769,0.305982605002892,0.942407928771877,0,1
-0.202341857057956,2.0806136886761912,1.8858150001780247,1.1770457816949969,0.093260211133978,-0.6123970158198241,-0.7047670805293386,-1.4287030686272544,0,1
3.944871862196433,0.3547491315313389,-0.4728178847354075,-1.5968058324274512,3.080954218324797,0.0318777753466822,-1.0179571239336918,0.6203555012813325,1,0
-0.2114143873921888,0.2001873709306381,1.1066890148208135,1.3229629245215202,-0.1162177470670234,0.74350835375632,0.0375339963705892,0.0406611317983532,0,2
0.081752867329693,0.0555391926425186,-0.9025659772555406,0.1118981690753246,0.5988159538313669,-0.1181568882123379,-0.153633952200899,-0.1223779096187351,1,1
0.4958871931746813,0.3416812275738454,1.99076121133441,0.4122878572393731,0.3284840636390131,-0.3945365316105327,0.5703638104740989,-0.913419184642384,1,1
-0.9630112631203144,-0.9110350828341672,0.9698604104017295,0.0743494580548185,-0.8956161837254979,0.7213697802800361,-1.095237783994506,0.4009572850533993,0,2
2.957744983281552,0.8058171267537924,-0.1247684249509418,-0.4727210025097698,1.5291789525453117,-0.5998941271899059,-0.2166787011978791,0.7793688873547885,1,0
-0.7824501201939127,0.4327059378984565,-0.4568766881040582,-0.2835515469887392,-0.2648417732766724,0.8529791342791766,-0.7698455311068665,2.067578597316965,0,1
-1.3433459661514937,0.3714219745115897,0.3654233714630582,-0.0786971868642062,-1.0992428023119465,1.5341045445654422,-0.2756560470337638,1.3107553927141864,0,2
-0.95269348352452,0.9040517151239176,-1.432610765247914,0.583395907459401,0.0166076621833322,0.3646144242609377,1.217080913088283,0.4412138384897172,0,1
-0.3715178638786535,-1.5337882990154168,0.7792302673518415,-0.1642512119742198,-0.8517311366163496,-0.6718562418230073,-0.7596770232041277,0.8800102709455836,0,2
-0.4974659320480057,1.629095076075893,1.3385005825016898,-0.7783389922083191,-0.0173301075810758,2.1482971976750025,-0.5420709540855188,-0.0539417687769945,0,1
-1.175593101344009,-0.0936151594240466,-0.0962071143197738,1.3500550324730247,-0.9043931931473276,0.6697131088353735,0.3161511129056307,-1.1066506411367107,0,2
0.2205092136179623,-1.2025845262996293,-0.0603394218992368,-0.2298426312252306,0.0768764602132293,0.0338989189973833,-0.5502057604077097,-0.9858809808277564,0,2
-0.8914983769563603,1.3533172408349925,0.7201149965105867,1.26069860624701,-0.1694649375594567,0.0127944190168068,1.5587427786203043,0.0929946512655663,0,1
-0.2448582247026947,-0.3572263254631429,-1.4598436428264694,-0.8434551113198298,-0.0512678773454838,0.1295507173503298,-0.3570041102556738,-0.5853282741363924,1,2
1.3828604529096955,1.6692000227040629,-0.1008566300039174,0.602883213178904,0.9896854400835148,0.7821921031639246,-0.4241162624137494,-1.927884331237598,1,0
0.2781464651530895,1.0500517455455705,0.8821838289293075,-1.6590701507019614,0.5566863086065845,2.1948305049818413,-0.3346333928696485,1.5764486453938855,0,1
-0.248593972487379,0.7400269895884798,0.2584845107277547,-0.1176717983032124,0.5555160406836739,0.9137544538223512,-0.6722278552405746,-0.2049038441631871,1,1
-0.6326644233032424,-0.2098744429079559,-0.7358476291526758,-0.0986597927232093,0.403381210705293,-1.3334752657129718,-0.3366670944501962,2.093745357050572,0,1
1.4774993967883612,-1.745578466602383,0.5002593263032236,1.0211473359389711,-2.439199574044609,2.905803036621484,-0.6966322742071476,-0.0358263197306514,0,2
1.559685848051413,-0.4491522705434431,-0.7285412473633072,-0.920453733918842,0.4490216596988072,-0.5252058187953936,0.6517118736960089,-0.2894426063794545,1,0
-0.8025520011305466,1.2546320350870233,0.8011494127199471,-0.8781520215033354,0.4115730861656673,-0.6440772674610459,2.1851228654290105,1.0732417274399102,0,1
1.0078625324280648,0.6481010445081793,0.3547959070421587,-1.0882346831623693,1.1634702266357422,-0.0951722546032024,-0.0824543968817277,-1.6400499741679242,1,0
-0.225112129269364,-1.7316093278892,-2.538531281547792,-0.7816660931848197,-1.1835020927615112,0.2281637261682573,0.950666006036528,-2.0768335789519745,0,2
3.594778926946029,1.9616507009252144,0.4451293546198063,-0.1680536130902205,3.056963725905129,-0.8549812572446684,-0.2370157170033567,0.841766545181082,1,0
0.425441663520637,0.0095762201023687,-0.1905258610552585,-0.4180614864672609,-0.7809299272802569,0.6252009451792357,-0.8878002227786358,0.5156884623469058,0,2
1.3052992131895855,-0.1256089932510139,-0.6866956062060149,2.236965092780168,0.2939611599131497,1.2234124624460423,-0.0133085431431044,-0.428327715734752,0,0
0.7187868109941704,0.649903514019558,0.1070431427299336,-0.5563738270617833,1.8141391917740484,-0.5303761862739313,0.0232980853067549,-1.8715251564267523,1,0
0.3839926523858079,-0.6546337948405848,-0.0490477409520307,-0.3790868750282546,0.1704978940460791,1.322119477945398,-0.9366090607117816,0.7854073703702364,1,2
-0.4917733639951536,-1.2309734211038397,-2.27085202144638,0.8671500907409466,0.1950735204272022,-0.897754297294389,0.0680395200788053,1.2362807688569986,1,2
0.1214229509480058,1.2104715320582513,-0.4083888816837029,0.5881489088544016,0.4929067068079555,-1.0934762080273963,0.3466566366138468,1.5865127837529645,1,1
-0.029430102452574,0.8306010825352458,1.1106743139786517,-0.4708198019517694,0.9329274458223497,-0.6734073520665687,-0.4729251003468954,-0.5309819269973626,1,1
-0.467224164267229,-0.6212881088800837,-0.0749521854779738,0.1332866753528281,-0.5743776388865321,0.759207469554789,0.4991842551549278,1.0229210356445126,0,2
-0.574137708009857,-0.0683805862647487,-2.0450184025022606,0.855742887392945,-0.2437769506642812,-0.290330125247642,1.7499107271917924,-1.1086634688085262,0,2
-0.2815041315429299,0.3277120888606624,0.3521390409369334,0.8248483783254397,-0.1179731489513893,-0.0003665163831072,0.2673422749724847,0.0004045783620346,0,1
-0.2002071440381364,-1.1322882153558704,1.2920054256602531,-0.1043633943972101,-0.3648996806855307,0.5588792314318117,-0.6762952584016702,0.2640850033699182,0,2
-0.5691567109636114,0.3245577672157501,-0.4588693376829765,-1.1400423983678776,-0.3169186958461951,0.2771882105329372,-0.8166206674594647,-1.656152595542451,1,1
-0.6122067568633053,-0.5545967369590817,-1.192828599251364,-0.944694041033346,-0.6715098764881137,0.0705145214135725,1.2435190336354034,-1.2918307869437733,0,2
2.2648527155984635,1.2681505564223614,0.510886790724123,-0.4579866981852674,1.339595549033791,-0.341140736559453,-0.0031400352403657,-0.2813912956921911,1,0
0.4320236953317473,1.393872804841007,2.093714772911876,0.1556257819093316,1.2711348755435197,-0.4129148378296984,-0.8694969085537061,-0.5974052401672876,1,1
-0.3069427950291128,-0.753769617966399,0.4006268473572886,-0.424240388280762,-0.7750785876657038,-1.1085642803965836,0.2876792907779621,-0.663828553337212,1,2
0.7429802252187917,0.048329314597005,-0.223072470844264,1.2678281083395115,-0.2724485147755915,-0.0532922780270472,-0.4261499639942971,-0.7624571092561916,0,2
1.7436269532591957,-1.1895166223421356,-0.5850704776811612,-0.1514181082077179,1.5034330582412778,-0.5269919457425248,-0.8674632069731584,0.4251112171151904,1,0
-1.1243599888683404,-1.2715289851098546,0.8031420622988659,-1.9138310254740027,-0.5182047785868221,-0.5577791339101809,3.159265922511382,-0.1062752882442075,0,2
1.5831676912694277,-0.0963188636911144,-0.394440334631272,-0.0387719751461996,0.2576828543029205,-0.5912925158392478,-0.7922162484928916,0.3768033529916083,1,0
0.4644001761323433,-0.6780658984885046,2.015337222807741,-0.4442029941397651,-0.24143641481846,-0.1582507378413616,-0.7535759184624845,-0.8349189054415639,1,2
0.3292016848771066,1.138372751603114,0.1674868466238005,-0.981767451914352,0.2190640128468699,1.707217848415026,-0.1109262190093963,-0.7886238689897981,0,1
-0.602778441025769,-0.6875288634232412,1.598873460813732,-0.5620774287357841,-0.1817527507500182,-0.718953589218414,-0.2207461043589747,-0.321647849128509,1,1
-0.4819892626543141,0.0947429045149998,-0.391119251999741,-0.1005609932812097,-0.5673560313490683,-0.4236315995124856,1.756011831933436,0.463354942879692,0,1
-0.5424727982158674,-0.369843612042792,-1.1549682572519089,0.1998286948828389,-0.2197864582446134,0.5944137570115796,1.0482836819028198,0.7632662659802617,0,2
1.3846393804262116,0.4741627366601603,0.4411440554619688,1.0197214355204711,1.127191921025513,-0.5519037163209335,-0.0438140668513206,-0.3256735044721407,1,0
-1.3582889572902304,-1.3850845643266958,0.1900702085182126,0.733590751541425,-1.3713300943886662,0.0260963644388627,-0.7373063058181025,-0.0479032857615466,0,2
0.0997200352465072,-1.033603009607901,1.286027476923497,-0.4194873868857612,-0.5749627728479874,-0.0338328949714601,0.5662964073130036,0.0527380978292484,0,2
-0.343588701869348,-0.8303745721999822,0.4218817761990876,1.0957694578404835,-1.285315402054735,0.8480907868449227,0.6252737531488884,2.365477092745719,0,2
-0.9647901906368308,-0.3653374382643459,1.8326776780735268,1.1689656793234957,-0.0588746188444028,-0.8058157628578466,-0.5929134935992124,-0.1022496329005758,0,1
-1.3940454003722076,1.2640950000217597,1.3305299841860143,0.2801544184583518,-0.2712782468526808,-0.7765796849337518,-0.8654295053926107,1.8884369345253496,1,1
0.4748958484797894,0.6823479652243698,-1.546856007772586,0.9565065169669612,-0.0746732358036962,0.0881407741813146,-0.90203613384247,0.8236510961347381,1,1
-0.9704827586896828,1.1433295427594048,-0.1001924134776108,-1.1661839060403818,-0.1647838658678142,-0.1793082344812242,1.109294729319252,-0.8208291117388525,0,1
-1.3342734358172608,-0.2887324840307625,-0.4927443805245947,0.8804584946469489,-0.4971399559744309,-0.1215881320844582,-0.5298687446022322,0.1090972726400938,0,2
0.8997037394238757,1.4191073780003052,1.000414370611817,-0.1932445204837245,1.0610717833810628,-0.3003418368197194,-0.997620108128214,0.787420198042052,0,0
0.073569800753718,1.5736691386010062,0.0824671312566026,-0.276897345035738,0.0411832885644553,1.0879958378490702,-0.2451505233255477,-1.5675881779825518,0,1
-0.8397315862257366,0.245249108715099,1.1040321487155895,1.13712056997699,-0.9757795364448756,-0.0405073693528449,-0.798317353234535,1.212126836795207,0,2
-0.2994712994597444,2.1802001291798496,0.3468253087264836,0.0130357400593087,1.2746456793122514,-0.5876732586042713,-0.3570041102556738,0.6243811566249643,1,1
-0.5396265141894414,-1.9456525823653887,-1.3336425028282852,0.244506907995846,-2.0062004425676787,-0.7934068809093563,1.288260468407454,0.6908044697948893,0,2
-1.228605141336194,1.5254530791716328,-0.2449916162123696,-0.188966819228224,0.9440449910900006,-0.7683070969680916,-0.169903564845281,0.3003159014626043,1,1
-0.1925577557171163,-1.203035143677474,-0.2151018725285894,1.3300924266140215,-0.7364597462096533,-1.0288936178863897,3.2833217189247943,1.0913571764862526,0,2
-0.3208184296579398,1.1514406555606076,0.475019098303587,-1.0982159860918708,-0.1799973488656522,0.410207664753497,-0.5013969224745638,-0.4263148880629357,1,1
-0.9733290427161088,1.457860472494941,-0.5472101356817058,-2.379625162184078,0.6555739480925321,0.3085864421298749,2.331549379228449,0.1433153430609638,0,1
0.6625727014722562,1.60926791145073,0.8941397264028191,0.7193317473564227,0.9340977137452604,0.4121818050634842,0.2022638243949567,0.4512779768487969,1,1
-0.2254679147726675,0.4187367991852735,-0.5080213606296379,-0.3843151765627554,-0.8458797970017964,1.7625877837760928,1.939044974182733,1.0128568972854337,0,2
-1.0882477602830605,-0.4613189397452477,-0.8607203360982477,-0.5711081313862857,-1.9254519558868457,2.966907379549656,-0.822721772201108,-0.5651999974182332,0,2
1.132921136839159,-0.7699918435688048,0.435830323251519,0.3942264519383703,0.4624797408122794,-1.0197749697878775,1.3858781442737456,-0.080108528510601,1,0
0.392531504465086,-0.7452078877873511,-0.0709668863201363,-0.0221364702636969,0.7462697121181054,-0.0154075854115803,-0.98338419706438,1.6006025774556758,0,0
0.2201534281146589,0.0568910447760525,-0.9802793108333694,-0.4052283827007589,0.8703181119466313,-1.100902735860205,-0.3387007960307441,-0.1425061863368937,1,1
-0.6068699743137566,-0.384713985511664,-0.4801242665247759,1.1190591646759875,-0.34500512599605,-0.7681660869459497,-0.2756560470337638,0.9645490331618516,1,2
-1.2134842574458056,0.2758910904085324,-0.7889849512571746,-0.8962134268043382,-0.6053897388436636,-1.1137816512158352,-0.4525880845414178,-0.104262460572392,0,1
3.177798317074615,0.3628602443325419,-0.1340674563192291,1.0762821521209809,2.135962870574469,0.8314516042321743,-1.0179571239336918,-0.1002368052287603,1,0
-0.8212307400539675,-1.5554179331519582,-0.0663173706359931,0.601932612899904,-1.1712142795709497,-0.5384607608767357,-0.5685090746326394,0.5096499793314578,0,2
0.6186331918143043,-1.0408128876534146,-0.4542198219988333,0.793953869257935,0.4080622823969354,1.0294766786601663,1.09302511667487,-2.1674108241836905,0,2
-0.6009995135092528,0.2966194897893844,0.5480829161972722,0.2383280061823451,1.1230959832953258,-0.645863394408177,-0.3509030055140305,1.4415891913822196,1,1
-1.0699248068629426,0.9576751830874258,0.0286655926257986,0.3856710494273688,1.1353837964858875,-0.1963234438196845,-0.2898919580975981,-0.5551358590591535,0,1
0.7645052481686387,1.9616507009252144,-0.1320748067403103,1.5886557025020631,1.0604866494196077,-0.7976371815736143,0.826610209623115,0.8920872369764794,1,1
1.251575602190795,-1.6689735123687994,0.0964156783090341,0.1836684901398363,-1.920770884195204,-0.4859110259585074,0.1656571959450973,1.4315250530231407,1,2
-0.2580222883249153,2.039607507292332,-0.9935636413594944,1.0529924452854769,0.0300657432968044,0.98698565865473,0.0619384153371622,1.413409603976797,0,1
-0.0118187200390629,0.3272614714828178,-0.5505312183132368,-1.0159890619583576,0.5432282274931124,1.0140125795652677,-0.1841394759091151,0.4895217026132992,0,1
0.0945611454486102,1.5155394968590514,1.3338510668175456,-0.4798505046022709,0.8855315949444694,-0.7022203999242376,1.320799693696218,0.7994971640729478,1,1
-0.7363758975161412,-0.630300456436976,-1.6371894553502335,-0.2165342273192283,-0.5462912087366772,-1.3354024026822449,-0.6112168078241421,0.7189840572003113,1,2
0.8159162533959591,-0.7488128268101083,-0.599019024733592,1.3766718402850289,0.0476197621404637,-1.1885169629510612,1.076755504030488,-1.549472728936209,1,0
-0.4378718602447105,-1.9199673918282465,-1.366853329143597,0.4360528642143769,-1.5644243016689188,0.3398436637046707,-0.16176875852309,2.210489362015894,0,2
0.0011674508315058,1.5457308611746403,1.086762519031627,0.5957537110864026,0.5765808632960651,0.0754028688478264,1.3452041126627907,0.2439567266517588,1,1
-0.3343382787834634,-1.7599982226934106,-1.227367858619288,-1.3738900670019154,-1.854650746550753,0.7295013582235546,0.2144660338782433,-0.02173652602794,0,2
-0.9445104169485452,0.6363849926842196,-0.4316364601044212,0.0120851397803084,0.093260211133978,-0.937566126879129,-0.4464869797997746,0.0366354764547215,1,1
1.1455515222064243,-1.6194056008058924,0.1057147096773213,0.7378684527969257,-0.7066179141754324,-0.1869227756768888,0.4280046998357568,1.3107553927141864,1,2
-0.5597283951260753,1.5128357925919838,-0.7318623299948387,-1.8586962092919936,-0.5135237068951797,1.059605820057827,0.7533969527233962,-0.3236606768003252,0,1
-0.5387370504311833,0.0185885676592607,-1.621248258718884,-0.6457302532877977,-1.2279722738321148,0.2490332094452638,-0.2065101932951404,0.1996745178718093,0,2
-0.1205111912982073,0.1357490858988591,1.434811978816093,1.26164920652601,-0.170050071520912,0.2872939287864425,2.996569796067562,0.4734190812387717,0,1
-0.7429579293272514,-0.254485563314572,0.670962973563925,1.344826730938524,-0.1957959658249457,1.2309800003009932,0.1046461485286649,-0.0962111498851279,0,2
2.6530146997023145,-1.3904919728608311,0.5334701526185351,0.9964317286849677,0.2056059317333977,-0.2119285529367254,-0.61325050940469,-1.235471612132928,1,0
0.9189161566022512,-0.8763375447401325,-0.3386461464215487,1.0320792391474736,0.8457424855655082,-0.553266813201639,0.8571157333313314,-0.0720572178233376,0,0
0.4939303729065134,-0.4815967217482549,-0.5671366314708927,0.3305362332453599,0.215553209078138,-0.2331740629394439,1.8149891777693203,2.536567444850071,0,1
1.2531766369556587,-0.3310905175481556,-1.572096235772223,0.3471717381278626,1.772594680510721,-1.220009201229427,2.3661223060977603,0.7089199188412324,0,0
-0.1724558747804825,-0.1278620801402371,-0.6720828426272774,0.5938525105284025,0.1049628903630842,0.271171782921548,-0.5827449856964737,0.8135869577756591,1,2
0.0525784560588261,0.2641750385845727,0.7174581304053614,0.855742887392945,0.0903345413267014,0.2080462963426745,-1.0240582286753348,-0.1264035649623668,1,1
-0.7016868109440738,1.1771258460977505,1.143885140293963,-1.5958552321484512,0.2647044618403842,-0.8444055055840232,-0.6640930489183836,-0.2532117082867684,0,1
-0.8025520011305466,-0.5383745113566758,0.1801069606236188,-0.9109477311288404,-0.0085530981592461,-0.3488492844365454,2.5633913594108915,-0.3840455069548024,1,1
-0.4001585968945654,0.9162183843257216,-1.1602819894623586,0.2511611099488471,1.132458126678611,-1.0208560466242993,-1.0199908255142394,1.3570504291659515,1,1
-0.0792400729150298,-0.9213992825245934,-0.0251359460050064,-1.83540650245649,-0.7926326065093632,0.8868685429339551,-1.0220245270947872,-0.3719685409239065,0,2
-1.0240284769368226,1.0185085290964475,0.5181931725134916,-1.413815278719922,0.0487900300633743,0.1789982317814356,-0.3814085292222468,0.5398423944086967,0,1
1.4465460580009777,-1.2494487335954685,0.3202566476742339,2.427085148580199,-1.4626109923756945,0.1448268030823729,0.4137687887719224,-0.5007895119201243,0,2
-0.9005709072905932,-1.0106215233378255,-1.1888433000935266,0.9360686109684576,-2.217433802653046,1.028677621868029,1.682798575033717,-1.130804573198501,0,2
-1.201031764830192,-1.218356134524191,1.1418924907150445,-1.0544883732578638,-0.1021745319920959,-1.030209711426381,-0.1597350569425421,-0.3498274365339317,1,2
-0.669132437391826,0.6728850002896326,1.3909736880798815,1.475058969161545,0.5479092991847548,-0.7755926147787583,-0.7108681852709818,0.4553036321924286,0,1
2.166833809438417,1.2523789481977996,-1.2771840980922553,-1.4580181916934292,2.053458982009271,-0.5471563789088217,-1.0728670666084807,-0.3598915748930114,1,0
0.4901946251218294,-0.702849854269958,-0.9085439259922964,2.3543642272366867,-0.540439869122124,-0.0171467090179976,-0.1678698632647331,-0.428327715734752,1,2
0.4852136280755837,1.028422111409029,-0.0736237524253616,0.9389204118054584,0.1775195015835428,-0.8327956804276705,1.7600792350945311,-0.4826740628737812,1,1
-0.4992448595645219,-0.3793065769775288,-0.9942278578858004,1.5050028779500495,-2.0062004425676787,2.9302917771334664,1.432653280626344,-0.6497387596345007,0,2
-0.4391171095062719,-0.0800966380887085,-0.562487115786749,0.4037324547283719,0.5631227821825929,-0.3351713122887776,0.0700732216593532,-0.4021609560011455,1,1
-0.4828787264125723,-0.7997325905065489,-0.0623320714781555,1.1770457816949969,-0.4830967408995035,-1.149645200180601,5.085181319290099,-0.8147906287234046,0,2
1.3686290327775652,0.913514680058654,-0.3798275710525349,0.287759220690353,1.302146975500651,0.7273392045507113,-0.5563068651493529,-2.7450923659948536,1,0
-0.8222980965638772,-0.4703312873021397,0.3468253087264836,0.3790168474743677,-1.1840872267229663,0.5766934975624097,0.6110378420850541,0.4754319089105879,0,2
0.1061241743059658,0.2984219593007629,0.4590779016722368,0.1893720918138371,0.99027057404497,0.1119244645825878,-0.4525880845414178,-1.744717013102351,0,1
0.5666885083320291,0.6354837579285305,0.3534674739895455,2.0321107326556347,1.611097707149055,-0.4789075281921247,1.0096433518724124,0.1171485833273573,1,0
1.047354723294726,-0.3193744657241959,0.1229843393612828,0.158002282606832,-0.0992488621848193,-1.0381532760070435,0.0599047137566143,1.202062698436128,1,0
-0.2960913371783635,0.2227182398228686,-0.716585349889795,1.139497070674491,1.6251409222239828,0.052136215194407,-0.98338419706438,-1.0160733959049946,1,1
0.1650066751026545,1.1388233689809584,-1.0254460346221932,-0.3862163771207558,1.6251409222239828,-0.8782949142388018,-0.9284742543895907,0.3425852825707384,1,1
-1.173814173827493,0.4687553281260251,1.300640240502234,1.3087039203365178,0.2067761996563084,-1.2234874484422615,-0.047881470012416,-1.3300745127082756,1,1
1.2444598921247294,-0.8141523465975764,-0.4954012466298196,0.6775053350804163,0.2658747297632948,-0.4499064669715997,0.0171969805651117,-2.5901046352650297,1,0
-0.0856442119744884,1.344755510655945,-1.3934219901958462,1.4812378709750458,0.3688583069794296,-0.1086152100474001,-0.1800720727480197,-1.2918307869437733,1,1
-0.2060776048426401,-0.4509547400548215,0.3860140837785515,-1.359631062816913,-2.2127527309614035,2.5501287574388067,-0.1678698632647331,-0.712136417460794,0,2
-0.286840914092479,1.7863605409436616,-2.064944898291448,-0.456560797766767,0.3858271918616336,-0.0401783459678471,-1.1155747997999834,0.2439567266517588,0,1
-0.4690030917837453,-0.6059671180333672,-0.8547423873614913,-0.3519947670767503,0.1833708411980959,0.2926523096278363,0.2958140971001531,2.0917325293787563,1,2
0.1687424228873388,-1.448621614602786,-0.7491319596788005,-0.1542699090447183,-1.3695746925043002,-0.8575664409839373,-0.6478234362740016,-0.6779183470399234,0,2
-1.0969645051139898,0.4169343296738951,0.7094875320896873,-0.7636046878838167,0.0130968584146004,1.9702015397097368,-1.0240582286753348,0.0950074789373825,0,1
2.16167491964052,-0.3437078041278048,-0.9543748663074264,0.4588672709103807,-0.1021745319920959,1.0120384392552808,-0.137364339556517,1.079280210455358,1,0
1.406875974382665,-1.5558685505298029,0.4796686139877302,0.095737964332322,0.3407718768295746,0.237376380948197,-1.152181428249843,-0.0700443901515214,1,0
-0.3861050695140869,-1.7352142669119572,-0.0417413591626622,1.1846505839269978,-0.5462912087366772,-0.3125157020646399,-0.4403858750581313,-1.338125823395539,0,2
-0.0296079952042257,0.1222305645635209,-0.4422639245253207,0.768762961864431,-0.2051581092082306,-0.530846219681071,0.249038960747555,1.2463449072160775,1,1
-0.1260258665994078,-1.7843315610970194,-0.2024817585287706,-0.319674357590745,-0.4743197314776738,1.7640918906789402,-1.111507396638888,0.6545735717022024,0,2
-1.2931802101857348,0.316897271792392,1.3637408105013262,0.0044803375483072,-0.7083733160597983,0.7388080196849222,-0.0295781557874863,-1.1911894033529782,0,2
0.1320965160471036,0.6084467152578539,0.3415115765160338,-0.35009356651875,1.0002178513897104,-0.9259092983820622,0.619172648407245,-1.2576127165229034,1,1
-0.7532757089230457,-1.5414487944387751,-1.516966264088806,-0.2678666423852368,-0.6785314840255774,-0.8785769342830856,0.1310842690757856,-1.4427928623299655,1,2
-1.1215137048419144,0.705329451494445,-0.4389428418937897,1.8296328732286025,0.7679196686919518,-0.18386755853048,-0.0519488731735116,-0.6135078615418145,0,1
-0.6355107073296685,0.0230947414377068,-0.2104523568444457,0.5539272988103963,-0.1015893980306406,0.5444022024919063,0.4442743124801387,-0.5410460653564422,0,2
0.0253608650561271,1.2217369665043667,0.117670607150833,0.882834995344449,1.1172446436807726,-0.8351928508040833,-0.6539245410156449,-0.5913667571518397,1,1
-0.6573915157828186,0.3182491239259259,0.817754825877603,-0.4955354092057735,0.3630069673648765,-0.9323017527191634,0.151421284881263,1.5583331963475415,1,1
-0.405139593940811,1.1744221418306828,-0.1938469436867899,0.6033585133184041,0.0084157867229578,1.1963385381947909,0.6171389468266972,1.0611647614090145,1,1
-0.3512380901903679,0.398459017182266,0.2465286132542421,2.090572649814144,0.0353319489499022,-0.9318317193120236,1.3370693063406,-0.712136417460794,0,1
0.0773055485384024,0.1118663648730947,-0.6754039252588088,0.2050569964173397,0.6087632311761072,1.201273888969759,-1.0769344697695764,1.4697687787876426,0,1
-1.2814392885767274,0.3786318525571033,0.2378937984122613,1.6461670193815727,1.1968228624386952,-1.3960837155439916,-0.2227798059395224,-0.0499161134333628,1,1
3.9535886070273625,0.253360221516302,1.3385005825016898,-0.4665421006962689,2.0552143838936363,-1.0190699196771682,-0.1170273237510394,-0.6376617936036055,1,0
-0.1973608600117104,-0.4937633909500594,-0.9430831853602206,-0.35056886665825,-0.6726801444110243,-1.0469899040612716,-0.98338419706438,-1.16099698827574,0,2
0.0918927541738357,-1.694658702905942,-3.6862974390049614,0.9085012028774536,-1.5053257715619324,-0.3888491273841413,0.8408461206869494,0.652560744030387,0,2
-0.6278613190086485,1.3132122942068225,-0.6169528709438601,0.1451691788403301,0.837550610105134,0.987267678699014,0.0802417295620919,-1.6420628018397403,0,1
-0.9233411795020016,0.4885824927511877,2.223236995541592,-0.7417408814668133,-0.0635556905360453,-1.09446327818239,0.377162160322063,0.5277654283778009,1,1
-0.0306753517141355,-0.0233188484802878,-0.8607203360982477,0.4569660703523804,-0.5170345106639116,0.6707471823310811,-0.5441046556660666,1.0672032444244623,0,2
-0.3423434526077866,-0.6379609518603344,-0.1965038097920148,-0.2930575497787407,-1.5152730489066724,3.6036616362019256,0.7594980574650397,-0.5712384804336811,0,2
-0.8050424996536694,1.4885024541883751,0.0618764189411102,0.4783545766298839,0.6994589952016805,-0.2802714103348505,1.40011405533758,-0.2552245359585846,1,1
-0.708268842755184,-0.6884300981789305,-0.1739204478976027,0.1941250932088379,-0.9313093553742718,-0.3770042855242188,0.7900035811732556,1.675077201312865,0,2
2.372299937596047,1.9706630484821068,-2.0084864935554183,0.0757753584733188,3.6889084042768654,-0.7401990992211323,-1.0118560191920485,0.097020306609198,1,0
-0.7648387377804015,0.3772800004235694,-1.7786675754534615,0.4427070661673781,0.6526482782852555,0.5508886635104354,-0.7596770232041277,0.4532908045206124,0,1
-0.9352599938626605,0.9162183843257216,-1.5787384010352856,-0.5958237386402898,0.6900968518183955,-0.8936180033115589,-0.4322510687359404,0.5559450157832236,1,1
0.2651602942825206,-1.5117080475010307,0.5122152237767352,0.127107773539327,-1.182916958800056,-0.1292966799615509,0.6659477847598432,1.9568730753670909,0,2
1.92774595121863,-0.8682264319389293,-0.1400454050559849,1.7754486573255936,-0.9447674364877442,1.2288178466281503,0.0965113422064739,-1.173073954306635,0,2
-0.7260581179203468,-1.164732666560682,-0.505364494524413,1.4389361585595388,-1.0372186023976833,1.0288656352308847,-0.1983753869729494,-1.118727607167606,0,2
1.4956444574568273,-1.6689735123687994,0.9725172765069552,0.4726509749558831,-1.1460535192283712,-1.0864727102610137,-0.4952958177329206,-0.3639172302366431,1,2
1.0347243379274609,0.7742739103046696,1.2886843430287225,0.6931902396839187,1.0318150853082972,-0.7949109878122036,-0.8633958038120629,-0.1505574970241578,1,0
-0.1664075212243271,1.3411505716331882,-0.2808593086329061,-1.6852116583744656,0.8445722176425976,-0.5963218732956435,-0.129229533234326,1.0732417274399102,1,1
-0.9041287623236256,0.0929404350036214,-0.0955428977934672,-0.2165342273192283,0.4320527748166032,-0.9846164709338217,-0.7210366931737205,-1.231445956789296,0,1
-0.6869217125569889,-0.1147941761827435,1.011706051559023,0.4450835668648785,-0.0389800641549223,1.3486763654487963,-0.5013969224745638,1.9508345923516428,1,2
0.4788094890161252,-0.0431460131054505,1.4959198992362663,1.086738755189982,0.0441089583717319,-0.3540196519150831,-0.5542731635688053,-0.3055452277539821,1,1
-0.627149748002042,0.4511812503900853,-0.4774674004195511,-0.7821413933243199,-0.5503871464668643,-0.692161685011446,-0.8959350291008268,0.6666505377330983,0,1
2.967529084622392,1.6088172940728858,-0.8255168602040173,0.0914602630768212,2.5268323568266173,-0.6180844200462156,0.2307356465226253,-0.947637255063254,1,0
-1.3301819025292732,-0.115244793560588,-1.0374019320957053,0.8248483783254397,-1.0389740042820492,0.0049448611175723,0.842879822267497,-0.3679428855802748,0,2
-0.8331495544146265,-1.0070165843150691,1.4042580186060063,-1.3829207696524168,-2.5831425285626155,2.9024657994307907,-0.6986659757876953,-0.8993293909396728,0,2
0.0671656616942595,-1.5851586800897022,0.7945072474568842,-0.3282297601017465,-0.7914623385864527,-0.0420114762556924,-0.9772830923227368,-1.0945736751058148,1,2
-1.0334567927743588,-0.8885042139419369,-0.4867664317878384,1.006413031614469,-0.9541295798710292,-0.7677430568795239,2.128179221173674,1.556320368675726,0,2
-0.4149236952816506,1.1523418903162963,0.8489730026139958,-2.742754468762137,1.742167714515045,0.1481640402730656,-0.523767639860589,-0.6980466237580827,0,1
1.9569203624894969,1.6124222330956426,0.5208500386187169,-1.049735371862863,1.5133803355860185,0.5665877793089041,1.190642792541162,1.415422431648614,1,0
1.1217138934851063,2.060335906673184,0.4836539131455677,-0.9732120494033506,1.9393578595254848,2.512432078186196,2.311212363422971,1.159793317327994,1,0
-0.7762238738861057,0.8139282395549957,1.3404932320806084,-1.4988940036904357,-0.4807562050536823,-0.2947014359340419,-0.1983753869729494,0.8196254407911064,0,1
-1.3038537752848325,2.09323097525584,-0.1818910462132777,-1.019791463074358,0.023629269720796,2.3668627319950035,-0.6864637663044088,0.5136756346750896,0,1
1.875089696729748,-1.0723561041025371,-0.4621904203145079,1.363838736518527,1.007239458927174,-0.3928914146855435,-0.2329483138422611,-0.5974052401672876,0,0
1.178639574013627,-1.4540290231369208,0.6842473040900497,0.7288377501464242,-0.2578201657392087,-0.2278156820980502,-0.7230703947542683,-0.8047264903643256,0,2
-0.9953877439209108,-1.1953746482541154,-1.5933511646140226,-1.3054468469139044,0.5315255482640061,-0.5757814134036348,2.9253902407483907,2.74791435039074,0,1
1.2371662893070128,-0.441491775120085,1.3125961379757465,-0.9793909512168516,0.9422895892056344,-0.1785561810298004,-0.7434074105597458,-1.7326400470714558,0,0
-0.3775662174348088,1.146033247026472,-0.8706835839928411,-0.9361386385223448,-0.6703396085652031,-0.5072975459833677,0.2429378560059117,0.1392896877173321,1,1
0.152909967990344,-1.1237264851768227,0.0047537976787733,-0.0278400719376978,-1.296432947322386,0.7753766187603978,0.8449135238480451,-0.6135078615418145,0,2
1.7573246951363708,0.4786689104386064,-1.3615395969331472,-0.3391616633102481,1.883184999225775,-1.1798683482596894,-0.0234770510458431,1.7978596892936347,1,0
-0.1785042283366379,1.0248171723862722,0.5148720898819605,0.2687472151103499,0.3097597768724431,0.9658341553334394,-1.111507396638888,-1.3864336875191203,1,1
-0.7440252858371612,0.6697306786447207,0.0167096951522859,-1.2755029381253995,-0.2712782468526808,0.4729101212659445,-1.1013388887361493,-2.535758288126,1,1
0.5674000793386357,0.4948911360410123,-1.7155670054543692,1.475534269301045,0.9112774892485032,-1.0686584441304157,-0.9813504954838324,-1.012047740561363,1,0
0.3635349859458706,1.5470827133081742,-0.1194546927404915,0.3923252513803699,1.6924313277913436,-1.1610670119740978,0.0395676979511369,0.1332512047018841,1,1
-0.970838544192986,-0.5563992064704602,0.8914828602975947,-2.3454035521400725,-0.4942142861671544,-0.9187647905935376,-1.0769344697695764,-1.0985993304494466,1,1
-0.2244005582627577,0.0987984609156011,-0.5033718449454943,-0.5307076195287791,-0.1168028810284787,-0.3528915717379477,-0.2858245549365025,0.4512779768487969,0,1
-0.2859514503342206,0.2849034379654247,0.7772376177729228,1.402813347957533,0.9604287420107492,-0.0632569862584107,-0.3834422308027945,-0.9798424978123084,1,1
-0.2887977343606467,1.6867741004400028,-0.7942986834676243,-1.8292276006429888,0.3173665183713622,0.5168582448335147,-0.6254527188879764,-0.4705970968428861,1,1
-0.2453919029576496,-0.3027016227439452,1.3099392718705212,-1.64908884777246,-0.356122671263701,-0.6660278275744739,-0.4322510687359404,0.1332512047018841,1,1
-0.2144385641702665,-1.4319487716225352,-0.3884623858945161,-1.2317753252913923,-0.3011200788869018,0.1080231873033276,-0.910170940164661,-0.1827627397732123,0,2
0.1811949155029525,0.1443108160779065,-0.4309722435781151,-1.0226432639113583,1.148256743637904,-0.3131267454939216,-0.3509030055140305,0.3365467995552905,1,1
1.505250666046015,1.1915456021887778,0.3096291832533344,0.2240690019973428,0.5379620218400145,1.3339173164646072,-0.8410250864260377,1.536192091957567,0,0
-0.8783343133341398,0.1506194593677311,-0.5691292810498114,0.0586645534513161,0.8281884667218489,-0.3546306953443648,-0.2756560470337638,-0.0438776304179148,1,1
2.592709056892413,-0.6411152735052467,-1.4996966344048437,-1.055914273676364,1.537370828005686,-0.9459797248669312,-0.7779803374290575,0.8216382684629226,1,0
2.4763671973122485,1.2897801905589028,2.140874146279619,0.523508089882391,1.6789732466778715,-0.8005983920385951,-0.0905892032039187,-1.0281503619358905,1,0
0.6284172931551437,1.3249283460307824,1.3378363659753831,-1.1267339944618755,0.5537606387993079,-1.070397567736833,-0.0600836794957026,0.8900744093046632,1,1
-1.2718330799875397,-0.7145659060939178,-0.1174620431615732,-0.2193860281562287,-1.3765963000417638,1.0081371619760202,0.2266682433615297,0.2822004524162612,0,2
0.0589825951182847,-0.8317264243335162,1.0382747126112717,-0.1542699090447183,-0.9002972554171406,0.1750499511614613,1.865831717283014,0.9102026860228224,0,2
-0.1317184346522597,0.1479157551006636,0.5514039988288032,-0.7331854789558119,0.0113414565302344,-0.2070872088431855,-0.1393980411370647,0.622368328953148,1,1
1.2850194395013004,0.5354467000470271,-0.5551807339973804,1.2435878012250077,0.7544615875784797,0.3116416592762835,-0.3264985865474575,-1.3522156170982504,1,0
-0.4056732721957659,0.3768293830457249,-0.2835161747381315,1.5107064796240504,0.568974121797146,-1.0830884697296073,-0.5420709540855188,-1.4568826560326773,1,1
0.9733513386076492,-1.3792265384147158,-0.0829227837936489,-1.5849233289399494,-0.8874243082651235,-0.941749424202673,0.1087135516897603,1.0349980016754086,1,2
-0.6372896348461848,-1.6761833904143133,0.3142786989374785,0.0040050374088072,-3.686705179867332,5.086993062453665,-0.822721772201108,-1.8252301199749867,0,2
0.0575594531050717,-2.092103230164887,-1.036073499043093,-1.6191449389839552,-1.3490950038533642,-0.7041005335527967,1.5302709564926358,-0.9033550462833044,0,2
-0.9788437180173092,0.1731503282599615,1.1432209237676565,-1.069222677582366,-0.1179731489513893,-0.9082360422736062,-0.4993632208940161,-1.6964091489787696,0,1
-1.2552890540839383,-0.731689366452013,-0.1520013025294971,-0.1970469215997252,-1.958219457728343,0.0478589111894348,-1.0179571239336918,0.4009572850533993,0,2
0.9543168141809252,0.1276379730976561,1.1990151119773802,-0.0164328685896961,1.028304281539565,-0.3905882509905585,1.0015085455502215,-0.1445190140087099,1,0
0.1545110027552084,-0.6848251591561737,2.152165827226825,0.3514494393833633,-0.2361702091653621,1.509944827438457,-0.8593284006509674,-0.1666601183986847,0,2
0.7187868109941704,-1.85868342844138,-0.8872889971504969,0.7497509562844279,-0.4655427220558442,-0.522291611671127,-0.3692063197389602,1.6589745799383366,1,2
0.2272691381807241,0.6922615475369511,1.011706051559023,0.8524157864164443,0.9019153458652182,0.7347657323835202,-0.2309146122617134,-0.0579674241206262,0,1
0.1105714930972565,-0.0954176289354253,1.3192383032388084,-1.111049089858373,-1.071741506123547,-0.0704484973876493,-0.741373708979198,0.6847659867794414,0,2
4.665337506385523,-0.4419423924979295,0.6895610363004995,-2.200437009592549,2.9744598373399307,-1.063253059948308,-0.2837908533559548,0.5136756346750896,1,0
-0.8578766468942027,2.0188791079114794,-0.6720828426272774,0.5097243858368886,-0.3924009768739302,-0.8972372605465353,-0.8654295053926107,2.210489362015894,1,1
-0.1770810863234249,-1.1755474836289528,-0.604996973470348,-0.1414368052782163,0.2208194147312359,-0.9228070778949398,-1.119642202961079,-1.7245887363841916,1,2
2.660308302520032,0.3601565400654745,0.310293399779641,-1.5892010301954502,1.1658107624815637,-0.0804132056190129,-0.8491598927482287,-0.369955713252091,1,0
0.2196197498597042,1.128909786668377,1.0920762512420767,-0.5264299182732786,0.2781625429538563,-0.7378019288447194,-0.5705427762131873,1.8844112791817185,1,1
0.6647074144920758,-0.3612818818637445,-0.1446949207401286,-0.8619918167603327,0.9744719570856768,1.0176788401409578,-0.4647902940247043,-0.4484559924529105,1,0
-0.9272548200383374,0.1357490858988591,0.4484504372513373,0.6223705188984071,-0.6094856765738507,-1.102688862807336,-0.3407344976112918,-0.6477259319626851,1,1
0.3445004615191466,0.8157307090663738,-0.2343641517914701,0.4203679596108746,0.9516517325889196,-0.4048302632268941,-0.2756560470337638,0.0507252701574322,1,1
-1.120268455580353,-1.0579363480115098,0.6928821189320314,-2.0065145526765176,-0.2309040035122643,0.1020067596919385,-0.5074980272162071,-1.3864336875191203,0,2
-0.0769274671435585,1.9332618061210043,0.0738323164146219,-0.1656771123927202,1.0037286551584423,-0.1072991165074088,-0.2166787011978791,1.4013326379459026,0,1
-0.0118187200390629,-0.6492263863064497,0.1097000088351589,-0.2959093506157411,-0.4649575880943888,-0.7076257841063451,-0.474958801927443,1.0209082079726972,0,2
-0.9304568895680666,-0.0877571335120669,-0.7836712190467244,0.0192146418728096,0.5561011746451292,-0.756462255108169,0.2429378560059117,0.3365467995552905,1,1
-0.3537285887134907,0.6868541390028157,0.3926562490416135,0.4194173593318742,0.6848306461652977,-0.531128239725355,2.496279207252816,0.0165071997365622,1,1
-0.4298666864203873,0.2213663876893347,0.385349867252245,-0.4337463910707635,0.8556897629102486,0.2127936337547863,2.8623454917514106,0.3345339718834743,0,1
0.3750980148032264,-0.4171584367164758,1.4839640017627544,1.3182099231265194,0.46365000873519,-0.579682690682895,-1.0972714855750538,-0.4383918540938316,1,1
1.233074756019025,0.7156936511848706,-0.6036685404177358,0.5458471964388948,1.3887468017960372,-0.8878365924037396,-0.7027333789487908,-0.1545831523677895,1,0
-0.0150207895687924,0.3966565476708876,2.1056706703853885,-0.1799361165777225,-0.3684104844542625,0.9878317187875818,-0.1495665490398034,-0.2592501913022163,0,1
-0.3003607632180025,-1.041714122409104,0.2325800662018116,1.3476785317755242,-1.24728169456014,-0.3831147198170359,-0.6884974678849566,-1.3642925831291457,0,2
-0.0235596416480703,0.2267737962234702,-0.0344349773732937,-1.8567950087339933,-0.4158063353321427,0.6998422502330339,-0.2227798059395224,-1.7366657024150876,0,1
-0.8685502119933002,0.6251195582381043,0.2292589835702806,-0.5012390108797744,-0.2309040035122643,-0.1150546677252152,0.8571157333313314,0.6102913629222528,1,1
0.9406190723037496,-0.0841521944893101,0.7174581304053614,-0.5796635338972871,1.6268963241083485,-1.2171890007865884,-0.4444532782192268,-1.1932022310247945,1,0
-0.4892828654720308,1.0806937272390045,-0.599019024733592,1.5948346043155643,0.3893379956303655,-1.2322300698150617,0.1636234943645496,2.4560543379774336,1,1
-1.0069507727782665,-0.3081090312780807,0.4099258787255759,0.3828192485903684,-1.559743229977276,0.9675262755991428,-0.3732737229000558,0.563996326470487,0,2
-0.5093847464086646,0.4651503891032683,0.1581878152555132,-1.9632622399820103,-1.057113157087164,0.780829006283219,1.320799693696218,2.5405931001937017,1,1
0.7780250972941625,0.0343601758838221,0.0751607494672341,-2.063075269277027,0.1406560620118582,1.4906264544050118,0.1615897927840017,-0.2069166718350026,0,1
-0.0602055484883056,-0.4203127583613881,-0.8886174302031096,1.263550407084011,-0.8716256913058302,1.3499924589887875,-0.6193516141463331,0.4150470787561107,0,2
0.789232340648215,-1.5522636115070458,0.1316191542032645,-0.4475300951162658,-0.4784156692078609,0.5627805087110719,1.0828566087721316,0.5317910837214326,0,2
0.1393901188648202,0.6129528890363001,-1.1005025020947976,-1.693291760745967,0.685415780126753,-0.8272022828827068,2.018359335824095,1.77571858490366,1,1
-0.7753344101278475,1.2411135137516844,-0.4668399359986516,0.5662851024373979,-0.2291486016278984,1.567617926494509,1.5323046580731836,0.6747018484203617,0,1
1.5196599789297969,0.8197862654669754,-0.4761389673669389,-1.1485978008788789,0.6432861349019706,-0.467015682991488,0.3303870239694648,0.3244698335243953,1,0
0.7164742052226993,-0.4356337492081049,1.3013044570285406,0.423219760447875,-0.3309619109211225,1.811236241415061,-0.2166787011978791,-0.8067393180361412,0,2
0.1879548400657145,1.1942493064558457,2.2225727790152847,2.3006553114731783,1.4929006469350825,-1.1036759329623298,0.0253317868873027,-0.504815167263756,1,1
-1.1095948904812554,0.1136688343844731,1.3424858816595262,0.3966029526358707,-0.4795859371307716,-0.8055337428135627,-0.7047670805293386,0.9645490331618516,1,1
0.5857230327587534,-0.5482880936692572,0.4989308932506113,1.9788771170316264,0.5736551934887886,-0.1233272556908754,-0.8511935943287764,0.086956168250119,0,0
-1.1229368468551273,-1.9925167896612288,1.881165484493881,-1.0915617841388698,-0.7856109989718996,-0.6890124611836095,-0.2370157170033567,0.1574051367636751,0,2
0.2333174917368795,0.2497552824935452,-0.140709621582291,0.113324069493825,0.3776353164012593,0.0794921594899426,-0.072285888978989,1.483858572490354,0,1
0.0308755403573276,-0.8605659365155711,0.2611413768329801,0.6575427292214127,-1.23850468513831,-0.1962764404789706,-0.8755980132953494,1.254396217903341,0,2
-0.4905281147335922,-1.2278190994589273,0.6729556231428437,-0.6157863444992929,-0.899712121455685,-0.3921393612341199,-0.6498571378545495,-0.05595459644881,0,2
-0.334516171535115,1.3961258917302304,0.063869068520028,0.6366295230834095,1.174002637941938,-0.4941366105834537,2.89081731387908,-1.6138832144343176,1,1
0.2936231345467812,-0.4459979488985308,-0.8002766322043803,1.1204850650944875,0.2067761996563084,-0.8518790367575457,-0.7678118295263187,-0.2230192932095301,1,2
-1.233408245630788,-1.0304486879629886,-0.7152569168371828,-0.1114928964897113,-1.2741978567870844,-0.7869674232315412,-0.5034306240551115,0.8719589602583201,0,2
-0.5668441051921403,-0.2202386425983818,0.6191540845120387,0.9674384201754628,0.3758799145168934,0.2380814310589069,-0.5380035509244232,0.14532817073278,1,1
-1.154068078394162,-0.3441584215056493,-0.6521563468380905,-0.1419121054177163,0.2945462938746051,-0.7157573620498634,-0.6518908394350971,0.7491764722775502,0,1
-0.5949511599530974,1.7431012726705788,0.2657908925171233,-1.8259004996664885,-0.6855530915630412,1.4258088475604354,-0.5563068651493529,1.6770900289846804,0,1
-0.6687766518885228,-0.7474609746765744,-0.108827228319592,1.7616649532800912,0.0394278866800893,-0.2106594627374481,-0.6335875252101674,-0.104262460572392,0,2
1.6363576240132645,0.4196380339409629,-0.237021017896695,-0.084876088677707,0.7222792196984376,-0.769764200530225,0.3507240397749424,-0.8832267695651451,1,0
-0.9941424946593492,-0.2202386425983818,-0.924485122623646,1.6528212213345737,-0.2946836053108933,-0.3127507187682097,-0.0743195905595367,0.6404837779994919,0,2
-0.069989649829145,1.3361937804768975,-0.7677300224153751,0.776843064235932,1.1628850926742869,-0.962054867391112,0.8632168380729748,-0.5229306163100991,1,1
-0.1808168341081089,-0.514041172953067,0.8024778457725593,-0.214633026761228,-0.8014096159311928,-1.0861436868760157,-1.1298107108638178,-0.63564896593179,0,2
1.6333334472351866,1.3758481097272228,1.894449815020006,1.1903541856009991,1.0324002192697526,1.0530253523578696,-1.0342267365780735,-0.5651999974182332,1,0
0.015398870963636,1.0302245809204078,-1.15297560767299,-0.932811537545844,1.691846193829888,-0.6731723353629987,-1.0565974539640988,1.3832171888995588,0,1
-0.8993256580290319,0.6422430185961996,0.6815904379848253,0.9793209236629644,0.1658168223544366,0.0575886027172284,1.1336991482858252,-0.5168921332946511,0,1
0.2126819325452908,0.8571875078280778,-0.2250651204231828,0.052485651637815,0.800102036571994,-0.8040766392514294,-1.158282532991486,1.0571391060653834,1,1
1.930058556990101,0.9743480260676766,2.2916512977511334,-0.0268894716586977,2.1213345215380865,-0.714676285213442,-0.926440552809043,-0.9939322915150198,1,0
-0.662906191084019,1.1189962043557955,-0.347945177789836,0.497366582209887,-1.593095865780229,1.6901086323951378,-0.5746101793742827,-0.7805725583025346,0,2
-0.5285971635870405,-0.0251213179916662,0.9094167065078628,0.9108777035749536,-0.549802012505409,0.7103709985529653,-0.7230703947542683,0.8015099917447633,1,2
0.4549718602948071,-0.1404793667198862,-1.3741597109329655,-0.6585633570542999,1.3694373810680118,-1.087412777075293,1.0360814724195333,1.0450621400344875,1,0
-1.3259124764896342,-0.7051029411591809,1.946258704071892,-0.6580880569147997,-0.8938607818411318,-0.5129849502097592,-0.3509030055140305,-0.6497387596345007,0,2
0.5908819225566504,0.4016133388271782,-0.6720828426272774,-1.0216926636323584,0.738077836657731,-0.4680027531464815,-1.0382941397391692,-0.95971422109415,1,1
-0.4147458025299989,-0.8200103725095564,-2.472773845443475,0.2212172011603424,-0.8850837724193021,0.2388804878510446,0.602903035762863,0.2560336926826547,0,2
-0.4005143823978687,2.1666816078445112,0.7201149965105867,-0.1100669960712112,0.6298280537884984,-0.288120968234085,0.4381732077384956,1.133626557594387,1,1
-0.2957355516750602,-0.3211769352355743,1.3923021211324935,0.2264455026948432,-0.5486317445824983,0.1548385146544506,0.5093527630576667,0.1413025153891483,0,2
-0.4120774112552245,-1.5148623691459433,-1.4957113352470064,2.4351652509516994,-2.845282543294595,3.236377531862896,0.6659477847598432,0.493547357956931,0,2
-1.3235998707181629,-0.1981583910839959,-0.4083888816837029,0.8419591833474427,-0.6451788482226248,-0.0179457658101353,-1.10947369505834,-0.7322646941789526,0,2
-0.4622431672209834,-0.5311646333111619,0.1840922597814563,0.1342372756318282,-0.0565340829985816,-0.5976379668356349,-0.0356792605291296,1.043049312362672,0,2
0.2057441152308773,-1.2309734211038397,0.6643208083008629,0.7606828594929296,1.070433926764348,-1.0710086111661146,-0.9284742543895907,-0.2995067447385342,1,0
-0.6050910467972402,-0.1247077584953249,0.5812937425125839,0.4621943718868812,-0.7949731423551845,0.3405957171560945,-0.9000024322619223,-1.7004348043224011,0,2
4.039866591578402,-1.2115968738565217,1.515846395025453,1.1575584759754938,0.1353898563587604,-0.0184628025579889,3.2324791794111007,0.6747018484203617,1,0
0.6180995135593493,0.4656010064811128,0.4444651380934997,0.5700875035533987,-0.6463491161455353,1.039347380210102,-0.0438140668513206,0.0406611317983532,1,2
1.0437968682616938,-1.855979724174312,1.445439443236993,0.2815803188768521,0.7392481045806416,0.1501381805830528,-0.2329483138422611,-0.339763298174852,0,0
-1.047332427403186,1.143780160137249,0.4557568190407058,0.0985897651693224,-0.4368711579445338,0.9514981364156758,-0.6315538236296196,0.948446411787324,0,1
0.8886743888214748,-0.3522695343068522,-1.036073499043093,-0.9670331475898496,-0.1238244885659424,-0.0687563771219463,-0.6559582425961926,0.2600593480262864,1,0
0.14045747537473,-2.144374845994862,0.9711888434543428,-1.96088573928451,-0.935405293104459,-1.0159206958493316,0.5479930930880739,0.2741491417289978,1,2
0.4389615126461607,0.7517430414124392,1.3517849130278137,0.4194173593318742,0.8650519062935335,-0.1128455107116583,-0.9772830923227368,-0.8671241481906183,1,1
-0.9626554776170112,0.3209528281929933,-0.6388720163119657,0.6081115147134049,-0.2156905205144263,-0.1285446265101271,-0.6274864204685241,-0.003621076981597,0,1
0.7178973472359123,0.3268108541049733,0.3826930011470206,0.5567790996473964,-0.0489273414996625,0.3767882895058581,0.7574643558844917,-0.0418648027460986,0,1
-0.7514967814065294,1.457860472494941,-3.124370257749889,-0.6485820541247983,0.7316413630817227,-0.5763924568329164,-0.6945985726265999,1.030972346331776,1,1
-1.0875361892764537,-0.9250042215473502,0.8363528886141776,-0.4537089969297667,-0.9166810063378892,0.6796778170667369,-0.5339361477633278,0.7572277829648137,0,2
-0.2147943496735697,-1.0169301666276505,0.8204116919828274,-1.9138310254740027,-0.9740241345605096,0.3008308909120683,-1.135911815605461,0.4452394938333489,0,2
0.4300668750635794,-0.978177072133014,-0.0377560600048246,1.493120374462548,-1.728261810876406,0.4414648863282928,1.572978689684139,-1.3280616850364595,0,2
1.5346029700685335,0.2177614486665779,-1.0374019320957053,-0.6614151578913003,1.3068280471922935,0.3557307928659955,0.5907008262795767,-0.0941983222133124,1,0
-0.7370874685227478,-0.4906090693051472,-0.7657373728364564,0.4650461727238816,-1.2929221435536544,-0.4523036373480126,-1.10947369505834,-1.3803952045036731,1,2
0.064497270419485,1.3289839024313832,-0.2270577700021016,-1.991780248352015,0.4197649616260416,0.3883981146622109,-0.474958801927443,1.149729178968915,1,1
-0.7539872799296522,2.017527255777946,0.613840352301589,0.9764691228259644,1.811213521966772,-0.7866854031872573,0.9689693202614575,1.1718702833588897,1,1
-0.4264867241390063,0.9315393751724386,0.9519265641914616,-1.5483252181984437,0.580091667064797,0.4716880344073811,1.981752707374236,-1.2093048523993213,0,1
-0.3443002728759544,-0.0900102204012898,-0.8261810767303234,0.882834995344449,-2.31807684402336,4.853668479149476,0.6964533084680595,0.2379182436363116,0,2
1.078130169330458,0.2416441696923422,-1.1078088838841662,0.5700875035533987,0.7129170763151527,-0.2158768335566995,-1.1989565646024412,0.3687520423043449,1,0
0.6524328146281135,1.3907184831960948,-1.29578216082883,0.3200796301763583,1.7521149918597854,-0.1064060530338432,-0.3163300786447188,1.4798329171467228,1,0
1.0197813467887242,0.1988355187971043,1.543743489130315,-0.9484964421493466,0.5859430066793501,0.1106553743833105,2.530852134122128,0.0366354764547215,0,0
0.3501930295719985,1.3046505640277748,-0.3246975993691177,-0.3852657768417558,0.8381357440665892,-1.3103026187409803,-0.7027333789487908,1.0188953803008802,1,1
0.5764726096728685,-1.4157265460201294,0.196048157254969,-0.5164486153437767,-0.8897648441109448,-1.2884930686496945,-0.61325050940469,0.7069070911694162,0,2
-0.8374189804542655,1.1086320046653697,0.6350952811433889,0.6005067124814034,-0.5205453144326434,1.30016891783197,0.0822754311426396,-0.5651999974182332,0,1
-0.616654075654596,1.3375456326104307,1.217613174713955,-0.7122722728178085,0.4027960767438376,-0.2175219504816889,-0.5156328335383981,-0.1606216353832368,1,1
-0.7157403383245524,-0.2423188941127677,0.2033545390443375,-0.3282297601017465,-0.3672402165313518,0.2900201225478534,0.3141174113250828,0.4734190812387717,0,2
-0.1916682919588582,1.3289839024313832,1.6739299282863371,-0.3595995693087515,1.4589628771706742,-1.1085172770558696,-0.0946566063650143,2.4319004059156435,1,1
-0.1091260551925031,-0.3355966913266018,1.6241136888133696,0.4488859679808792,-0.0097233660821567,-0.3628562799693111,1.8597306125413704,1.0913571764862526,1,1
0.3459236035323595,1.4821938108985506,0.0020969315735489,-0.8534364142493313,1.5514140430806136,-0.3369574392359088,1.4956980296233242,0.1795462411536499,1,1
1.1338106005974171,-0.3256831090140205,-1.2280320751455944,0.4878605794198854,-0.6387423746466162,0.045226724109452,-1.030159333416978,-0.663828553337212,1,2
-0.0100397925225468,0.8008603355975017,0.7234360791421177,-1.5630595225229458,2.227243768561498,-1.2078823393252205,0.3954654745469927,-1.6984219766505853,1,1
-0.1605370604198234,-0.0954176289354253,0.6629923752482508,1.0629737482149784,-0.5111831710493585,0.0727706817678436,0.1290505674952379,-1.372343893816409,0,2
-0.5045816421140707,1.1167431174665727,-2.022435040607849,-1.8895907183594989,-1.2349938813695784,2.610340036893413,0.0721069232399009,1.3932813272586375,0,2
-0.8801132408506561,1.3226752591415587,0.783215566509679,2.026882431121134,1.1810242454794015,-0.5933606628306628,-0.7657781279457709,-0.4565073031401747,1,1
0.7548990395794508,-0.978177072133014,-2.579048489652472,-0.8648436175973332,1.81764999554278,-0.4159230516353931,0.0029610695012775,-0.7866110413179825,1,0
-0.9916519961362265,-1.300819114669754,1.555035170077521,1.6537718216135735,-0.4497441050965508,-1.2165309540165927,-0.4932621161523728,0.6102913629222528,1,2
1.0772407055721995,0.0902367307365537,-0.251633781475432,-0.9080959302918402,0.8989896760579416,-0.9233711179835076,-0.7006996773682431,-1.5655753503107357,0,0
-1.205301190869831,-0.9236523694138165,0.613840352301589,0.4027818544493716,-1.471388001797524,2.7005864510642525,0.8713516443951657,-1.7708837728359574,0,2
-1.267207868444597,0.7634590932363993,-0.3253618158954238,-1.0948888851153704,0.5912092123324479,-0.002857693440948,0.9486323044559802,1.2624475285906045,0,1
0.0031242710996737,0.9910208690479266,0.8263896407195837,0.1023921662853231,0.5660484519898694,-0.6637716672202029,-0.6640930489183836,0.7612534383084455,1,1
-0.7020425964473772,1.5425765395297284,-0.8128967462041989,-1.5611583219649454,-1.401171926422887,1.855184364982631,0.192095316492218,-0.5772769634491284,0,1
2.457154780133873,0.9220764102377014,2.1661143742792555,1.642839918405072,1.524497880853669,-0.177757124237663,1.1275980435441817,0.4412138384897172,1,0
0.823031963462024,-1.6518500520107045,0.2053471886232563,-2.629633035561118,-0.9892376175583478,1.7978872926522906,-1.1501477266692952,1.5623588516911742,0,2
0.3896852204386598,1.0446443370114349,0.0665259346252534,-0.7365125799323123,0.1827857072366406,1.1807334290777505,-0.4525880845414178,0.3506365932580018,1,1
-0.9301011040647634,0.1010515478048244,0.496274027145386,0.7217082480539233,-1.766295518371001,-0.1276985663772755,-0.950844971775616,0.6706761930767301,0,2
-0.3766767536765506,-0.6451708299058481,1.5131895289202286,0.9721914215704636,-0.3139930260389185,-0.9012325445072232,-1.0565974539640988,0.3164185228371312,1,2
0.077839226793357,1.2406628963738402,0.5055730585136733,-0.2450522356892329,1.390502203680403,-0.0040327769587974,-0.4139477545110107,-2.340514003959858,0,1
-0.5590168241194686,0.8639467684957473,-0.0689742367412184,0.6066856142949048,0.7415886404264628,-0.363326313376451,-1.1318444124443654,0.3687520423043449,0,1
-0.6381790986044429,0.2001873709306381,-0.4721536682091014,0.1627552840018328,0.8422316817967763,0.0955202986734095,1.4814621185594898,-0.1465318416805254,0,1
-0.4718493758101713,1.6083666766950409,0.3614380723052207,0.5767417055063995,1.5215722110463927,-0.3451830238608551,-1.174552145635868,0.622368328953148,0,1
0.044929067737806,-0.0593682387078564,-0.4156952634730715,-0.6210146460337937,0.4197649616260416,-0.8298344699626897,-0.4688576971857998,0.1413025153891483,1,1
0.813603647624488,-0.0111521792784833,0.2970090692535161,1.6038653069660658,1.0136759325031826,-0.811691180447094,-0.9467775686145204,-1.9298971589094145,1,0
3.5889084661415263,-0.5897448924309613,0.6164972184068143,0.3823439484508684,1.6549827542582036,-1.1705146834576077,-1.0077886160309528,-0.1807499121013961,1,0
-0.55261268506001,0.5413047259590071,-1.0081764049382314,0.5681863029953985,-0.2689377110068596,1.3076424490054928,1.4855295217205853,-0.3035324000821659,0,2
-0.1153523015003102,-0.3784053422218394,-0.4914159474719821,-0.6571374566357996,-0.098663728223364,-0.8031835757778638,-1.1298107108638178,0.5579578434550398,0,1
-1.3520627109824237,0.6354837579285305,-0.1427022711612098,0.1366137763293285,-0.7663015782438741,1.7510719653011684,0.4280046998357568,1.3711402228686629,0,2
-0.9882720338548456,-1.072806721480382,-0.6514921303117844,0.7711394625619311,-1.157171064496022,-0.3532205951229455,-0.047881470012416,1.0289595186599607,0,2
0.3989356435245446,0.5705948555189067,0.7533258228258984,0.0553374524748154,-0.9424269006419228,1.6801909275044882,-0.9244068512284952,-0.9637398764377816,1,2
0.7831839870920596,-1.250349968351158,-0.2522979980017381,1.6494941203580729,-0.0132341698508886,0.0322538020723939,0.3303870239694648,1.2845886329805791,0,2
-0.1994955730315298,-1.3904919728608311,0.5567177310392529,0.8894891972974505,-0.4421373635976317,-0.1662883091034522,-0.5766438809548304,0.5720476371577505,1,2
-1.158871182688756,-0.4131028803158745,1.0243261655588414,1.698925334866081,-0.1308460961034062,-0.7870144265722552,-1.1135410982194358,0.1413025153891483,0,2
-1.029543152238023,-1.4382574149123597,0.1654941970448817,0.8086881735824373,-1.3795219698490402,0.2854137951578834,-0.9305079559701386,1.5704101623784374,1,2
-1.2876655348845345,0.7292121725202088,-1.3010958930392802,0.4284480619823758,0.5057796539599725,-0.9632769542496752,-0.6457897346934539,2.417810612212932,0,1
-1.234831387644001,0.6061936283686307,-1.035409282516787,1.7231656419805852,-1.250792498328872,1.7430813973797916,-0.716969290012625,0.5136756346750896,0,2
-0.8146487082428573,-0.4631214092566261,-0.859391903045635,0.8072622731639372,-0.8575824762309027,0.8409932823971119,2.333583080808996,-0.2491860529431367,0,2
-0.0593160847300475,0.5818602899650218,-0.827509509782936,1.284938913361514,0.5625376482211376,0.7640018103076148,-1.12777700928327,-0.1606216353832368,1,1
-1.0197590508971834,-0.1269608453845478,-1.1151152656735348,-0.6656928591468011,-0.04424626980802,-0.8946520768072664,0.1026124469481172,0.7572277829648137,0,1
-0.7237455121488757,0.1213293298078316,1.2787210951341283,-1.6082130357754532,1.1043716965287558,-0.0630689728955547,0.9384637965532412,0.0084558890492988,0,1
-0.818562348779193,0.54941583876021,-0.5259552068399064,-0.0777465865852059,-1.2829748662089142,1.801600556568696,0.3710610555804198,0.227854105277232,0,2
0.8762218962058604,-1.1746462488732634,1.137242975030901,-0.0359201743091992,-0.3707510203000836,-0.5733372396865078,1.4753610138178468,0.1352640323737004,1,2
0.4882378048536615,0.6746874698010114,0.8064631449303968,0.1508727805143309,1.0944244191840156,-1.0416315232198778,-0.6620593473378358,0.0607894085165118,1,1
-1.1522891508776458,1.084298666261761,-1.4864123038787191,-0.3833645762837554,-0.1934554299791244,-0.4882611929942063,-0.466823995605252,2.097771012394203,1,1
-0.8109129604581731,-0.7596276438783787,-0.7464750935735757,-0.5801388340367871,-1.884492578584973,-0.1623870318241917,1.4814621185594898,0.4069957680688473,0,2
1.8492952477402624,-0.4865535129045459,-0.1307463736876976,-2.355860155209074,0.7058954687776888,-0.1739498536398307,-0.9000024322619223,0.3385596272271067,1,0
0.5047818307572627,-0.2405164246013894,1.3996085029218623,0.1380396767478289,-0.4637873201714783,-0.9386472037155504,-0.6661267504989313,-0.5913667571518397,1,1
-0.2943124096618472,-0.0544114475515658,0.1588520317818198,2.18895977869066,0.2050207977719425,-1.3720650084391484,0.2266682433615297,1.6287821648610985,0,1
-1.1827088114100743,-0.6321029259483544,0.7294140278788741,-0.1642512119742198,-0.2923430694650721,0.303745098036335,-0.8410250864260377,-0.1908140504604757,0,2
-0.6408474898792172,0.369619505000211,0.1522098665187578,0.3158019289208575,-0.2701079789297702,0.7850593069474774,-1.1643836377331294,-0.6819440023835551,0,2
-0.7772912303960154,-0.8623684060269495,0.1130210914666899,-0.5497196251087821,-1.3239342435107857,-0.4634904324379396,-0.9711819875810934,0.3788161806634246,1,2
-1.0197590508971834,0.852681334049632,-1.417998001669177,1.1447253722089914,-0.0126490358894332,1.3445870748066802,0.1371853738174289,0.5740604648295667,0,1
-0.5291308418419953,0.5237306482230674,0.5248353377765544,1.4246771543745365,0.7433440423108288,-1.1224302659072072,0.0436351011122325,-1.9258715035657816,1,1
-0.5364244446597121,1.6971383001304288,0.0539058206254351,0.5715134039718988,0.2769922750309457,0.9861866018625924,1.5485742707175656,1.4697687787876426,0,1
-0.7287265091951213,1.6917308915962934,-1.0207965189380497,-0.6623657581703003,0.9387787854369029,-0.8551222672668104,-0.5502057604077097,0.8961128923201112,0,1
-0.5504779720401907,0.0321070889945991,0.5567177310392529,0.2982158237593548,-0.4046887900644917,-0.3884260973177156,1.021845561355699,-0.5410460653564422,1,1
0.0202019752582298,-0.8975165614988291,1.2023361946089113,-0.0382966750066996,-0.8646040837683663,2.357462063852208,-1.142012920347104,-1.6762808722606104,0,2
1.2610039180283308,1.314564146340356,-0.6189455205227788,-0.264064241269236,0.7082360046235101,-0.0962533314396237,-0.8288228769427513,-0.9878938084995726,1,0
-0.2332951958453391,1.261391295754692,1.157169470820088,1.1941565867169994,0.6491374745165237,-0.3148188657596248,0.7533969527233962,0.5579578434550398,0,1
-0.2295594480606547,-0.5667634061608859,0.1933912911497436,-0.4822270052997713,0.471256750234109,-1.2792804138697542,-0.3041278691614322,-0.5168921332946511,1,1
-0.8144708154912057,0.813027004799306,-1.1543040407256029,-0.9090465305708402,1.330233405650506,-1.105650073272317,1.658394156067144,0.6827531591076252,1,1
-0.0393920965450651,0.6147553585476785,0.643065879459064,-0.8928863258278377,0.9060112835954052,-1.1197980788272244,-0.1271958316537783,0.5478937050959602,1,1
0.4642222833806919,0.3033787504570535,-0.0543614731624804,0.7749418636779318,1.0768704003403562,0.4023111035135485,0.3425892334527514,1.0148697249572494,0,0
-0.6887006400735051,-1.002510410536623,0.502916192408448,-1.1153267911138736,-1.5351676035961532,1.1504632776579478,-0.4383521734775836,0.8639076495710567,0,2
-0.9843583933185096,-0.3973312720913131,-0.987585692622738,-1.1405176985073775,0.5859430066793501,-1.2617011644427265,-0.8166206674594647,-0.7926495243334297,0,1
-0.6015331917642076,-0.5843374838968257,-1.2459659213558625,0.4522130689573796,0.0341616810269915,-1.014698608990768,2.3498526934533785,1.717346582420999,0,1
-0.8913204842047086,-0.3310905175481556,1.387652605448351,0.7259859493094241,-0.3180889637691058,0.1948383576020465,1.1479350593496591,-0.0096595599970442,0,2
0.7541874685728444,0.8756628203197067,-0.916514524307971,-0.2635889411297361,1.4051305527167857,-0.4976618611370021,-0.1251621300732304,-1.638037146496108,1,0
-0.7265917961753017,-0.5829856317632919,-1.052678912200749,0.2568647116228479,-0.9646619911772244,-0.4621743388979482,-0.3264985865474575,-0.104262460572392,1,2
-0.5638199284140627,0.3191503586816149,-1.307073841776036,-0.3225261584277454,-1.5726161771292932,-0.0147025353008708,-0.847126191167681,0.5579578434550398,1,2
1.462378512897973,1.3560209451020602,0.6350952811433889,-2.6876196525801275,0.4706716162726537,0.5169522515149426,-1.0708333650279331,0.0567637531728801,1,0
-1.1896466287244876,1.233002400950482,1.0555443422952342,-0.3710067726567534,-1.123233294731614,2.67078633305159,0.2856455891974144,0.9846773098800105,0,2
0.2379427032798216,1.4164036737332373,1.1159880461891012,-0.6371748507767964,1.618119314686519,-1.0426655967155856,-0.5583405667299007,-0.9818553254841248,1,1
-0.2300931263156097,-0.9065289090557213,1.1983508954510746,1.4208747532585364,0.0809723979434164,-0.0329398314978945,-0.2980267644197891,0.2459695543235751,1,2
-0.64333798840234,-0.1517448011660014,-0.5352542382081936,0.5453718962993948,0.6491374745165237,1.037044216515117,0.2348030496837207,-1.142881539229397,0,1
-0.921740144737137,-0.2720596410505118,-0.8859605640978847,-0.0953326917467089,-0.1191434168742999,1.1895230537912642,-0.2614201359699295,-0.6215591722290786,0,2
2.2632516808335987,0.4809219973278297,-0.2144376560022828,-1.556880620709445,1.8264270049646096,-0.8478367494561436,2.0997073990460056,-0.2371090869122415,1,0
-0.7925900070380554,0.8652986206292811,0.9446201824020932,-0.8738743202478346,0.5631227821825929,-1.248963259109238,1.4224847727236054,-1.0905480197621833,1,1
-0.4951533262765345,1.820607461659852,-0.5000507623139633,0.0173134413148092,0.4068920144740248,2.352432706395812,1.0401488755806287,0.8075484747602113,0,1
-0.3683157943489242,1.6728049617268204,-1.3688459787225158,1.5834274009675626,1.157033753059734,-1.050092124548394,-0.7149355884320773,-0.4303405434065674,1,1
-1.191781341744307,-0.2351090160672538,-0.8202031279935675,1.215069792855003,0.0897494073652461,-0.957119516616144,-0.725104096334816,-1.5233059692026016,1,1
0.3523277425918181,0.8783665245867744,1.9940822939659408,-0.5772870331997867,0.9159585609401456,-0.9466847749776408,1.8576969109608232,0.0889689959219346,1,1
0.1909790168437923,-0.5226029031321144,-0.4927443805245947,-0.0520803790522019,0.1394857940889476,-1.2781053303519048,-0.2227798059395224,-0.1264035649623668,1,1
-1.0019697757320207,0.4349590247876794,-0.7644089397838437,0.3823439484508684,-0.3485159297647818,-1.116695858340102,-0.0905892032039187,2.176271291595023,1,1
0.1452605796693239,-0.9259054563030392,1.268093630713229,-0.2540829383397345,-0.788536668779176,-0.5230436651225506,-0.8755980132953494,0.5317910837214326,1,2
-0.4359150399765426,-0.6704054030651462,1.6540034324971502,0.1998286948828389,-0.9564701157168504,-0.5846650447985768,-0.5766438809548304,0.5901630862040943,0,2
0.2840169259575932,0.8918850459221126,-0.1400454050559849,-0.6381254510557964,-0.4632021862100229,0.2475761058831305,0.8937223617811908,0.7934586810574998,0,1
-0.3160153253633457,-0.2571892675816398,1.008384968927492,-1.8263757998059884,-0.5901762558458254,1.5749504476458898,-0.2695549422921205,-1.2012535417120578,0,2
-0.9964551004308204,1.071681379682112,-0.7703868885206,-0.3852657768417558,-0.3414943222273182,0.4828278261565941,-0.2227798059395224,-1.4166261025963591,1,1
0.952537886664409,0.9585764178431148,0.969196193875424,-0.9214043341978424,1.4560372073633976,-0.528919082711798,-0.2390494185839044,-0.1888012227886595,1,0
-0.0505993398991178,0.0627490706880325,-1.021460735464356,0.715529346240422,-1.471388001797524,3.542698303295895,1.4041814584986756,0.1473409984045955,0,2
0.920517191367116,1.3492616844343908,0.8476445695613836,0.2563894114833479,2.2167113572553023,-1.2389515475371606,0.3100500081639874,-1.7467298407741672,1,0
-1.1056812499449196,-1.1160659897534644,-0.0184937807419444,-0.3006623520107419,-1.8406075314758257,1.1339651050673412,-0.4973295193134683,0.8538435112119771,0,2
-1.175237315840706,0.5530207777829669,0.7759091847203106,0.0078074385248077,-1.6311295732748243,1.7191096936156625,-0.7962836516539872,-1.0281503619358905,0,2
-0.524505630299053,-0.7370967749861482,-0.4801242665247759,0.1361384761898285,-1.824808914516532,1.8089800810607897,1.271990855763072,-0.4685842691710699,0,2
0.5188353581377414,1.375397492349378,-1.3993999389326024,0.9550806165484608,2.001382059439748,-0.2695546486520633,-0.7535759184624845,-0.7483673155534802,1,0
-1.1019455021602351,-1.966831599124086,-0.416359479999378,-1.1761652089698833,-1.02141998543839,-1.3882811609854708,-0.5949471951797602,0.8075484747602113,0,2
1.09147212570433,1.4087431783098796,0.6443943125116762,0.6256976198749078,1.542637033658784,-0.8738766002116878,-0.4241162624137494,0.0124815443929305,1,0
-0.44000657326453,0.578255350942265,-0.5844062611548546,-0.2678666423852368,-0.1893594922489372,-0.5417979980674282,-0.0295781557874863,-0.3659300579084586,0,1
-0.7127161615464747,0.571496090274596,0.550075565776191,0.0291959448023111,0.420350095587497,-0.676932602620117,0.3283533223889171,0.3445981102425539,0,1
-0.420438370582851,1.5885395120698782,-0.870019367466535,-1.0820557813488685,0.3869974597845442,-0.63928292670822,1.0625195929666538,-1.6481012848551877,1,1
1.2972940393652628,-1.2224116909247922,-0.2004891089498524,-0.2388733338757321,1.2003336662074269,-0.8484947962261393,-0.8959350291008268,-0.5128664779510195,1,0
-1.1533565073875558,1.2695024085558952,-0.0244717294787007,-0.7612281871863164,-0.621188355802957,-0.3840547866313156,2.0529322626934072,-1.4427928623299655,0,1
-1.0688574503530328,-1.1449055019355192,-2.3180113948141225,1.2107920915995023,-2.003274772760402,0.2968356069513803,-0.2736223454532161,-1.2998820976310368,0,2
-0.1073471276759869,-0.9556462032407836,-0.1161336101089606,-1.5245602112234398,-0.3888901731051984,0.2766241704443694,-0.733238902657007,0.3647263869607132,1,2
-0.6703776866533875,-1.059738817522888,-0.0570183392677058,0.2350009052058444,-1.2209506662946512,0.4736151713766544,-0.3427681991918395,1.361076084509584,0,2
-0.411365840248618,-0.5879424229195829,2.2916512977511334,0.4831075780248847,-0.1331866319492274,-0.7875314633201089,-0.0987240095261097,2.762004144093451,0,1
-0.1379446809600668,-0.7988313557508596,-0.7996124156780742,1.2915931153145157,-0.8429541271945199,0.3087274521520168,0.110747253270308,0.3063543844780522,0,2
0.0958063947101715,0.9653356785107844,-0.4356217592622587,0.2896604212483533,1.495826316742359,-1.2725589361476553,1.5140013438482538,-0.1022496329005758,1,1
-0.5666662124404886,-0.5978560052321642,-0.5365826712608058,-0.2412498345732322,-0.0372246622705564,-0.5703760292215272,0.5012179567354755,-1.4246774132836229,0,2
-0.106813449421032,0.8607924468508347,0.6875683867215807,0.901847000924452,0.7603129271930328,0.2414656715903132,-0.4973295193134683,-1.3824080321754886,1,1
0.0757045137735377,-0.4721337568135184,-1.8962339006096645,-2.14292569271304,0.0599075753310252,-1.0028067637901317,0.1737920022672883,1.3872428442431912,0,1
1.1250938557664871,0.4124281558954489,-0.2728887103172315,-0.6248170471497945,0.975057091047132,-0.8442644955618812,0.7371273400790143,0.5519193604395919,1,0
-0.2348962306102038,-0.3238806395026418,0.2990017188324349,-0.8135112025313249,-0.2613309695079406,0.8150944416637097,0.2632748718113891,0.6082785352504374,0,2
-0.6840754285305627,-1.250349968351158,1.7715697576533531,-0.2341203324807313,-0.1349420338335933,-0.1918111231111424,-0.7454411121402935,0.1815590688254662,0,2
0.5946176703413347,-1.430146302111157,0.3866783003048572,0.5700875035533987,-1.0179091816696575,-0.5328203599910583,-0.580711284115926,0.8256639238065543,1,2
-0.9713722224479407,1.5520395044644648,0.5587103806181717,-1.179017009806884,1.3670968452221903,-0.5449472218952647,0.0599047137566143,0.5780861201731985,1,1
0.3510824933302569,-0.312164587678682,0.6384163637749198,0.9151554048304544,0.8276033327603934,-0.6165803131433684,-0.798317353234535,0.6726890207485455,1,0
2.0262985356336314,-0.6208374915022392,0.1395897525189386,-0.8363256092273286,0.5584417104909504,1.1552576184107737,0.2022638243949567,0.859881994227425,0,0
-0.470070448293655,0.447125693989484,-1.3416131011439605,0.8728536924149475,-0.5041615635118947,-0.3208352933710141,0.0131295774040162,0.2016873455436247,0,1
-0.9391736343989964,-0.1548991228109134,-1.7680401110325614,0.1722612867918344,-1.250792498328872,-0.2729388891834698,-0.5115654303773025,0.2399310713081271,1,2
0.2847284969641998,-1.568035219731607,1.1956940293458491,0.4631449721658815,-0.380698297644824,-0.2196371008138179,-0.9467775686145204,0.2479823819953905,1,2
-0.599932156999343,-0.4518559748105109,-0.5903842098916109,0.1171264706098254,-0.4637873201714783,-0.6005991773006155,2.301043855520232,-0.1123137712596555,0,2
-0.6588146577960318,1.3555703277242157,-1.263899767566131,1.8481695786691053,0.5403025576858358,-0.2774982132327257,-0.3814085292222468,1.675077201312865,0,1
-0.1301173998873953,0.9626319742437164,-1.8384470628210223,0.6394813239204101,0.527429610533819,-0.9917609787223464,-0.0377129621096773,-0.953675738078702,1,1
1.7224577158126522,-0.7681893740574265,-0.1280895075824727,-1.0354763676778609,0.877339719484095,-0.8261212060462856,0.175825703847836,-1.2515742335074551,1,0
-0.0111071490324566,-0.5334177202003851,-0.6309014179962911,-0.6699705604023015,-1.3923949170010572,3.558914455842218,-0.6112168078241421,-0.1767242567577643,0,2
-0.4444538920558207,-1.1759981010067972,-0.251633781475432,1.0781833526789808,-1.1325954381148993,-0.2178509738666867,-0.2044764917145927,0.487508874941483,0,2
2.51906145770864,-0.3932757156907118,0.7021811503003178,-0.3976235804687577,-0.0530232792298497,2.356616003719356,0.0395676979511369,-1.6803065276042422,0,0
3.4401901257607657,-0.4320288101853481,-1.3940862067221529,-1.1528755021343795,0.4267865691635054,1.2899221895563229,-0.967114584419998,-0.9355602890323588,1,0
2.0401741702624583,-1.1228252504211336,0.4809970470403423,0.8262742787439403,-0.4532549088652826,2.873840764935978,-0.0621173810762503,-0.1485446693523416,0,2
-0.3202847514029848,0.0032675768125441,-1.0374019320957053,0.6375801233624095,1.1564486190982786,-1.2102325063609196,-1.1013388887361493,0.576073292501383,1,1
-1.1677658202713377,0.0469774624634711,0.6204825175646519,0.4184667590528742,-0.2268080657820772,-0.0497200241327849,-0.8694969085537061,0.0265713380956419,0,1
-0.4264867241390063,-1.1566215537594793,0.2956806362009039,0.273975516644851,-2.797886692416715,4.635431968214473,-0.8796654164564449,-0.2250321208813457,0,2
-0.6984847414143446,1.057261623591084,-1.0945245533580414,1.3814248416800294,-0.2999498109639911,0.7361758326049394,1.141833954608016,0.3506365932580018,0,1
-0.3491033771705484,0.151971311501265,1.0761350546107276,-1.012661960981857,0.0464494942175531,-0.1499311465349875,1.158103567252398,-1.8493840520367777,1,1
0.0454627459927609,-0.8565103801149696,-0.6136317883123291,-1.3634334639329138,-0.1320163640263167,-0.566521755282981,0.1453201801396199,-0.4645586138274381,0,2
0.8854723192917453,-0.4937633909500594,1.44411101018438,-1.254114431847896,0.7796223479210581,-1.1181529619022352,-0.7474748137208412,-0.8047264903643256,1,0
-1.0286536884797648,-0.5550473543369262,-0.1101556613722042,-0.0549321798892023,-1.0641347646246275,0.7811580296682172,-0.4546217861219656,0.6847659867794414,1,2
-0.278657847516504,0.4885824927511877,0.2823963056747791,-1.246984929755395,-0.0635556905360453,0.414202948714185,0.0538036090149712,-0.0398519750742831,0,1
-0.1301173998873953,-1.0908314165941662,1.561677335340584,0.7611581596324296,-1.446227241454946,1.3439290280366845,0.5642627057324558,-0.5712384804336811,0,2
0.9173151218373864,-0.1053312112480067,-0.1646214165293154,-0.2669160421062365,0.1488479374722326,0.2395385346210402,2.2095272843955835,-0.0619930794642579,1,0
-0.8833153103803854,0.6602677137099842,1.0661718067161337,-0.7954497972303219,0.6637658235529065,0.7730734550654127,0.918126780747764,0.2701234863853654,0,1
-0.8267454153551679,0.9747986434455208,1.143885140293963,-0.2274661305277302,0.2407139694207164,-0.8503749298546984,0.3791958619026108,-0.1928268781322912,0,1
-0.9510924487596554,-1.164732666560682,-0.6920093384164646,1.2136438924365025,-0.630550499186242,-1.3035341376781675,1.076755504030488,-0.66986703635266,0,2
-1.2556448395872415,0.4354096421655239,-0.3745138388420852,1.0539430455644767,0.7720156064221391,-0.9441935979198,-0.6823963631433133,-1.4186389302681748,1,1
-0.0207133576216443,0.557526951561413,0.4318450240936815,-0.90857123043134,0.4613094728893688,0.5592082548168095,-1.160316234572034,-1.0623684323567604,1,1
-0.0961398843219342,0.8278973782681787,-1.3794734431434157,-1.6647737523759625,-1.779168465523018,2.58585129638143,-0.9528786733561636,2.176271291595023,0,2
-0.6253708204855257,0.3182491239259259,0.5593745971444783,-1.2232199227803913,-0.3713361542615391,1.3106036594704735,1.658394156067144,1.1034341425171486,0,1
-0.2537528622852761,0.2294775004905376,0.6849115206163563,-0.6276688479867949,-1.1805764229542346,1.371708002398646,-0.523767639860589,0.0024174060338509,0,2
0.1610930345663187,-1.160226492782236,-1.4824270047208816,0.3224561308738587,-0.5644303615417918,-0.9670372215067936,-1.0769344697695764,-0.4484559924529105,0,2
-0.8922099479629667,0.1398046422994607,-0.0111873989525759,1.9189892994546167,-0.8523162705778048,0.2714538029658316,-0.5644416714715439,0.1835718964972817,0,2
-0.3594211567663428,-0.0102509445227942,-0.930463071360402,0.7007950419159196,-0.1507406507928868,-1.0668253138425705,-0.8857665211980881,0.4754319089105879,0,1
0.6293067569134018,0.6458479576189564,0.783215566509679,-0.5616021285962841,-0.6264545614560548,0.4755893116866412,0.2612411702308414,-1.5696010056543674,0,1
-0.6031342265290723,-0.2134793819307127,0.1143495245193021,-1.629126241913457,-1.12498869661598,-0.2057711153031942,-0.741373708979198,-0.995945119186836,1,2
1.538694503356521,0.9797554346018114,-0.4661757194723455,-0.5330841202262795,1.4308764470208195,-0.2920222455133451,-0.7312052010764593,0.2600593480262864,1,0
2.0460446310669624,-0.6744609594657476,-2.61292353249409,-0.276897345035738,0.7772818120752367,-0.2469930451093536,-0.7312052010764593,-0.535007582340995,1,0
0.9482684606247698,0.100150313049135,-0.3200480836849741,-0.8548623146678315,0.1301236507056626,-1.2655554383812726,0.143286478559072,-0.6859696577271875,0,0
-0.441429715277743,-0.5144917903309115,0.3654233714630582,-0.2873539481047399,-0.8435392611559751,-0.0045498137066513,-0.3000604660003368,0.4734190812387717,0,2
-0.3622674407927689,0.8680023248963489,0.5832863920915027,-0.8116100019733246,0.6151997047521157,-1.0993046222759295,0.4198698935135656,0.7310610232312073,1,1
0.9007710959337856,-0.8533560584700574,-0.3884623858945161,0.6613451303374134,-0.6129964803425826,-0.8351458474633694,-0.7352726042375548,-0.7926495243334297,0,2
1.3857067369361216,-0.0557632996850996,-1.5441991416673613,0.6038338134579041,1.382895462181484,-0.944287604601228,-0.3692063197389602,1.4295122253513253,1,0
0.2324280279786214,-0.0927139246683576,-1.3881082579853965,0.8942421986924511,-0.3760172259531815,0.4256717638483958,-0.9142383433257566,-1.2576127165229034,0,2
-0.5657767486822306,-1.3986030856620342,-1.421319084300708,0.9912034271504668,-0.4357008900216234,-0.9567904932311464,0.983205231325292,-0.1686729460705009,0,2
-0.2058997120909883,0.8680023248963489,-0.462854636840814,0.2953640229223541,0.0844832017121483,-0.7050406003670763,0.853048330170236,-0.3780070239393545,1,1
