rainfall,soil_moisture,humidity,ndvi,ndwi,elevation,slope,temperature,flood_probability_latent,flood_label
148.99,23.75,57.35,0.477,-0.0909,270.17,10.57,36.33,0.5074,1
82.84,34.17,72.73,0.2638,-0.0751,232.69,4.48,27.49,0.6587,0
84.28,33.46,59.86,0.2449,-0.0208,170.95,17.97,19.42,0.3795,1
9.76,39.81,71.44,0.502,-0.0753,166.45,5.42,31.5,0.0714,0
63.98,44.48,74.44,0.5837,-0.2165,562.42,0.48,26.07,0.0519,0
85.32,29.34,64.72,0.8786,-0.2827,970.07,6.39,20.28,0.0057,0
39.47,75.36,75.33,0.2001,-0.0124,627.16,13.29,32.97,0.0545,0
11.18,60.53,48.88,0.5014,-0.1331,606.37,11.82,23.74,0.0168,0
51.51,79.25,59.35,0.2438,0.1114,23.21,5.13,32.02,0.8021,1
37.74,58.59,82.41,-0.0054,0.0107,223.77,5.61,31.25,0.7157,0
87.43,37.51,71.92,0.1263,-0.1447,536.96,4.26,29.64,0.1564,0
28.66,52.16,76.39,0.5899,-0.1938,216.12,1.4,30.31,0.4672,1
65.47,68.6,89.66,0.3264,0.0247,174.94,4.03,27.0,0.853,1
126.9,74.45,38.7,0.6375,0.1054,105.9,5.29,24.39,0.9417,1
122.02,74.86,70.86,0.393,-0.0536,623.61,3.04,28.9,0.4451,0
7.86,38.77,69.72,0.2352,-0.2208,52.89,5.13,22.29,0.2843,1
103.04,26.9,50.05,0.5354,-0.1319,104.8,1.55,29.08,0.7247,1
78.2,53.97,65.38,0.4254,-0.1989,78.72,3.77,33.83,0.7594,1
115.88,68.29,79.21,-0.0089,0.0944,336.73,2.51,37.37,0.8554,1
192.96,56.23,38.15,0.4634,0.0958,303.29,2.72,22.85,0.9392,1
107.27,16.5,63.63,0.7499,-0.116,167.49,3.35,30.4,0.3459,0
81.13,62.06,57.75,0.6732,0.0897,325.66,3.59,22.32,0.6649,0
54.18,47.2,43.32,0.2692,-0.0825,52.74,5.67,24.35,0.8563,1
84.49,57.87,46.5,0.2257,0.0896,60.94,8.07,32.56,0.8138,1
146.31,32.51,74.84,0.8429,-0.0091,51.63,7.19,31.38,0.8702,1
41.64,32.77,66.37,0.4607,-0.1264,270.54,1.26,30.87,0.1243,0
53.44,34.83,33.06,0.2791,-0.1096,575.7,2.71,34.21,0.0613,0
211.35,50.48,91.71,0.3958,0.1737,67.75,4.14,22.63,0.9889,1
79.58,40.2,46.68,0.7503,-0.0083,126.79,1.91,14.15,0.5035,0
125.19,44.26,43.7,0.1591,0.0777,186.33,7.51,28.63,0.5548,0
2.36,57.78,71.47,0.459,-0.1258,329.64,0.93,28.11,0.1865,0
155.18,27.5,83.01,0.4423,0.0042,373.72,1.06,23.82,0.7404,0
23.17,81.26,77.57,0.3922,-0.0301,224.0,12.41,29.46,0.4173,0
74.84,43.61,72.45,0.3288,-0.3643,1249.24,11.73,25.37,0.0029,0
162.21,32.44,61.09,-0.0122,0.0568,229.72,1.69,22.87,0.8651,1
66.0,19.86,92.05,0.5502,-0.0397,171.22,1.44,24.0,0.5154,0
28.73,73.21,67.36,0.6647,-0.0172,360.47,4.31,29.3,0.487,0
101.3,41.68,53.41,0.4201,-0.0398,67.35,1.04,26.99,0.8974,1
211.88,42.46,78.19,0.4809,0.1102,461.87,5.35,21.35,0.8904,1
37.25,88.76,63.61,-0.1101,0.0904,303.05,1.42,37.1,0.7979,0
33.49,54.88,61.06,0.4957,-0.2143,223.6,6.61,30.45,0.5706,1
38.79,34.9,62.12,0.6679,-0.2421,396.5,8.28,28.26,0.0768,0
69.83,52.63,50.93,0.6546,0.0482,74.51,5.18,35.19,0.7107,1
71.46,22.19,67.24,0.286,-0.1637,149.12,7.83,26.28,0.3177,0
22.4,44.25,72.15,0.4999,-0.1596,240.81,3.3,29.61,0.2039,0
76.71,53.73,85.23,-0.0115,-0.0352,333.08,7.46,27.0,0.4972,0
22.22,23.22,60.93,0.1164,-0.1276,189.54,0.05,25.73,0.1223,1
43.56,87.89,77.81,0.4034,-0.0497,529.37,4.5,27.35,0.345,0
38.52,46.86,77.31,0.1708,0.1348,249.07,7.02,28.18,0.497,1
63.48,56.72,85.77,0.552,-0.0405,58.81,6.11,27.63,0.5255,0
71.47,23.05,76.55,0.2608,-0.298,607.18,4.46,27.96,0.0358,0
94.81,50.77,83.03,0.3442,0.0926,277.4,3.51,25.85,0.7924,1
53.86,68.82,78.28,0.2228,0.1826,288.25,3.01,32.08,0.7225,0
16.0,41.42,70.26,0.1901,-0.1121,67.76,4.58,31.1,0.7078,1
201.56,53.23,73.67,0.6935,0.0785,225.66,7.51,26.83,0.9054,0
48.79,15.26,75.58,0.5179,-0.2349,23.37,7.72,26.49,0.3865,0
10.58,29.15,65.81,0.7088,-0.1369,146.2,2.12,24.05,0.1579,1
39.2,46.1,71.85,0.3143,-0.221,225.06,4.03,29.17,0.1781,0
51.62,29.34,41.27,0.5435,-0.392,778.57,0.94,25.72,0.0115,0
94.43,5.72,55.32,0.1907,-0.1916,356.29,0.74,33.91,0.5508,1
142.91,54.72,95.93,0.458,0.0351,173.14,7.23,29.99,0.8234,1
115.79,72.08,90.79,0.3578,0.0414,399.94,3.66,24.68,0.7281,0
42.8,50.22,66.35,0.72,-0.0801,259.07,8.81,32.7,0.5425,1
80.91,42.17,59.62,0.4614,0.0458,85.17,8.16,23.14,0.5605,0
29.14,63.18,55.98,0.2946,-0.2607,464.89,6.93,32.3,0.119,0
35.12,21.12,64.48,0.4661,-0.3659,826.8,3.23,22.03,0.004,0
28.91,7.79,62.94,0.2971,-0.1141,92.69,3.85,30.52,0.3487,0
137.78,54.85,36.13,0.3182,0.1087,282.78,6.62,22.55,0.7121,1
32.6,51.14,81.78,0.4341,-0.2757,1072.0,1.85,32.2,0.007,0
28.52,37.64,70.48,0.5437,-0.1374,88.83,0.96,23.91,0.4382,0
73.58,41.82,57.76,0.3603,-0.0407,738.74,9.69,30.31,0.0171,0
22.25,17.66,80.79,0.358,-0.1548,268.93,2.45,18.44,0.1829,1
47.77,49.33,52.01,0.7224,-0.4937,1291.72,10.64,29.93,0.0004,0
20.04,31.76,53.09,0.1725,-0.2412,258.84,3.43,26.48,0.0642,1
31.91,40.75,95.08,0.4472,-0.3344,442.5,4.19,22.54,0.1053,0
175.76,93.15,83.49,0.6499,0.1939,112.62,1.45,25.52,0.994,1
38.45,15.92,100.0,0.3435,-0.1357,270.36,10.29,34.73,0.3289,0
117.61,39.24,53.1,0.4856,0.0909,43.93,1.98,19.41,0.8855,1
30.21,43.24,67.23,0.5577,0.0635,59.91,5.17,24.82,0.5425,1
88.9,38.48,58.7,0.4339,-0.1752,67.71,1.78,30.48,0.896,1
70.92,49.09,42.19,0.3639,-0.0139,204.63,11.6,23.62,0.6303,0
163.52,41.95,85.21,0.2598,-0.1088,137.65,0.92,32.83,0.9013,1
25.34,37.65,39.86,0.6483,-0.3722,364.15,4.59,27.39,0.1136,0
73.99,58.41,52.13,0.1876,-0.1515,168.78,10.73,27.68,0.7902,0
256.88,52.52,100.0,-0.1417,0.2191,71.59,8.84,29.88,0.9988,1
24.19,65.17,69.87,0.353,-0.1079,662.93,10.05,26.74,0.0633,0
222.37,49.07,78.67,0.2242,0.1319,247.5,0.18,23.93,0.985,1
74.23,36.34,59.72,0.5654,0.0446,140.18,7.89,26.12,0.5916,1
74.62,46.65,86.29,0.0061,-0.2745,581.93,2.65,24.43,0.3726,0
53.3,38.08,82.46,0.0289,-0.137,347.8,4.89,18.71,0.3935,0
57.33,69.21,77.01,0.2502,-0.1093,195.58,6.42,16.24,0.5954,0
234.92,71.89,53.28,0.4677,0.0449,613.98,1.71,21.46,0.8038,1
35.37,43.43,48.76,0.24,-0.2271,548.46,4.54,32.91,0.0754,0
196.75,56.03,45.47,0.5008,0.2386,145.21,1.13,31.26,0.9691,1
34.59,62.79,58.09,0.0971,-0.1338,689.84,2.17,21.42,0.0484,0
9.33,52.3,68.83,0.9084,-0.1207,279.53,3.03,39.95,0.1601,0
27.36,55.81,65.14,0.7562,-0.1298,587.87,1.07,26.9,0.0589,0
99.79,76.44,78.22,0.6844,0.0829,97.86,8.64,32.67,0.9099,1
90.41,40.0,64.56,0.3903,-0.0903,115.19,7.42,21.99,0.3881,1
144.39,74.56,48.86,0.3337,0.1824,47.13,5.86,18.98,0.9886,1
225.96,59.68,69.75,0.1945,0.114,179.86,21.71,38.98,0.9883,1
47.11,53.98,100.0,0.6053,-0.1295,110.09,0.9,25.44,0.7363,1
129.51,34.19,79.21,0.463,-0.2053,633.5,10.29,22.87,0.1183,0
23.13,48.42,74.87,0.4865,-0.3493,361.69,5.77,21.55,0.0795,0
79.25,68.71,80.0,0.4434,0.09,174.26,22.78,30.47,0.3868,0
16.49,42.24,69.79,0.4212,-0.212,361.87,1.53,28.34,0.1554,0
55.05,27.95,43.03,0.1895,-0.1413,32.33,4.53,19.42,0.7401,1
101.82,69.26,70.73,0.6945,-0.066,150.1,2.38,31.78,0.9074,1
18.03,15.43,53.4,0.6609,-0.4168,783.86,9.89,27.0,0.0025,0
46.27,54.04,54.95,0.3877,-0.0797,230.68,1.19,29.2,0.706,0
28.18,9.42,59.03,0.4317,-0.3982,558.47,3.74,28.15,0.0209,0
113.84,71.32,54.48,0.4253,0.0298,446.21,2.02,25.07,0.6216,1
126.86,50.25,48.84,0.7633,-0.1031,372.1,3.28,33.15,0.7035,1
113.15,62.41,94.42,0.8506,-0.019,374.01,7.88,27.84,0.7887,1
17.27,46.85,76.41,0.1448,-0.3029,220.48,7.25,31.64,0.1955,0
70.6,45.73,68.44,0.4372,-0.2235,147.62,3.03,25.28,0.7841,1
83.67,20.79,64.55,0.4699,-0.1351,95.8,6.63,25.32,0.6354,0
81.54,26.29,74.29,0.5066,-0.0699,68.47,0.92,23.76,0.4967,1
93.96,44.32,62.84,0.5007,-0.0993,142.9,0.2,24.57,0.6287,1
38.37,64.02,83.44,0.7093,-0.1335,223.5,2.19,31.64,0.8038,1
56.55,49.25,75.28,0.53,-0.0996,12.64,1.8,29.28,0.8731,1
28.64,7.83,73.67,0.6032,-0.2776,92.29,3.88,25.58,0.2056,0
78.13,36.21,84.21,-0.094,0.0848,55.64,4.33,31.89,0.8917,1
95.35,23.19,50.89,0.3715,-0.1394,348.18,6.36,30.24,0.1712,0
65.8,70.69,54.19,0.4824,-0.1192,410.02,10.87,26.85,0.2724,0
45.12,15.56,67.11,0.4886,-0.2377,439.81,15.91,26.95,0.0836,0
178.87,29.43,48.48,0.4113,0.2141,39.07,14.0,24.72,0.9562,1
120.29,17.46,52.92,0.6073,-0.2754,354.92,3.76,22.95,0.2778,0
120.13,17.43,54.61,0.1259,0.0458,253.79,4.68,28.16,0.4335,0
108.2,91.42,77.79,0.6277,-0.0846,953.34,2.28,33.58,0.1385,1
106.46,69.75,37.93,0.4178,0.0703,40.81,9.71,28.58,0.9224,1
58.56,18.21,27.39,0.4459,-0.1057,116.28,13.5,32.47,0.1414,0
222.56,41.88,50.07,0.553,0.2851,174.1,4.11,34.8,0.96,1
235.1,17.47,69.99,0.1345,0.2068,160.03,6.26,25.38,0.9199,1
41.66,49.32,71.13,0.3232,-0.2893,201.78,6.46,36.01,0.3404,0
18.6,77.65,67.56,0.5588,0.0239,239.43,1.38,29.11,0.5335,0
69.51,65.4,68.79,0.1317,-0.1131,701.04,7.82,25.33,0.2524,0
135.57,45.43,94.99,0.4589,0.06,115.58,6.88,25.33,0.9305,1
28.87,82.08,83.21,0.7076,0.0244,491.06,5.7,29.9,0.2559,1
111.57,27.18,63.52,0.5146,-0.1164,303.15,6.21,20.55,0.5323,0
120.73,31.77,80.82,0.479,-0.1281,407.61,13.22,27.07,0.3423,1
69.07,24.66,90.83,0.6222,-0.2682,274.6,7.46,23.67,0.2383,0
116.74,44.8,40.07,0.267,-0.186,701.76,3.49,24.59,0.1273,0
89.86,28.1,62.92,0.1606,-0.0279,417.65,5.72,19.58,0.2262,0
88.86,56.03,39.83,0.3917,-0.2049,852.61,3.83,32.65,0.0125,0
37.5,46.65,52.95,0.1991,-0.2385,183.25,0.14,27.46,0.6207,0
46.11,40.47,97.57,0.2527,-0.1004,124.4,8.19,27.19,0.5549,1
150.32,22.55,96.3,0.2983,-0.1658,167.86,3.37,31.05,0.8342,1
101.92,43.14,57.51,0.1187,-0.1906,487.27,10.43,30.82,0.5182,1
42.54,55.75,55.58,0.2317,-0.1854,466.42,17.18,25.76,0.1069,0
53.31,48.31,66.79,0.5337,-0.0623,267.64,2.07,30.74,0.3576,1
115.79,89.68,56.53,0.1905,0.1725,489.43,11.37,23.9,0.736,1
198.26,52.52,82.45,0.3357,0.2358,283.9,11.99,31.74,0.9366,1
49.34,46.71,80.49,0.2969,-0.1473,188.02,1.21,12.18,0.8128,1
142.24,14.37,80.24,0.3339,0.0229,111.03,2.17,21.95,0.894,1
87.97,73.52,100.0,0.5222,0.0651,248.64,6.87,20.99,0.9138,0
176.16,51.37,55.36,0.6849,0.0749,131.4,0.56,24.75,0.9741,1
43.51,81.14,50.4,0.6724,-0.1381,484.43,19.44,28.58,0.2246,0
130.04,36.98,61.26,0.5838,0.0971,124.55,6.96,33.4,0.9576,1
30.33,68.18,52.39,-0.0946,0.0568,256.95,17.49,23.93,0.3616,0
230.36,52.65,49.67,0.7076,0.2626,601.51,5.38,17.93,0.7083,0
39.07,58.83,70.44,0.4562,-0.0979,754.27,1.12,15.59,0.0309,0
31.65,84.17,67.07,0.4278,-0.0392,285.14,0.54,36.77,0.6731,1
120.15,22.1,77.33,0.6865,-0.1664,398.0,6.78,28.23,0.0829,0
159.5,51.61,51.19,0.3332,0.277,358.07,15.92,21.81,0.8753,1
72.72,47.44,56.29,0.6482,-0.1663,617.81,7.83,20.9,0.0761,0
84.2,36.93,60.19,0.5634,-0.0065,119.02,28.73,29.03,0.3146,0
95.12,11.83,64.58,0.4622,-0.1954,201.17,15.86,28.64,0.14,0
182.6,23.47,73.54,0.2489,-0.1962,997.85,16.73,31.07,0.0189,0
45.76,46.68,73.5,0.4504,-0.3835,905.32,9.86,24.27,0.0044,0
50.29,31.02,74.54,0.1774,-0.2216,227.5,3.05,27.26,0.46,0
133.31,37.74,62.73,0.3543,-0.1001,385.81,2.12,24.53,0.2163,0
100.77,64.86,76.29,0.4984,0.1743,87.85,3.08,18.79,0.9306,1
83.95,83.37,85.62,0.2705,0.0778,177.76,9.51,26.35,0.8796,0
33.1,48.62,28.4,0.0505,-0.0401,42.82,11.53,25.57,0.351,0
42.68,53.85,87.49,0.3072,-0.0288,285.07,9.45,28.37,0.4058,1
129.11,51.83,77.79,0.0726,-0.0202,114.68,7.48,28.57,0.9508,1
121.8,56.86,67.36,0.6112,-0.0069,405.0,1.44,31.86,0.8204,1
172.6,41.4,51.12,0.1678,0.0148,323.72,4.22,26.78,0.6137,1
35.72,64.26,65.43,0.2512,-0.2844,575.02,10.29,18.49,0.0257,0
73.01,73.62,44.4,0.5992,-0.0988,850.08,6.86,27.22,0.0376,0
124.57,67.73,65.69,0.3072,0.0263,536.51,3.01,15.27,0.7567,1
102.49,31.24,59.77,0.2356,-0.1312,26.5,10.43,26.0,0.7235,0
101.57,58.73,65.45,0.457,0.0282,91.06,4.23,24.93,0.8602,1
24.55,63.99,67.76,0.2802,0.0155,25.96,4.36,26.84,0.8573,0
118.14,25.84,77.91,0.331,-0.1847,505.64,7.39,37.27,0.4698,1
159.73,23.88,60.1,0.3077,-0.093,762.91,2.52,32.14,0.1049,1
21.93,43.58,36.86,0.4618,-0.2177,239.5,3.07,31.53,0.0873,0
144.63,32.79,41.55,0.3329,0.0327,316.71,5.14,30.41,0.7666,1
95.53,64.8,53.84,0.5657,0.0328,229.43,11.77,24.25,0.4264,0
17.93,26.65,88.56,0.3007,-0.3927,378.07,8.7,28.55,0.0249,1
134.63,76.66,61.07,0.3454,0.0593,31.28,12.64,18.57,0.985,1
27.36,26.85,71.9,0.04,-0.2382,162.78,3.25,29.28,0.3629,0
94.49,45.85,58.64,0.688,-0.0771,313.21,1.24,24.89,0.6119,1
50.51,20.88,61.11,0.3008,-0.2483,223.63,0.03,32.12,0.3221,0
89.03,80.39,66.84,0.3394,-0.0196,190.1,4.31,24.86,0.8494,1
23.42,22.31,81.96,0.4081,-0.1533,132.2,0.52,21.7,0.4001,1
37.46,63.19,60.81,0.5351,-0.2455,203.19,2.5,32.93,0.6833,1
77.74,16.98,49.29,0.4107,-0.1983,455.06,2.46,19.3,0.2648,1
41.74,19.75,53.47,0.155,-0.1754,653.01,2.67,21.41,0.0292,0
85.06,23.16,60.36,0.2928,-0.2261,494.14,1.46,25.05,0.2674,0
51.43,39.17,75.95,0.3573,-0.297,266.08,2.94,27.94,0.1311,0
61.73,34.42,84.57,0.3754,-0.0266,504.77,1.27,19.05,0.126,0
101.66,46.29,56.22,0.2111,0.0065,167.95,1.66,27.51,0.8228,1
141.06,76.31,87.08,0.1465,0.2126,317.8,9.09,37.64,0.9641,1
113.36,25.24,76.8,0.4659,-0.0051,266.33,4.04,23.13,0.4962,1
180.85,37.5,43.19,0.111,-0.0461,439.43,2.31,20.71,0.5359,0
74.81,15.2,94.92,0.5508,-0.2703,190.2,5.47,30.44,0.415,0
166.5,92.08,61.89,0.1926,0.3443,26.44,1.34,26.74,0.9971,1
5.79,70.33,64.24,0.0093,-0.1786,476.67,0.88,30.95,0.2336,0
200.68,56.98,74.71,0.9377,0.1441,183.32,0.68,22.1,0.9556,1
42.55,67.96,78.73,0.6026,-0.11,109.44,10.11,30.89,0.7276,1
61.23,70.24,57.41,0.4298,0.2182,147.02,7.56,20.65,0.8539,1
114.58,20.2,52.21,0.425,-0.4629,831.46,6.8,27.38,0.0178,0
77.27,27.8,68.37,0.4211,-0.2456,817.68,0.63,28.16,0.025,0
248.05,24.17,54.52,0.5207,0.1609,355.57,3.95,25.43,0.8912,1
50.23,63.34,51.84,0.2838,0.1027,40.95,1.88,21.15,0.8922,0
44.78,46.5,58.48,0.6113,-0.0176,346.26,2.18,26.48,0.0818,0
162.23,93.09,100.0,0.5968,0.1566,170.43,8.76,25.94,0.9746,1
292.74,47.36,59.68,0.4397,0.4201,175.01,12.54,27.12,0.9824,1
53.61,70.94,63.38,0.5159,-0.0611,606.74,6.14,22.46,0.1679,1
99.07,50.78,100.0,0.6045,0.012,110.14,4.39,23.23,0.9264,1
135.15,93.92,81.49,0.4383,0.1524,264.74,2.88,32.69,0.9798,1
27.11,52.81,75.73,0.7604,-0.2206,94.68,2.43,27.17,0.8659,1
130.83,62.38,54.21,0.3414,0.1178,200.25,11.51,19.24,0.8515,1
34.89,53.23,44.73,0.2845,-0.1159,187.33,4.25,19.42,0.3562,0
34.52,33.1,34.43,0.3121,-0.193,252.1,3.48,38.6,0.2511,0
51.46,96.15,68.36,0.4834,0.2535,187.66,2.05,33.24,0.7486,1
129.91,65.06,72.87,0.505,0.0262,349.44,0.4,27.64,0.9381,1
60.73,63.03,59.88,0.9631,-0.0374,128.05,5.72,34.95,0.657,1
98.88,59.27,59.09,0.6236,-0.1213,728.61,3.17,36.78,0.1346,0
62.34,39.75,55.54,0.268,-0.2468,145.05,5.96,32.57,0.331,0
239.63,45.7,81.09,0.4643,0.0201,558.4,4.57,30.36,0.7782,1
35.99,45.71,52.84,0.8324,-0.1956,257.5,5.18,26.35,0.1988,0
83.24,51.91,55.92,0.2877,0.1089,125.06,0.55,29.07,0.6497,1
168.33,36.77,73.93,0.7481,0.0265,426.55,3.58,23.89,0.6071,0
157.79,42.94,90.13,0.413,-0.0493,172.17,2.39,24.76,0.9718,1
53.14,53.35,40.65,0.7596,-0.1239,292.69,22.74,24.47,0.0825,0
124.0,63.85,59.74,0.6254,0.1521,178.63,4.35,39.58,0.8334,1
223.43,47.63,63.71,0.5413,0.0502,39.86,1.14,23.85,0.9836,1
47.68,13.86,70.98,0.2331,-0.3545,427.08,5.27,29.86,0.0325,0
15.49,84.42,61.73,0.4826,0.079,198.04,12.63,22.21,0.5334,1
99.42,85.27,83.74,0.3957,0.2339,169.58,7.09,24.34,0.9483,1
28.8,54.46,45.16,0.608,-0.0528,102.68,0.96,33.21,0.5062,0
149.03,74.45,53.58,0.4261,0.2347,182.0,1.28,25.43,0.9629,1
79.01,55.85,47.15,0.1128,0.0326,208.88,3.25,24.8,0.8291,1
49.98,44.22,96.55,0.1876,-0.0373,388.87,5.24,27.78,0.2921,0
126.7,14.67,79.33,0.3936,-0.313,454.9,5.85,22.7,0.096,0
51.86,35.87,55.4,0.4592,-0.2408,365.45,10.38,24.75,0.0834,0
190.95,39.19,61.99,0.4123,-0.0093,105.21,9.67,24.52,0.9661,1
111.63,27.6,73.94,0.1955,0.0329,412.19,5.08,29.19,0.4064,1
78.19,8.88,61.23,0.1845,-0.29,465.88,5.27,23.09,0.1149,0
102.07,71.22,85.91,0.6424,0.1367,178.12,27.45,29.89,0.7237,1
116.38,59.75,65.95,0.3771,0.1695,384.48,7.03,27.36,0.7013,1
54.18,48.58,60.37,0.2807,-0.1357,240.66,1.5,28.04,0.4758,0
122.22,86.58,70.0,0.1054,0.083,240.41,3.88,21.68,0.9566,1
159.73,41.76,81.93,0.6374,0.0706,153.14,10.33,32.68,0.9556,1
88.24,38.73,67.07,0.7608,-0.1485,98.8,0.68,19.75,0.6912,0
89.36,22.82,68.9,0.3758,-0.1672,448.4,11.65,28.52,0.092,0
7.08,91.68,74.24,0.4518,0.0943,260.47,4.9,30.67,0.5015,0
229.17,58.89,63.51,0.6876,0.2155,356.92,7.14,24.44,0.8902,1
68.23,65.89,79.11,0.3732,-0.1435,857.94,5.4,30.36,0.0491,0
120.64,69.18,52.19,0.4986,0.2124,208.0,1.67,23.04,0.939,1
94.72,14.49,65.87,0.31,-0.4149,847.52,11.92,20.06,0.0049,0
227.8,61.24,70.87,0.4109,0.1388,406.26,4.79,22.24,0.9721,1
170.97,51.63,53.74,0.3301,0.1734,75.29,3.12,16.68,0.9676,1
110.48,13.59,72.57,0.6896,-0.364,406.8,1.45,26.37,0.0669,0
122.29,54.99,80.56,0.4208,0.2692,53.18,2.18,29.98,0.9797,1
70.12,53.35,83.35,0.1306,-0.0187,63.55,6.12,29.66,0.7959,1
36.24,35.8,52.07,0.0614,-0.3646,226.66,7.69,29.7,0.3364,0
39.57,20.91,92.82,-0.1039,-0.1504,258.47,6.31,22.64,0.2311,0
48.99,23.62,76.49,0.1935,-0.1665,117.71,1.12,20.07,0.7463,1
84.5,61.71,53.73,0.4683,-0.1421,829.63,1.18,24.95,0.1566,0
38.62,22.77,69.79,0.3386,-0.3622,677.83,14.7,33.88,0.0072,0
255.24,79.84,69.04,0.3482,0.1137,625.12,9.52,25.64,0.8816,1
29.45,26.51,48.42,0.2807,-0.3101,235.12,5.72,29.79,0.1127,0
76.24,74.26,49.17,0.2679,-0.0356,515.0,0.17,29.25,0.2593,1
90.56,14.16,87.09,0.2353,-0.0778,281.15,1.3,26.02,0.4177,1
92.9,35.59,44.56,0.2648,-0.1945,685.11,5.7,18.9,0.0391,0
115.78,49.46,71.77,0.3472,0.0278,54.58,4.55,31.15,0.8492,1
87.64,12.01,66.97,0.3873,-0.1456,256.43,7.85,19.23,0.1769,0
29.88,40.48,58.36,0.6222,-0.2559,527.66,1.74,32.53,0.0733,1
127.97,29.2,68.64,0.5653,-0.032,126.14,2.95,23.69,0.8132,1
279.84,82.46,71.51,0.2903,0.4328,105.08,12.59,28.96,0.9991,1
66.14,22.9,57.4,0.5109,-0.0657,191.03,10.62,25.71,0.2579,0
51.53,44.18,47.91,0.4148,-0.182,641.1,2.2,34.42,0.0808,1
75.43,63.86,65.96,0.2634,-0.092,710.69,2.18,32.61,0.0967,0
34.1,13.23,65.95,0.3177,-0.3562,496.08,3.53,31.78,0.0235,0
213.68,37.43,49.81,0.514,-0.0572,547.91,3.0,20.93,0.6117,0
50.74,17.09,83.91,0.1567,-0.1504,160.15,5.14,24.04,0.3197,1
86.86,52.35,55.6,0.453,0.0544,151.55,16.1,24.12,0.7104,0
56.52,23.69,98.99,0.3416,-0.1297,49.02,2.61,23.88,0.5101,0
49.56,11.45,66.25,0.3471,-0.2945,316.89,3.69,22.29,0.1361,1
47.32,69.38,57.91,0.0793,0.1178,201.17,14.56,23.92,0.7374,1
35.77,25.41,59.51,0.3954,-0.0929,176.46,6.52,17.85,0.2442,0
47.28,90.21,57.2,0.0123,-0.0165,97.68,14.28,25.47,0.6735,1
13.11,26.74,51.98,0.1443,-0.3663,311.69,1.33,19.49,0.0354,0
85.75,84.56,61.94,0.3057,0.1926,182.41,3.72,34.27,0.8542,0
28.74,59.86,67.64,0.4873,-0.3262,492.49,2.07,35.84,0.1427,0
132.44,94.83,56.04,0.5105,0.1548,489.84,1.48,36.03,0.7331,1
27.73,22.51,46.08,0.2455,-0.208,366.43,1.35,27.73,0.0486,0
75.81,72.51,41.85,0.3209,-0.11,612.75,5.1,27.29,0.2108,0
138.25,68.25,43.31,0.2976,0.0384,163.51,10.03,21.55,0.8924,1
102.1,71.58,80.99,0.4979,0.0198,335.8,12.41,31.7,0.6595,0
40.63,40.37,69.9,0.5352,-0.2509,542.18,3.97,29.16,0.0563,0
27.18,45.87,74.29,0.2104,-0.1606,168.84,1.96,34.1,0.4163,0
117.74,66.46,83.01,0.1124,-0.0047,488.68,1.58,28.92,0.8613,1
87.8,45.67,54.64,0.2782,-0.1901,305.5,9.73,22.77,0.5008,1
36.72,26.66,68.82,0.2732,-0.2124,344.62,0.55,32.24,0.1042,1
238.77,56.37,72.8,0.3686,0.1359,198.67,1.01,24.63,0.9866,1
31.11,68.35,60.65,0.6099,-0.1234,114.41,1.76,29.45,0.5662,1
17.86,38.79,68.53,0.124,-0.3559,625.94,0.93,27.0,0.031,0
28.21,48.16,53.8,0.7688,0.0597,64.37,3.53,33.62,0.6043,0
139.91,6.0,66.46,0.4309,-0.1066,135.49,4.82,31.73,0.5776,1
33.82,73.05,51.2,0.4467,-0.027,174.11,12.65,31.08,0.4898,0
120.43,18.71,58.29,0.4649,-0.1214,823.9,7.19,18.48,0.0332,0
72.53,55.34,72.2,0.3317,-0.1421,430.71,2.91,30.52,0.4014,1
13.76,64.36,81.19,0.6947,-0.0877,560.66,7.38,34.7,0.0537,0
13.8,12.04,66.79,0.1017,-0.3389,86.11,0.26,17.96,0.1068,0
49.02,37.19,78.09,0.1103,-0.1278,259.28,6.68,25.77,0.2603,0
53.51,88.11,67.98,0.3974,0.0998,273.91,1.63,36.88,0.6084,1
43.76,52.54,36.14,0.5767,-0.0428,283.3,12.86,25.85,0.1054,0
37.03,57.42,83.88,0.5296,0.0141,283.25,1.23,40.89,0.4423,1
34.44,50.68,71.22,0.2626,0.0186,122.55,4.2,19.69,0.6665,1
55.37,43.71,50.57,0.2544,-0.1065,249.06,1.49,28.44,0.5068,1
74.8,73.97,63.72,0.871,-0.1801,332.23,8.24,28.54,0.4208,0
104.02,46.91,82.86,0.3015,-0.079,331.74,3.34,37.64,0.6524,0
48.98,48.12,71.9,0.3201,-0.1871,256.09,9.97,19.7,0.3648,0
15.58,44.16,82.53,0.5692,-0.053,113.03,9.25,16.21,0.4512,0
68.97,50.92,86.97,0.4423,-0.1582,931.67,9.89,14.76,0.0566,0
179.63,42.58,61.63,0.3117,0.1314,163.4,1.75,25.62,0.9131,1
152.96,82.71,70.39,0.1475,0.3886,112.5,10.31,30.66,0.9892,1
34.99,53.28,76.93,0.3208,-0.2219,283.53,13.78,30.9,0.3267,0
135.57,56.73,86.09,-0.0183,0.1428,355.39,2.95,23.44,0.7773,1
74.77,30.36,79.2,0.6142,-0.1009,269.26,8.99,23.19,0.3026,0
88.46,46.56,38.81,0.1569,-0.0403,477.15,14.09,29.81,0.1743,0
189.58,14.59,60.12,0.2262,0.0835,225.83,10.87,33.88,0.5291,0
45.23,41.13,52.47,0.328,-0.0742,226.34,9.33,33.2,0.5321,1
46.1,63.79,64.13,0.3217,-0.0056,120.0,15.08,30.59,0.7134,1
70.64,86.6,69.1,0.4159,0.3185,79.91,15.08,23.55,0.9461,1
27.67,17.94,55.58,0.3024,-0.2972,398.09,4.32,21.83,0.0445,0
88.76,33.85,52.59,0.3389,-0.1666,247.47,1.97,31.39,0.4611,0
19.85,71.91,66.48,0.1792,-0.097,479.6,0.2,23.64,0.3091,0
55.26,15.93,50.59,0.4779,-0.1921,350.82,5.98,28.8,0.0669,0
55.01,55.21,61.18,0.2188,0.049,468.76,0.38,29.37,0.391,0
33.82,56.68,60.73,0.4571,-0.0704,247.33,4.07,25.49,0.5157,0
110.86,44.62,87.03,0.7728,-0.0587,273.93,2.38,22.18,0.7224,1
87.37,25.57,71.09,0.2508,0.0419,335.49,11.02,28.39,0.4502,0
377.76,57.57,68.57,0.3847,0.3298,10.97,3.34,27.8,0.9997,1
39.21,38.33,58.22,0.1901,-0.2997,392.96,4.97,28.73,0.1601,0
90.94,43.02,97.31,0.3143,-0.1106,189.1,4.97,22.51,0.7291,0
50.93,2.99,60.1,0.2521,-0.295,257.24,15.49,23.89,0.0305,0
98.49,23.73,51.71,0.1677,-0.3279,555.65,1.59,22.54,0.1878,0
134.94,82.65,91.54,0.4555,0.2166,109.93,20.41,20.81,0.9714,1
15.19,54.66,55.33,0.1427,-0.081,258.69,13.42,29.59,0.0852,0
189.25,58.29,96.82,0.4758,0.095,360.74,9.28,25.26,0.8975,0
35.79,80.56,75.74,0.2437,0.0899,321.0,4.67,28.95,0.5117,0
42.69,32.57,79.48,0.7106,-0.4043,481.07,10.71,33.42,0.061,0
54.84,78.18,70.38,0.437,-0.1746,304.67,14.27,22.25,0.5371,1
58.29,35.78,61.09,0.5677,-0.1611,300.87,0.77,22.8,0.2944,1
38.54,19.33,54.29,0.0292,0.0109,197.83,3.37,25.76,0.5363,1
96.31,18.82,59.61,0.5209,-0.0947,287.16,9.68,30.52,0.1107,1
104.09,40.87,76.45,0.4556,-0.0845,458.77,6.92,20.61,0.5672,0
54.39,89.37,44.94,0.363,0.1317,345.91,11.27,25.02,0.6063,1
35.81,57.33,67.82,0.4561,-0.1889,548.49,2.68,26.4,0.0652,0
45.8,38.1,53.13,0.3704,-0.1518,264.94,3.53,29.37,0.3406,1
86.3,36.06,77.72,0.2095,0.0787,187.05,5.66,24.06,0.5743,1
70.22,87.84,90.61,-0.0367,0.2353,255.37,2.6,24.04,0.9304,1
63.36,47.14,44.34,1.0,0.0057,233.58,3.08,15.61,0.4478,1
103.19,9.05,100.0,0.3935,-0.3338,255.08,2.71,25.1,0.6732,1
85.6,85.03,86.99,-0.0145,0.1567,29.81,7.88,20.5,0.9732,1
61.71,28.07,69.63,0.1359,-0.1496,336.39,4.48,26.27,0.039,0
29.54,90.32,71.26,0.3576,-0.193,359.87,4.77,27.54,0.4244,0
239.0,58.38,43.9,0.7852,0.2857,139.08,4.22,22.78,0.9833,1
6.06,29.45,40.84,0.521,-0.2773,135.74,5.12,25.52,0.2566,0
174.85,32.55,73.44,0.5847,-0.1424,503.51,4.01,23.23,0.6532,1
72.35,11.92,71.89,0.4994,-0.1414,251.43,12.17,17.25,0.2,1
29.12,44.49,49.78,0.6588,-0.1946,344.83,27.52,33.87,0.1121,0
70.46,13.03,52.9,0.2026,-0.3542,640.47,6.2,30.77,0.0245,0
19.59,49.36,58.84,0.1903,-0.2298,96.59,17.96,31.96,0.6211,1
6.57,68.04,42.79,0.1869,-0.1583,270.23,1.07,15.14,0.4523,0
94.31,35.8,48.49,0.2775,-0.0827,124.86,2.93,21.89,0.7223,1
92.22,42.1,52.06,0.0872,-0.356,194.15,4.43,21.98,0.5103,0
59.07,88.25,36.5,0.2736,0.1079,495.48,1.52,26.36,0.3525,0
16.86,53.58,71.41,0.9394,-0.1849,705.42,5.94,24.81,0.0037,0
157.37,75.44,63.79,0.278,0.1021,530.59,8.77,28.09,0.8436,1
96.67,20.6,60.89,0.3474,-0.1767,386.15,15.89,23.23,0.0742,0
107.87,39.19,100.0,0.4141,0.0028,86.54,19.13,31.18,0.6854,1
61.52,36.0,56.37,0.3934,0.0531,65.47,28.11,29.11,0.4202,0
14.71,1.26,25.72,0.931,-0.576,360.94,8.14,27.07,0.0135,0
194.26,53.51,88.51,0.3409,0.0945,186.04,1.95,26.73,0.9745,1
67.32,34.02,85.88,0.6032,-0.2787,368.28,2.23,19.52,0.377,1
178.2,76.9,73.57,-0.0033,-0.0392,134.21,7.98,20.14,0.9914,1
49.18,91.49,63.9,0.677,0.2488,148.69,8.89,27.4,0.7365,1
418.41,26.15,72.09,0.3315,0.2989,297.24,8.47,30.85,0.9936,1
15.37,47.26,70.42,0.4179,0.0025,122.79,0.42,29.98,0.7695,0
42.37,73.27,68.41,0.6143,-0.1499,714.96,4.95,26.01,0.0552,0
33.48,76.27,47.62,0.3861,0.1565,60.59,2.44,32.83,0.9054,0
60.18,66.56,67.0,0.0218,-0.2158,735.99,10.55,24.55,0.0464,0
134.92,64.65,59.94,0.2872,-0.0672,754.19,5.31,23.66,0.2768,0
265.71,55.26,54.25,0.6868,0.0122,608.32,3.94,28.29,0.8076,0
114.36,32.67,52.47,0.43,-0.198,656.25,0.66,30.54,0.0933,0
85.84,24.82,73.6,0.5811,-0.1467,117.7,3.61,28.05,0.6693,0
63.74,21.08,55.01,0.3154,-0.1934,41.23,21.46,28.9,0.3666,1
38.02,7.34,74.06,0.6244,-0.4968,660.49,0.98,33.97,0.0075,0
39.37,95.65,82.19,0.1312,0.193,82.44,6.98,27.02,0.9685,1
258.43,52.03,68.57,0.4741,0.3481,15.77,0.69,29.31,0.9982,1
84.29,53.87,49.5,0.5755,-0.1529,455.21,1.78,30.9,0.304,0
139.25,77.77,68.64,0.3521,0.161,137.38,5.49,25.18,0.982,1
37.16,77.62,67.71,0.3586,0.0101,545.18,7.76,28.68,0.1263,0
24.68,68.75,58.11,0.0299,-0.134,173.71,1.11,29.29,0.5898,0
46.4,57.05,45.73,0.4256,-0.2745,853.32,6.23,31.37,0.0163,0
29.88,61.68,52.44,0.3113,-0.0759,709.11,5.15,24.77,0.0369,0
13.66,24.34,66.73,0.6844,-0.2595,360.66,13.67,25.79,0.0175,0
21.07,86.04,41.01,0.4073,-0.1068,212.23,2.99,24.41,0.528,1
74.47,74.53,61.85,0.3055,0.0315,306.56,9.01,25.33,0.7803,1
107.99,18.93,69.71,0.677,-0.1035,72.24,16.04,21.86,0.3789,0
76.21,59.42,77.78,0.4308,0.0998,36.72,4.04,19.19,0.9696,1
100.3,53.45,66.55,0.2166,-0.0421,5.78,0.37,33.12,0.9139,1
80.6,26.27,36.03,0.3586,-0.3879,1096.06,14.63,24.55,0.0007,0
60.12,41.65,77.57,0.1672,-0.1217,282.64,5.24,21.8,0.4947,0
179.11,21.69,70.47,0.744,0.0779,244.05,12.32,29.16,0.7078,0
40.78,46.78,72.13,0.5025,0.0231,116.51,0.95,27.37,0.6437,0
247.14,51.33,48.13,0.6908,0.2016,332.65,5.71,32.37,0.908,1
58.25,76.75,47.12,0.66,0.045,207.98,4.0,34.67,0.6502,1
71.31,31.82,42.05,0.23,-0.1728,34.77,0.39,21.82,0.6462,1
143.88,85.77,61.23,0.4944,0.1497,505.05,8.16,25.23,0.7298,0
111.5,87.96,61.83,0.0092,0.0423,194.31,0.8,25.37,0.969,1
17.4,28.83,31.43,0.3263,-0.485,660.89,0.97,29.96,0.0091,0
54.31,31.41,62.51,0.4426,-0.2254,301.5,0.66,29.25,0.3029,0
131.9,84.45,83.67,0.4445,0.3592,158.98,1.53,30.33,0.9757,1
71.08,10.87,67.12,0.5319,-0.174,312.5,15.93,22.01,0.0561,0
133.53,32.1,36.66,0.63,-0.195,399.08,9.8,35.26,0.1709,0
30.12,83.08,54.68,0.6134,0.026,77.32,4.28,24.53,0.7761,1
166.12,48.91,100.0,0.1975,0.069,401.46,5.55,15.3,0.9399,1
114.78,82.25,80.11,0.1716,0.3021,167.14,9.18,31.98,0.9329,1
105.47,33.13,100.0,0.4331,-0.0151,121.58,2.35,27.41,0.8721,1
19.09,22.55,77.3,0.7145,-0.2253,111.31,0.07,19.72,0.2748,0
116.13,31.51,39.48,0.6259,-0.1783,314.55,0.98,27.17,0.5869,1
22.05,47.35,47.23,0.5197,-0.1215,176.62,5.71,22.72,0.3925,0
69.45,57.46,76.37,0.1974,-0.124,88.75,11.59,18.65,0.7973,1
42.22,64.21,71.09,0.5309,0.108,30.36,14.07,30.63,0.9119,1
5.51,12.48,51.12,0.3967,-0.3347,381.98,15.1,31.89,0.0096,0
178.12,51.74,66.23,0.505,0.1738,289.43,13.41,36.39,0.8057,1
109.06,55.78,69.76,0.2929,0.1271,122.43,1.61,17.68,0.9467,1
29.46,52.73,50.65,0.4137,-0.1186,400.26,12.94,31.43,0.05,0
70.77,22.75,80.33,0.1952,-0.112,452.28,1.74,31.41,0.251,1
100.81,65.92,53.72,0.4876,-0.0025,138.28,20.52,25.53,0.5968,0
12.06,23.4,48.55,0.7018,-0.3358,517.52,6.89,27.71,0.0062,0
26.0,63.4,51.3,0.7481,-0.128,512.47,4.51,27.42,0.1702,0
29.8,75.91,33.31,0.2293,-0.0415,182.19,8.7,19.99,0.452,0
125.66,25.83,67.07,0.2766,-0.0895,190.89,5.15,22.99,0.8562,0
46.33,61.85,42.87,0.2051,0.0425,115.23,12.92,23.49,0.4125,0
180.93,32.57,59.08,0.408,-0.1665,487.03,9.44,21.81,0.2791,1
108.86,53.2,33.56,0.2907,-0.0333,246.45,9.41,28.85,0.6691,1
25.58,51.13,57.21,-0.0807,-0.3687,632.86,1.47,21.22,0.0271,0
150.06,62.78,32.54,0.389,0.1933,286.59,14.41,28.14,0.8077,1
120.27,31.78,47.09,0.2176,-0.1049,103.18,5.38,23.17,0.8045,1
23.74,28.54,76.09,0.3231,-0.0617,29.16,4.92,25.99,0.6423,1
21.51,66.03,56.43,0.2832,0.0072,77.92,4.12,30.95,0.3291,0
26.9,62.01,46.34,0.7662,-0.1146,370.36,2.12,23.62,0.2707,0
171.74,69.91,48.95,0.4139,0.0335,77.84,9.46,29.68,0.9772,1
94.7,27.49,60.12,0.4693,-0.3324,956.85,7.36,28.17,0.0077,0
185.98,49.68,38.83,0.6604,-0.0005,440.73,1.78,34.0,0.6145,1
38.21,7.48,47.21,0.4611,-0.2879,155.39,4.82,18.77,0.1487,0
99.02,87.8,77.65,0.1462,-0.0239,71.08,0.04,23.32,0.9805,1
260.82,79.07,78.0,0.4565,0.2591,52.53,8.08,19.93,0.9981,1
127.36,40.33,77.52,0.3494,-0.0463,215.34,27.92,19.56,0.762,1
43.5,47.9,45.44,0.1988,-0.2043,328.72,6.78,26.18,0.2971,0
109.72,30.01,63.39,0.6844,-0.0882,214.28,4.46,20.3,0.3635,1
24.83,17.66,70.03,0.5129,-0.2314,223.53,1.3,29.07,0.115,0
83.43,15.14,45.99,0.0773,-0.1231,167.15,4.13,23.9,0.3451,1
83.64,52.16,89.68,0.5747,-0.1017,729.64,7.13,25.26,0.2643,0
14.18,64.75,44.83,0.4699,-0.1743,612.11,1.18,24.3,0.0793,0
163.6,50.71,75.72,0.3287,-0.1614,526.55,3.65,28.62,0.8062,1
18.74,48.48,48.26,0.571,0.0143,45.64,0.52,26.45,0.271,0
115.98,86.45,73.73,-0.0746,0.0633,284.85,2.82,29.62,0.9704,1
63.82,42.16,61.39,0.7172,-0.0935,403.01,2.66,25.61,0.2606,1
20.49,15.94,41.25,0.4145,-0.3872,407.8,0.41,29.3,0.0547,0
80.82,17.91,86.64,0.8343,-0.2955,169.8,1.31,26.93,0.4876,0
177.57,58.25,54.57,0.1545,0.1916,516.07,1.23,28.53,0.6793,0
55.17,69.35,67.49,0.4526,-0.0041,147.52,3.84,30.24,0.8526,1
54.87,48.64,60.6,0.5012,-0.0276,138.81,6.73,28.62,0.5004,1
33.92,39.33,47.09,0.0768,-0.1127,135.79,1.33,20.47,0.488,0
45.54,44.79,67.17,0.2857,-0.3152,169.1,1.36,20.97,0.3076,0
245.3,12.76,50.11,0.4019,-0.0624,278.96,14.09,25.29,0.9737,1
33.61,44.8,57.0,0.5147,-0.0894,175.09,4.69,20.95,0.6268,1
55.27,33.77,80.34,0.3971,-0.012,123.22,5.68,32.28,0.5415,1
75.02,51.35,48.14,0.3481,-0.366,800.19,6.24,42.73,0.0093,0
43.95,59.6,75.61,-0.0582,-0.0986,227.64,14.93,24.25,0.5489,1
73.89,16.39,69.82,0.3431,-0.2444,230.7,2.71,26.24,0.3474,0
104.83,26.8,67.78,0.2926,-0.3411,577.43,1.37,28.71,0.0713,0
20.02,59.82,88.33,0.2885,0.0544,449.95,1.71,23.46,0.4715,1
77.72,84.86,82.38,0.3341,0.1481,177.5,5.76,19.47,0.9328,1
121.22,10.09,64.13,0.7571,0.1221,188.18,5.33,24.03,0.6453,0
57.35,45.04,68.71,0.0884,-0.2527,362.14,5.42,28.85,0.5002,0
17.84,79.7,73.01,0.1935,0.09,152.26,8.71,35.89,0.7098,0
51.69,79.11,31.52,0.6741,0.068,135.67,10.66,32.22,0.3984,0
125.45,79.75,57.85,0.305,0.1336,231.42,9.15,21.37,0.9044,1
70.57,82.18,79.47,0.5635,0.0393,63.02,11.68,30.17,0.9322,1
92.48,33.52,64.86,0.8471,-0.163,311.07,10.47,24.19,0.1829,0
161.16,46.78,65.86,0.0724,0.16,266.81,6.54,29.5,0.8532,1
96.61,21.58,52.07,0.97,-0.2921,101.76,13.74,20.98,0.4124,0
47.59,23.25,48.17,0.2816,-0.3275,199.24,3.47,26.71,0.2355,1
38.27,89.35,75.05,0.5463,0.0471,175.74,2.56,28.04,0.8555,1
21.56,26.33,60.76,0.4295,-0.3586,293.22,5.09,28.48,0.0775,0
14.65,28.09,44.33,0.2201,-0.1759,352.36,7.63,25.77,0.0572,0
39.16,82.22,68.98,0.2337,-0.0248,151.89,1.3,14.09,0.6844,1
27.71,31.25,29.84,0.8292,-0.1134,121.07,4.44,26.49,0.2461,0
210.5,76.49,97.59,0.2521,0.1883,64.57,4.32,34.54,0.9976,1
67.34,74.98,73.13,0.4403,0.0577,129.5,2.23,33.99,0.9351,1
83.65,30.41,50.65,0.3441,-0.275,334.69,2.32,32.02,0.2362,0
6.42,13.42,49.19,0.2887,-0.269,308.07,5.27,28.55,0.0474,0
68.02,43.27,57.79,0.6462,-0.2163,408.94,1.9,21.12,0.0832,0
139.82,37.65,83.7,0.6801,-0.0622,365.78,0.92,33.9,0.5097,0
82.63,25.32,94.49,0.3416,-0.2808,170.1,2.45,34.65,0.8688,1
158.26,84.06,62.36,0.4241,0.3154,241.88,4.4,23.13,0.9658,1
72.49,64.15,49.56,0.4064,-0.0859,439.89,3.33,26.04,0.3092,1
171.22,73.02,78.73,0.1503,0.1366,413.23,6.31,27.19,0.9173,1
18.43,50.29,57.05,0.5766,-0.3079,512.44,0.45,22.74,0.0568,0
12.0,46.64,71.25,-0.1577,-0.208,166.19,0.59,29.72,0.4947,0
75.12,54.91,50.11,0.4571,0.167,280.27,1.68,23.87,0.7794,1
57.74,53.24,71.29,0.5244,-0.3502,384.38,2.27,27.26,0.1401,0
4.25,25.53,37.31,0.5012,-0.1944,228.15,0.19,28.89,0.1399,0
135.0,58.74,74.01,0.3964,-0.1411,475.84,10.9,30.29,0.2902,1
89.22,62.27,46.52,0.4088,0.0914,405.09,1.32,24.25,0.3675,0
59.37,54.84,69.04,0.451,-0.1118,89.62,2.07,22.34,0.4873,1
132.13,4.57,47.17,0.4634,-0.1042,457.04,2.33,24.64,0.144,0
71.51,66.18,49.08,0.2019,-0.0941,328.79,5.08,24.11,0.4538,1
27.2,62.14,67.89,0.1397,-0.1137,381.12,3.09,21.51,0.2748,0
99.32,37.19,40.54,0.2832,-0.2938,641.58,2.0,34.7,0.1448,0
71.21,34.11,84.24,0.5698,-0.3019,494.3,3.07,37.37,0.055,0
18.85,41.73,61.32,0.6246,-0.2329,467.33,6.86,16.47,0.0305,0
61.39,39.83,54.35,0.0707,0.0306,26.04,6.91,35.61,0.8463,1
105.31,41.51,44.95,0.2324,-0.12,158.11,4.12,26.91,0.5017,1
213.82,21.38,47.16,0.613,-0.0181,240.33,5.73,33.7,0.7977,1
20.26,34.15,70.76,0.556,-0.0356,102.21,9.67,19.68,0.3568,0
111.09,71.01,81.01,0.6747,0.2242,67.19,4.37,24.62,0.9709,1
83.32,76.57,76.71,0.9458,0.1275,154.55,9.24,33.15,0.8211,1
61.62,76.26,61.58,0.3156,-0.0015,233.19,6.56,29.91,0.6417,1
5.85,24.2,55.55,0.3158,-0.1891,89.52,13.29,23.29,0.2007,0
75.36,36.71,74.67,0.2589,-0.1432,435.39,7.49,25.18,0.2919,0
82.35,49.32,84.23,0.5519,-0.0012,231.4,1.42,20.36,0.6683,1
136.46,52.87,71.68,-0.0138,0.1626,74.29,11.11,27.57,0.9756,1
19.28,64.14,88.02,-0.0701,-0.0867,165.79,1.33,21.36,0.6188,1
64.5,76.99,70.06,0.4066,0.1759,290.77,1.94,26.49,0.79,1
32.44,66.13,68.63,0.3559,0.1487,64.28,6.3,22.39,0.806,1
41.41,44.6,64.35,0.3258,-0.1006,331.22,6.61,27.12,0.1772,0
9.0,75.52,78.13,0.1254,-0.0983,331.8,3.4,27.6,0.5093,0
114.85,55.03,88.29,0.171,-0.0613,197.39,5.41,23.8,0.9443,1
125.66,41.46,59.59,0.1148,0.063,443.52,6.45,30.95,0.3877,1
76.35,57.88,74.04,0.6035,0.108,312.54,4.43,26.34,0.6714,1
208.89,91.58,65.2,0.39,0.3075,70.18,11.26,17.35,0.9978,1
114.75,60.35,75.69,0.339,-0.0796,99.15,6.97,32.25,0.9353,1
34.3,48.92,76.54,0.4286,-0.0219,46.61,4.47,45.0,0.6849,1
80.69,45.16,62.4,-0.0361,-0.2874,377.89,2.02,26.43,0.4411,0
44.58,32.07,67.54,0.3503,-0.0117,55.81,19.51,25.54,0.6605,0
60.12,38.47,49.88,0.7691,-0.1357,89.65,10.17,27.0,0.4394,0
4.63,75.27,64.78,0.6964,-0.1367,240.45,2.62,28.91,0.4324,0
49.61,73.65,50.37,0.2223,-0.2702,276.79,7.53,26.78,0.3301,0
145.2,77.05,65.54,0.3766,0.2259,266.89,5.31,28.36,0.9462,1
53.08,59.93,49.62,0.1765,-0.2462,134.59,4.99,25.49,0.8242,1
55.96,47.48,44.71,0.5023,0.1137,81.87,1.41,35.14,0.7985,1
42.9,14.07,96.23,0.125,-0.3192,189.17,14.65,24.16,0.0873,0
60.07,12.85,50.28,0.6217,-0.313,248.61,2.15,35.33,0.1108,0
44.42,44.46,70.84,0.5547,-0.2632,741.33,2.28,31.51,0.1019,0
64.38,55.61,77.01,0.3916,-0.0629,175.06,7.56,28.09,0.4711,0
93.75,31.24,57.69,0.3749,0.0327,66.33,1.91,26.65,0.7833,1
6.56,8.94,45.97,0.4505,-0.415,247.91,16.81,27.42,0.0123,0
13.22,77.43,50.03,0.6279,-0.1694,766.2,0.21,22.31,0.0137,0
58.52,57.02,62.78,0.2297,-0.1344,325.85,4.82,16.57,0.742,1
87.58,37.24,64.51,0.6899,0.0888,48.64,11.38,33.36,0.4546,0
142.59,35.46,54.4,0.5211,0.0762,192.15,6.27,28.76,0.637,1
27.7,73.12,78.25,0.3288,-0.118,188.74,4.29,24.81,0.8336,1
17.93,46.98,76.06,-0.1262,-0.0699,291.58,2.87,23.25,0.1424,0
22.86,65.62,74.03,0.6475,-0.1457,391.6,7.68,23.56,0.1725,0
56.22,68.51,91.25,0.2274,0.0027,288.95,1.23,26.75,0.6507,0
32.31,47.9,73.84,0.4338,-0.1149,265.32,7.06,26.41,0.4205,1
42.51,50.37,76.05,0.6556,-0.1835,233.67,7.37,27.09,0.5439,0
79.22,13.94,60.08,0.4514,-0.1912,181.36,4.92,21.52,0.1803,0
63.08,60.34,56.37,0.165,-0.0966,300.63,9.63,17.01,0.2688,1
85.39,69.47,65.59,0.6239,0.1484,133.43,7.3,26.01,0.8655,0
123.74,41.35,74.55,-0.0636,0.0299,107.48,3.43,30.49,0.8981,1
114.54,45.39,42.17,0.4217,-0.3258,967.86,4.01,20.64,0.0193,0
24.28,23.54,41.84,0.3919,-0.245,313.33,8.99,23.32,0.0471,1
146.61,70.82,68.92,0.4176,0.084,304.44,6.09,27.35,0.9158,1
63.95,72.16,68.14,0.3606,0.0904,52.56,11.79,26.24,0.7429,0
112.74,60.18,35.37,0.578,0.0726,272.09,12.26,29.13,0.5363,1
100.12,22.88,32.54,0.2937,-0.0159,42.59,3.15,34.08,0.569,1
158.79,67.43,70.49,0.1582,0.2226,333.27,1.03,25.08,0.967,1
88.75,78.94,81.68,0.0343,0.1041,138.14,1.06,18.85,0.957,1
97.33,11.05,73.72,0.7154,-0.4031,468.89,6.5,30.45,0.0138,0
127.7,50.97,66.05,0.3249,-0.0209,319.85,13.55,25.29,0.5277,1
26.34,12.91,78.93,0.3824,-0.157,90.67,5.75,35.74,0.1402,0
36.87,16.85,43.19,0.3866,-0.1356,155.71,1.38,28.62,0.1903,0
126.03,69.15,57.8,0.6534,-0.1329,421.92,5.45,19.42,0.3715,0
123.82,13.72,80.35,0.6356,-0.2573,521.15,1.64,24.31,0.1747,0
29.35,89.87,53.37,0.8001,0.1434,191.39,29.95,24.56,0.2692,1
76.23,78.27,69.62,0.6345,0.136,158.18,16.07,23.72,0.9428,1
171.71,56.49,48.58,0.5958,0.2621,296.65,0.03,24.9,0.9206,1
116.79,70.16,66.5,0.3198,0.2026,305.03,6.23,29.25,0.7126,1
51.3,71.68,58.25,0.3503,-0.0179,313.3,0.51,26.9,0.7237,1
142.38,29.72,64.26,0.59,-0.0433,105.59,2.79,26.44,0.6339,0
73.97,2.57,68.01,0.3412,-0.251,160.09,5.4,24.42,0.2136,1
132.51,41.14,59.68,0.8263,-0.1212,216.39,4.19,37.81,0.7068,1
108.92,42.91,63.11,0.4683,-0.1047,64.73,1.1,28.27,0.8988,0
23.25,74.9,60.15,0.4346,-0.1483,165.48,3.32,28.64,0.6402,1
71.4,41.28,71.46,0.6092,0.0044,110.33,2.23,22.89,0.8165,0
41.91,61.34,63.88,0.267,0.0167,41.69,10.44,28.85,0.7174,1
38.74,72.41,77.95,0.5321,-0.0066,282.77,7.51,36.98,0.3266,0
56.12,77.38,51.43,0.4878,0.1327,192.24,0.63,25.16,0.9031,1
58.45,86.81,69.4,0.3287,0.0974,268.13,3.45,23.11,0.8553,1
38.24,51.0,98.63,0.5835,-0.2487,283.31,5.66,19.84,0.1978,0
103.45,62.81,73.04,-0.0643,-0.0976,82.01,0.74,24.85,0.9807,1
92.04,66.99,95.0,0.2279,-0.0831,744.44,4.12,23.92,0.4267,0
45.33,61.29,40.93,0.6025,0.0465,121.25,2.57,38.25,0.5314,1
35.86,63.94,68.48,0.0454,-0.137,520.63,2.82,20.15,0.496,0
28.03,65.0,85.47,0.4226,0.1745,295.77,5.9,29.29,0.3988,0
71.54,37.87,50.44,0.3203,0.0457,65.61,8.29,24.3,0.7,1
98.11,17.58,97.14,0.6967,-0.1487,143.3,12.37,32.37,0.6244,1
221.66,54.08,60.27,0.3297,0.1629,417.7,10.36,28.69,0.9366,1
51.2,68.21,75.54,0.4,-0.1362,370.16,3.68,32.29,0.2821,1
15.03,4.78,65.09,0.4661,-0.2466,212.06,7.33,32.68,0.0928,1
77.72,71.38,76.8,0.2094,0.012,31.11,8.72,34.71,0.9229,1
104.05,86.71,63.0,0.5836,0.1616,122.47,3.28,29.07,0.9353,1
28.81,30.69,66.03,0.881,-0.1644,333.37,3.19,23.43,0.0724,0
87.85,45.45,55.84,0.7309,-0.1588,311.29,1.14,31.1,0.5603,1
130.19,98.0,57.68,0.4458,0.0944,242.25,9.06,19.9,0.9392,1
110.03,84.09,57.45,0.6774,0.1096,124.03,6.64,21.47,0.8442,1
25.95,68.37,64.39,0.1679,-0.0689,93.84,15.15,28.28,0.719,1
113.39,82.6,82.19,0.0347,0.1073,507.68,5.24,23.63,0.6516,0
111.75,52.09,74.31,0.006,0.0427,482.27,6.98,26.92,0.4569,0
126.93,45.14,70.72,0.4888,0.0079,322.41,6.98,26.59,0.484,1
25.8,56.27,59.93,0.3092,-0.114,396.39,10.62,32.43,0.0641,0
73.86,44.38,84.33,0.8592,-0.1071,243.08,5.15,20.57,0.7778,1
42.95,8.48,88.34,0.1158,-0.353,513.47,1.01,27.23,0.0649,0
62.23,49.4,61.47,0.2225,-0.1156,86.28,1.38,29.72,0.6702,1
109.03,24.1,54.15,0.862,-0.0027,476.83,0.17,28.8,0.1352,0
87.77,37.62,73.16,0.4942,0.0707,221.24,0.44,37.6,0.6774,0
67.25,73.99,55.45,0.1138,0.0492,191.96,5.33,34.36,0.7434,1
34.77,34.29,61.06,0.462,-0.1143,113.74,4.65,25.46,0.2085,0
78.93,13.64,59.53,0.3805,-0.2291,229.88,4.33,21.15,0.2634,1
137.63,61.23,62.33,0.4471,-0.1038,556.59,6.02,27.92,0.5311,0
46.55,82.0,38.95,0.2721,-0.0274,286.87,2.01,22.39,0.519,1
10.18,82.03,46.08,0.6481,0.0273,177.84,4.12,21.13,0.4418,1
349.86,53.44,97.46,0.6198,0.2501,313.21,16.18,28.81,0.9949,1
58.04,64.3,55.56,0.4645,0.2143,127.54,10.66,23.68,0.6743,1
55.87,49.16,45.52,0.2487,-0.2804,670.31,6.64,32.91,0.0075,0
16.18,70.43,85.03,0.1143,-0.1422,434.03,10.14,24.07,0.279,0
41.31,10.63,87.32,0.4554,-0.1657,119.69,8.67,26.72,0.3156,0
31.62,66.31,36.14,0.5427,-0.1272,449.25,0.03,17.56,0.4094,0
116.41,41.03,68.63,0.5103,-0.0311,299.29,5.77,20.26,0.6422,1
190.69,39.68,78.41,0.4273,0.0363,411.52,4.94,27.41,0.7808,1
179.21,62.25,86.52,0.2025,0.2925,148.37,13.97,34.76,0.9789,1
24.72,19.33,63.35,0.4679,-0.172,301.09,7.93,24.9,0.0235,0
14.26,36.14,65.31,0.218,-0.4102,289.0,0.81,24.86,0.1881,0
69.63,24.86,81.86,0.4291,-0.2693,402.18,1.66,32.29,0.2774,0
7.36,35.12,66.18,0.2616,-0.2274,158.83,2.76,30.46,0.477,1
26.52,71.55,59.93,0.6213,0.0169,164.95,3.3,20.34,0.6577,1
121.98,37.61,34.9,0.5453,0.0143,21.91,0.63,31.15,0.8775,1
57.86,66.5,74.52,0.5424,-0.1004,727.49,6.96,34.58,0.0854,0
56.88,81.0,65.75,0.6207,0.0875,255.71,5.91,15.59,0.7306,0
61.52,87.98,71.94,0.2726,0.0644,744.15,0.21,14.3,0.2687,0
70.34,57.84,85.34,0.0874,-0.0482,242.4,9.23,25.45,0.7972,1
51.56,33.0,75.68,0.5337,-0.0618,112.8,24.42,25.52,0.2114,0
33.08,55.72,80.73,0.6516,0.005,299.64,5.95,23.78,0.1883,1
91.9,84.69,69.13,0.2952,0.0087,182.11,3.05,21.61,0.9318,1
207.87,75.58,67.42,0.2238,0.2589,263.01,0.72,20.56,0.9879,1
54.78,53.95,91.47,0.1913,-0.0875,249.47,0.74,22.94,0.6479,0
19.04,10.46,69.8,0.4234,-0.2523,98.74,24.62,27.8,0.0937,0
25.98,86.96,71.49,0.0875,-0.0635,135.95,5.53,25.93,0.7841,1
63.02,67.68,66.13,0.4443,0.1206,296.43,6.33,29.35,0.7404,1
69.1,12.3,56.22,0.2576,-0.548,588.76,5.53,31.32,0.0204,0
103.71,63.73,47.41,0.2885,0.0745,89.4,11.6,25.37,0.8731,0
159.96,39.98,63.89,0.3906,0.0274,250.25,2.93,28.01,0.8566,1
140.72,39.71,63.11,0.3106,-0.0868,344.9,6.76,30.03,0.6049,0
80.12,48.18,55.69,0.3072,0.1205,124.41,14.7,23.16,0.8684,1
84.22,22.88,61.38,0.5622,-0.4016,899.03,1.14,24.38,0.0153,0
18.92,61.98,45.73,0.098,-0.1715,91.5,4.99,31.71,0.7567,0
25.95,26.73,73.27,0.3291,-0.0714,131.28,7.49,30.19,0.2264,0
53.64,19.77,82.1,0.1997,-0.2168,131.76,7.29,25.71,0.4128,0
122.34,49.27,76.07,0.0771,-0.0276,163.53,9.42,26.92,0.922,1
50.77,24.36,35.05,0.234,-0.2432,172.67,0.34,25.1,0.1872,0
60.91,26.08,72.23,0.3834,-0.3486,438.79,12.56,23.93,0.0871,0
91.59,40.7,45.62,0.2434,0.0594,30.19,2.0,20.07,0.9078,1
68.29,22.61,34.87,0.6283,-0.22,239.83,5.55,26.37,0.1021,0
31.08,44.91,63.38,0.5885,-0.202,92.62,1.49,31.39,0.7448,0
111.02,78.28,56.48,0.2544,0.1297,147.81,12.31,34.81,0.8978,1
101.41,89.54,60.74,0.4003,0.1389,28.99,8.39,26.75,0.9524,1
77.81,87.14,87.39,0.525,0.1642,73.23,1.65,23.49,0.9851,1
107.33,55.39,34.1,0.562,-0.0205,187.38,10.68,20.41,0.617,0
90.5,50.65,88.64,0.8407,-0.0954,244.51,3.13,36.51,0.5781,0
110.21,57.4,76.0,0.2956,-0.0655,611.67,3.72,29.65,0.404,1
11.37,26.1,66.05,0.345,-0.2797,128.8,12.62,25.83,0.0981,0
28.32,40.59,60.39,0.7792,-0.4012,417.07,18.75,28.14,0.0314,1
38.81,53.85,58.91,0.2684,-0.0904,170.95,2.45,26.38,0.5857,1
87.47,74.83,53.83,0.0564,-0.0184,397.7,6.45,23.09,0.7726,0
13.55,44.83,69.55,0.3554,-0.271,735.61,3.73,26.7,0.0151,0
79.02,95.67,71.67,0.584,0.0143,41.6,8.7,23.19,0.968,1
82.61,36.44,32.61,-0.0841,-0.181,507.38,2.78,21.35,0.1088,0
36.88,70.99,76.91,0.0794,0.0257,356.36,11.77,22.08,0.4739,0
130.73,58.38,61.31,0.2876,0.0947,34.58,5.84,25.71,0.8926,1
86.28,80.39,45.94,0.4327,0.0695,853.22,1.5,28.59,0.0705,0
40.85,93.79,37.34,0.315,0.203,216.86,16.47,27.96,0.6382,1
59.0,43.0,79.83,0.346,-0.4214,902.9,2.85,25.69,0.0157,0
84.07,22.34,70.36,0.1326,-0.1432,254.65,12.01,28.73,0.2647,0
70.37,24.76,73.32,0.3001,-0.0424,130.81,10.65,24.68,0.3104,1
16.36,48.23,90.94,0.2625,-0.1371,165.9,15.96,31.42,0.251,0
7.65,11.93,81.52,0.3524,-0.2663,163.57,6.99,34.37,0.0988,0
66.59,74.98,84.64,0.4899,0.0532,606.2,0.8,22.94,0.3811,0
97.09,42.92,43.16,0.0735,-0.1169,237.46,0.52,18.31,0.4354,0
169.33,49.8,59.67,0.4856,0.1197,304.11,4.07,19.06,0.6654,0
25.23,59.9,64.4,0.4796,-0.0706,439.87,0.84,32.23,0.1794,0
70.35,61.33,40.28,0.2908,-0.1036,360.96,4.92,25.91,0.4494,1
42.91,61.67,69.65,0.3954,0.0205,153.9,6.21,33.72,0.6195,0
8.61,15.66,43.58,0.046,-0.4289,302.01,1.52,26.38,0.0318,0
19.93,67.36,80.3,0.4795,0.0263,256.4,2.55,41.44,0.3883,1
62.05,46.0,56.9,0.4709,-0.069,266.31,3.37,27.98,0.1689,1
59.63,64.61,65.27,0.247,-0.1388,557.03,7.49,26.91,0.1579,0
3.79,64.92,78.0,0.3358,-0.0795,312.11,4.34,30.77,0.539,1
45.58,49.63,81.46,0.3556,-0.1187,771.85,3.45,23.98,0.0289,0
86.84,74.38,73.01,0.4705,-0.0148,261.09,0.8,31.42,0.625,0
45.18,40.68,79.68,0.3937,-0.193,557.44,1.94,26.68,0.1973,0
164.77,53.23,63.55,0.4182,0.1235,390.45,1.31,24.09,0.7818,1
28.46,24.53,67.73,0.447,-0.4152,342.65,3.41,24.11,0.0794,0
21.66,57.91,46.34,0.713,0.1844,47.97,1.07,35.77,0.726,1
147.83,37.77,65.37,0.5497,0.0462,287.37,6.1,34.34,0.758,1
18.35,23.23,76.13,0.403,-0.1651,301.92,4.44,26.21,0.1015,0
118.1,9.46,91.94,0.6688,-0.1898,162.72,5.03,27.44,0.471,0
86.58,34.89,66.31,0.2276,-0.0056,161.6,6.84,20.42,0.7357,0
15.17,18.37,54.49,0.3783,-0.0879,135.65,0.67,22.2,0.1898,0
90.82,52.81,79.69,0.4126,-0.0412,451.97,1.3,20.62,0.6126,1
53.03,50.66,39.08,0.4546,-0.0883,484.56,12.54,26.04,0.0633,0
106.08,32.2,69.06,0.2805,-0.1259,232.53,6.69,31.75,0.4171,0
139.51,21.43,59.04,0.34,-0.0089,110.67,2.36,26.98,0.7487,0
84.7,41.73,80.52,0.3952,-0.2488,336.18,0.81,22.0,0.426,0
71.45,45.83,59.9,0.5155,-0.1058,92.42,4.13,26.93,0.8439,1
94.08,59.83,76.34,0.3915,0.0474,199.19,3.63,28.36,0.8952,1
81.77,28.21,83.76,0.3842,-0.188,364.68,6.17,35.32,0.3406,0
89.68,43.47,59.04,0.446,0.0053,260.04,5.91,20.89,0.6129,1
55.18,51.06,69.65,0.9619,0.0814,141.44,8.99,18.39,0.4507,1
23.42,93.55,61.11,0.5331,-0.0574,243.4,1.24,31.56,0.775,0
124.61,37.28,92.87,0.6724,-0.0763,408.56,5.93,29.81,0.5647,0
82.01,61.13,64.88,0.482,-0.1289,88.31,10.33,20.39,0.6686,1
181.26,43.11,67.91,0.5072,-0.0893,1043.68,14.81,33.15,0.0244,0
97.56,55.5,78.0,0.3575,-0.1729,407.61,1.92,32.09,0.5292,1
18.7,13.08,73.12,0.5251,-0.3056,143.75,9.83,30.7,0.0662,0
53.29,94.55,57.17,0.3142,0.0558,179.83,8.55,32.87,0.889,1
55.41,49.18,74.03,0.3286,-0.3111,451.11,2.42,30.98,0.2013,0
79.43,44.14,66.16,0.3495,0.0359,66.42,3.38,28.16,0.8101,1
26.17,83.61,58.55,0.6594,-0.0394,286.03,4.02,24.41,0.4312,1
36.18,34.97,85.07,0.3924,-0.2808,394.63,16.46,30.02,0.0505,0
71.57,76.21,59.72,0.3262,-0.0052,143.67,4.48,25.22,0.8366,1
115.57,54.26,69.82,0.8049,-0.0632,205.08,0.73,30.66,0.8542,1
39.33,82.22,56.5,0.1258,-0.2014,290.82,3.48,31.16,0.6561,1
55.59,48.37,72.29,0.3119,-0.0528,143.25,1.13,24.57,0.7105,0
14.15,20.77,63.23,0.3536,-0.3618,229.85,3.23,30.77,0.1408,0
44.67,46.66,53.5,0.1606,0.0011,243.05,3.08,26.53,0.2856,1
80.99,64.67,82.76,0.6312,0.072,354.61,2.2,35.62,0.513,0
39.54,76.14,53.24,0.4943,-0.3744,631.11,11.75,18.25,0.059,0
122.42,64.81,30.32,0.3139,-0.1404,628.6,0.91,28.46,0.3648,0
327.45,37.49,48.05,0.312,0.3637,38.73,2.33,20.22,0.9985,1
95.61,15.3,51.87,0.4632,-0.0229,313.29,11.45,28.31,0.1192,0
21.53,49.8,93.96,0.5866,-0.1838,92.93,2.29,26.32,0.6335,1
29.0,65.95,80.9,0.6223,-0.0073,164.33,5.49,24.67,0.469,0
76.33,59.85,77.12,0.3551,0.0582,194.65,3.54,38.7,0.8929,1
51.41,16.52,55.85,0.1932,-0.3486,339.52,4.73,19.33,0.1473,0
72.1,63.24,69.26,0.2684,-0.162,322.64,9.08,27.49,0.7258,0
106.99,35.5,61.0,0.0855,0.0204,214.02,2.33,29.31,0.4234,0
76.95,78.13,45.77,0.2789,-0.2994,1242.42,4.99,24.47,0.0063,0
122.16,45.59,100.0,0.5708,0.0516,74.44,3.62,26.91,0.9355,1
17.15,78.24,74.09,0.504,-0.0825,420.48,1.88,28.32,0.1581,0
20.21,59.11,61.41,0.579,-0.2318,221.85,3.68,16.31,0.4026,0
212.96,44.79,58.68,0.743,0.0412,259.8,13.06,23.63,0.7431,1
103.56,64.56,53.6,0.7044,0.0324,71.52,1.5,27.47,0.9289,1
82.31,57.65,82.57,0.2354,0.1591,260.9,3.33,32.48,0.7213,1
104.87,75.81,47.78,0.7237,0.0953,36.22,12.42,20.82,0.8476,1
104.37,24.51,65.35,0.4707,-0.5209,512.67,1.93,31.39,0.1221,0
179.67,76.64,77.13,-0.2793,0.1888,715.35,6.47,26.8,0.8325,1
116.41,24.33,80.9,0.213,0.062,179.84,0.03,34.93,0.7398,1
83.18,31.62,61.58,0.9231,-0.2044,29.07,7.07,34.73,0.4711,1
296.02,28.09,53.18,0.3187,0.026,290.37,14.95,34.61,0.9786,1
52.55,42.64,84.54,0.3105,0.0082,355.66,1.22,23.08,0.4036,0
50.28,71.58,79.93,0.4091,-0.0525,168.78,4.53,26.93,0.6748,0
47.63,68.82,74.26,0.0642,-0.1413,155.36,10.48,26.27,0.6412,1
42.55,29.05,77.25,0.6774,-0.0214,229.09,0.54,32.35,0.3904,0
112.69,36.96,74.71,0.5485,-0.0477,116.78,10.78,26.23,0.6803,1
22.62,26.12,57.26,0.546,-0.3221,534.31,14.02,29.06,0.0067,0
1.64,44.7,70.04,0.0358,-0.3001,441.34,7.28,18.15,0.0346,0
47.19,19.34,86.74,0.0863,-0.1296,30.3,2.72,31.65,0.5203,0
141.79,38.19,97.93,0.5971,0.0681,204.19,11.08,30.08,0.8584,1
116.84,47.85,60.54,0.4903,0.0895,241.59,8.5,15.81,0.7623,1
24.65,55.07,56.04,0.5158,0.0663,151.64,0.34,26.15,0.5711,1
71.23,62.79,63.09,0.3134,-0.0621,61.29,2.08,35.11,0.8934,0
73.01,46.03,78.23,0.5526,-0.193,337.53,5.01,27.03,0.2267,0
236.32,47.78,58.55,0.2802,0.1146,386.72,0.26,27.97,0.906,0
53.55,43.43,58.88,0.1556,-0.1018,113.54,7.38,28.1,0.6202,1
73.26,22.53,74.13,0.3559,-0.1279,297.82,3.71,30.35,0.2411,0
31.15,49.74,41.14,0.3589,-0.2916,428.77,2.03,27.26,0.0863,0
94.64,10.9,60.7,0.7873,-0.5225,605.43,1.32,21.26,0.0334,0
116.72,20.06,23.08,0.5024,-0.1259,186.14,0.6,27.78,0.3205,1
67.02,38.57,56.76,0.4948,0.0384,168.13,9.26,30.09,0.5466,1
51.2,42.66,78.12,0.3011,-0.2605,315.78,9.86,23.58,0.1678,0
162.17,61.51,93.64,0.3112,0.1085,667.69,7.21,28.85,0.5133,1
120.38,51.12,54.65,0.2534,-0.0544,208.29,1.1,20.53,0.9545,1
51.4,35.86,85.31,0.6228,-0.2914,597.17,18.35,25.84,0.0134,0
66.89,38.71,86.53,0.0836,-0.0782,348.32,13.61,34.5,0.4132,1
29.7,73.39,41.59,0.5931,-0.0748,513.71,8.61,33.1,0.1149,0
31.68,75.72,70.15,0.4961,0.0651,268.66,1.53,26.42,0.415,0
77.41,77.57,95.51,0.3478,-0.0489,200.91,5.96,29.47,0.7248,1
97.55,59.44,80.55,0.529,-0.0804,495.13,8.55,29.15,0.2208,0
60.03,26.05,63.53,0.0336,-0.3644,831.89,2.2,21.58,0.0051,0
146.52,4.87,78.1,0.566,-0.2627,140.41,7.03,23.6,0.5602,1
34.54,26.67,59.41,0.6493,-0.217,269.96,9.12,30.78,0.0595,0
146.73,10.23,84.99,0.4488,-0.0313,161.89,10.2,33.7,0.7512,1
159.82,46.0,89.6,0.4735,0.1247,204.77,4.96,33.1,0.8975,1
247.21,29.79,59.74,0.1241,0.0096,381.92,2.68,26.46,0.9302,1
79.42,28.73,63.67,0.058,-0.3003,498.17,4.01,29.31,0.3169,1
44.25,77.64,66.44,0.4667,-0.1267,490.71,1.72,21.13,0.2639,0
65.79,75.23,57.84,0.2122,0.1146,212.1,0.44,21.06,0.8812,1
145.98,34.93,90.87,0.7703,0.2052,44.27,22.54,18.6,0.8441,1
66.83,62.09,68.45,0.3191,-0.1226,403.68,2.11,21.94,0.2874,1
200.57,39.35,72.67,0.4049,0.0488,789.62,4.99,33.51,0.3204,0
70.31,24.56,90.85,0.4831,-0.1954,87.78,1.84,26.13,0.799,1
32.52,68.94,61.69,0.5503,-0.005,405.84,7.03,15.04,0.1509,0
14.47,61.09,60.09,0.2632,-0.3336,114.01,11.73,35.4,0.173,0
12.97,58.3,78.03,-0.131,-0.0212,300.44,1.68,25.25,0.6544,1
124.67,46.2,64.49,0.3251,-0.1144,520.11,2.2,32.98,0.3748,1
140.34,39.11,66.76,0.3702,-0.022,19.03,1.09,34.88,0.9701,1
43.2,22.41,64.95,0.3272,-0.211,364.04,1.37,21.59,0.1131,0
66.26,66.64,97.79,0.639,0.0206,454.0,4.31,28.87,0.7089,1
77.26,52.91,72.6,0.3779,-0.1518,338.21,4.47,31.76,0.509,0
150.96,42.46,84.89,0.6326,0.1548,156.62,1.55,17.75,0.896,1
65.23,20.4,43.73,0.568,-0.304,465.08,5.02,35.09,0.0712,0
31.63,25.38,69.07,0.1493,-0.4252,366.44,22.84,29.05,0.0408,0
221.37,49.9,63.59,-0.0482,0.0178,305.4,0.99,23.22,0.9595,1
90.44,41.48,54.8,0.4847,0.0154,219.83,1.73,19.66,0.7482,0
22.23,74.96,59.78,0.2895,-0.245,574.44,2.28,23.27,0.2889,0
18.64,85.55,96.71,0.4941,-0.1285,110.72,4.15,24.19,0.6099,1
80.35,31.68,57.39,0.2861,-0.2498,421.76,0.58,27.48,0.3663,1
24.8,75.92,54.84,0.3713,0.0334,257.02,4.98,29.01,0.6464,1
152.01,57.25,48.84,0.5146,-0.0241,434.38,2.83,29.43,0.6387,0
88.61,23.72,53.78,0.3856,-0.0502,172.78,0.49,22.09,0.6176,0
150.66,25.62,62.79,0.7944,-0.1301,237.09,9.5,18.84,0.8156,1
5.81,76.77,50.21,0.4362,-0.0273,456.25,6.57,23.12,0.4078,1
183.21,56.14,61.52,0.5886,0.2494,88.68,4.12,24.68,0.9773,1
25.86,77.71,76.48,0.4193,-0.3559,1207.1,3.97,24.71,0.0038,0
103.82,48.08,64.16,0.2978,0.0178,60.79,1.35,25.82,0.8824,1
26.53,46.14,73.19,0.0983,-0.2484,224.9,4.65,25.95,0.2507,0
89.99,18.24,46.95,0.9327,-0.0778,156.92,1.19,33.34,0.5166,0
61.84,21.31,84.15,0.422,-0.2367,57.6,13.82,15.55,0.3824,0
88.28,66.77,73.65,0.3173,-0.1236,159.68,1.76,26.27,0.8657,1
46.35,38.74,46.36,0.4209,0.1754,452.82,9.81,28.31,0.1143,0
27.21,72.17,45.51,0.5251,-0.0255,186.34,6.59,31.12,0.5026,1
42.67,30.11,77.31,0.6611,-0.1872,386.6,0.06,29.17,0.1306,1
62.27,46.99,74.01,0.0417,-0.07,140.71,6.09,28.53,0.7898,1
98.03,59.98,41.56,0.2815,0.0042,15.59,3.1,26.77,0.9683,1
86.86,53.26,68.97,0.4982,-0.0786,292.05,3.85,28.8,0.5627,0
11.67,62.75,47.09,0.456,-0.1359,590.8,3.06,29.02,0.0368,0
106.81,48.73,39.3,0.4251,-0.1125,398.79,7.74,24.47,0.3434,1
27.92,56.45,53.3,0.2009,-0.0182,46.24,8.22,23.77,0.5728,0
109.79,48.42,52.75,0.4754,0.0096,149.21,7.33,45.0,0.8742,1
35.76,53.71,71.18,-0.0465,0.0362,252.34,5.01,27.16,0.4998,0
71.68,88.32,87.85,0.3453,-0.0733,359.46,13.97,26.34,0.5449,1
133.4,42.56,71.14,0.6917,-0.062,244.09,15.08,26.03,0.5509,0
17.04,36.39,48.1,0.4454,-0.3037,236.39,10.3,18.6,0.2384,0
98.09,53.13,53.42,0.5992,-0.026,198.95,8.48,28.52,0.6448,0
35.89,40.93,67.34,0.394,-0.0927,205.2,1.5,27.11,0.5469,1
80.02,28.36,71.89,0.3209,-0.0123,78.77,9.75,22.84,0.7301,1
9.42,62.76,74.45,0.5026,-0.0865,362.4,5.08,19.58,0.235,1
8.92,57.74,57.09,0.2598,-0.3256,230.38,4.62,29.57,0.281,0
44.01,25.8,67.14,0.2068,-0.3895,117.98,6.89,28.36,0.6326,0
63.93,43.79,57.03,0.3106,-0.1864,479.78,1.38,20.65,0.3225,0
16.55,37.54,68.47,0.3063,-0.2952,212.61,2.19,21.97,0.4161,0
38.01,47.46,43.32,0.4451,-0.1966,798.08,1.73,24.52,0.0157,0
109.64,51.21,73.33,0.2575,0.0469,154.73,4.99,22.31,0.694,0
50.86,26.67,77.56,0.6724,-0.444,154.05,0.67,18.63,0.5307,1
25.06,70.3,76.07,0.5054,-0.0005,124.37,19.8,29.87,0.4559,0
72.98,56.14,72.37,0.3335,-0.1503,854.9,6.23,25.52,0.0662,0
152.75,49.15,46.67,-0.0146,0.1045,360.38,2.2,37.47,0.8842,0
89.12,56.54,38.3,0.4854,-0.1486,901.33,2.74,24.32,0.0292,0
137.14,12.63,81.05,0.4063,-0.1344,115.9,9.61,27.29,0.7869,1
37.44,54.8,95.62,0.3477,-0.0662,249.74,9.49,28.11,0.522,1
54.06,29.68,80.17,0.4744,0.0141,136.19,2.0,22.34,0.5475,1
44.74,76.19,38.88,0.4685,0.0057,264.56,6.69,24.87,0.3887,1
68.57,90.82,33.7,0.759,-0.0176,255.98,2.29,25.54,0.7896,1
60.71,46.07,85.51,0.5811,-0.0884,309.03,5.63,19.32,0.3486,0
69.36,27.34,77.92,0.5378,-0.1379,418.32,15.78,29.95,0.0316,0
189.87,54.87,48.46,0.6639,-0.0103,275.87,4.68,28.37,0.8339,1
69.61,87.71,85.28,0.7106,-0.071,264.98,7.1,34.27,0.8531,1
63.88,41.52,58.96,0.2968,-0.0763,163.22,2.12,25.28,0.3982,1
66.78,44.59,74.97,0.6103,-0.1787,271.38,3.21,28.3,0.1799,0
56.16,24.84,54.53,0.5936,-0.1785,363.26,20.15,27.67,0.0082,0
82.13,49.27,85.26,0.1831,-0.0154,364.37,9.14,21.85,0.4527,0
19.21,62.07,71.41,0.4277,-0.1256,227.24,1.21,29.91,0.3317,0
43.53,38.1,84.02,0.1614,-0.1471,74.91,1.77,21.39,0.7437,1
17.4,55.59,65.99,-0.0045,-0.092,304.99,13.02,28.26,0.2081,1
80.62,67.93,65.11,0.4422,0.0683,375.66,1.25,23.05,0.4858,1
63.27,45.51,46.49,0.544,-0.1211,491.8,0.28,21.57,0.1819,0
26.55,36.67,69.81,1.0,-0.1699,168.21,14.11,32.07,0.4051,1
157.99,26.54,43.5,0.6371,0.0137,137.26,0.63,27.16,0.7962,1
72.97,35.02,87.13,0.39,-0.3564,809.97,4.56,30.53,0.0294,0
127.52,29.82,61.14,0.3442,-0.0586,140.87,4.91,29.9,0.8546,0
48.98,41.47,50.56,0.4657,0.0752,260.52,4.86,31.16,0.3676,0
25.67,82.2,73.69,0.2109,0.0992,17.2,9.18,33.29,0.9303,1
83.07,44.81,59.59,0.1859,-0.1118,535.96,8.19,20.7,0.1062,0
71.84,81.06,84.6,0.3285,0.0572,185.85,1.27,27.47,0.9638,1
21.31,40.19,60.56,0.2985,-0.4047,398.98,6.98,29.06,0.0448,0
89.52,63.29,76.72,0.3566,-0.0929,356.7,1.75,28.59,0.7313,0
87.08,24.94,70.98,0.4877,-0.1135,93.8,5.97,26.53,0.4943,0
90.08,38.68,69.21,0.3854,-0.255,122.68,10.87,23.7,0.6429,0
67.79,88.01,59.27,0.462,0.1319,245.17,1.06,29.95,0.9534,1
116.0,72.77,72.8,0.0356,0.2494,132.33,3.64,28.13,0.9331,1
117.98,56.47,50.75,0.4521,-0.0633,468.92,5.95,30.67,0.567,0
46.14,94.99,97.28,0.401,0.1757,218.51,1.05,30.42,0.8728,0
24.15,68.99,70.62,0.4697,0.1133,77.55,1.32,32.48,0.7301,1
47.64,58.76,71.37,0.0445,0.1061,266.88,12.68,27.12,0.5053,1
88.72,29.95,64.66,0.0351,-0.0232,44.5,13.19,31.25,0.8623,1
70.81,84.53,72.78,0.2934,0.1515,422.09,14.64,31.07,0.5117,1
16.18,70.79,67.05,0.1364,0.2239,115.96,3.83,33.79,0.7499,1
136.83,86.43,85.16,0.3809,0.2537,467.64,7.91,19.95,0.857,1
127.01,54.83,36.56,0.4542,-0.2496,830.25,8.48,29.85,0.0746,1
42.18,94.95,38.93,0.1779,0.0684,68.16,0.33,25.29,0.9542,1
110.24,31.51,61.48,0.3543,-0.1827,335.3,5.98,26.75,0.3371,1
41.72,45.02,59.52,0.2741,-0.274,454.85,3.49,35.38,0.1522,0
170.39,71.15,77.52,0.0804,0.0691,98.77,4.42,24.72,0.9948,1
60.56,41.24,73.73,0.1257,-0.127,27.9,11.68,21.93,0.8526,1
26.5,84.48,52.53,0.4336,0.2289,110.02,7.29,25.57,0.7132,1
75.24,79.81,100.0,0.6099,0.1611,79.23,4.67,20.79,0.9508,1
84.98,36.1,80.18,0.8454,-0.1467,243.08,12.25,27.67,0.2615,0
56.37,60.12,82.1,0.5936,-0.1149,120.6,1.2,26.61,0.7321,1
155.66,33.91,61.52,0.745,-0.1409,377.75,4.61,29.67,0.6849,1
77.27,39.49,52.54,0.4175,-0.1563,443.65,21.58,20.03,0.0801,0
83.58,60.32,94.37,0.1738,-0.0741,257.57,5.32,23.64,0.7785,1
57.1,43.33,67.52,1.0,0.0046,160.24,3.05,26.45,0.6794,0
70.03,64.98,98.55,0.3131,-0.1371,274.35,6.93,29.02,0.7958,0
21.26,70.62,99.63,-0.0755,0.0176,159.75,9.57,18.16,0.7021,1
26.19,33.66,62.67,0.5307,-0.2324,264.15,7.56,25.28,0.0916,0
109.48,74.22,63.84,0.3236,0.1808,28.19,8.53,26.53,0.9402,1
92.7,55.75,70.5,0.5793,-0.1229,242.34,5.25,21.51,0.4528,0
46.43,22.83,47.06,0.3171,-0.1737,526.55,2.19,35.52,0.0389,0
21.37,52.35,38.27,0.6502,-0.1276,209.49,2.18,27.62,0.2566,0
8.84,65.23,52.06,0.7517,-0.3133,1080.09,1.28,25.31,0.001,0
77.52,56.92,83.59,0.338,-0.004,71.51,6.24,27.01,0.9303,1
138.08,32.76,52.48,0.2223,0.1837,195.84,7.37,22.66,0.687,1
50.93,41.57,64.0,0.3129,-0.1942,376.03,13.72,24.33,0.1795,0
15.19,78.33,79.99,0.3748,0.2602,186.73,11.38,26.1,0.7097,1
24.22,87.17,36.9,0.2584,-0.1892,408.52,9.8,23.31,0.1593,0
77.41,58.91,41.11,0.1917,-0.0166,35.38,1.84,34.48,0.7187,1
49.51,8.31,91.48,0.2996,-0.2743,187.66,5.82,26.08,0.3478,0
112.13,41.67,61.16,0.6724,-0.0793,366.64,2.81,28.82,0.3375,0
54.34,61.53,77.53,0.5347,-0.1573,192.4,1.44,23.01,0.8348,1
128.91,32.98,52.21,0.1428,-0.0427,321.0,6.55,27.74,0.5856,0
75.9,38.75,49.09,0.5977,-0.1906,552.32,7.43,24.21,0.0392,0
107.02,43.41,48.99,0.1306,-0.0798,406.71,3.99,31.77,0.7572,1
84.24,95.38,31.47,0.4326,0.1652,54.69,0.94,20.56,0.9513,0
75.87,96.65,77.19,0.5525,0.0542,123.96,12.86,20.98,0.9412,1
117.35,97.66,44.76,-0.0892,0.1261,170.24,5.37,26.6,0.97,1
80.45,41.76,42.67,0.781,-0.1755,581.34,4.68,32.63,0.0441,0
102.75,18.82,64.2,0.062,-0.1458,45.0,15.33,27.74,0.802,1
138.7,56.02,65.13,0.2556,-0.0015,422.7,11.83,24.45,0.7155,1
113.74,46.11,90.66,0.1353,0.0502,39.53,5.48,29.2,0.976,0
89.78,30.84,55.11,0.0062,-0.0979,146.26,15.11,27.63,0.5931,0
57.87,46.81,83.29,0.5716,-0.0646,265.56,6.53,25.13,0.3797,0
51.87,78.64,52.58,0.2954,-0.1171,306.81,1.43,31.87,0.4928,1
42.18,28.26,50.96,0.2125,-0.1298,117.86,1.72,18.65,0.4038,1
70.89,50.79,69.04,0.0778,-0.2607,114.84,12.87,20.51,0.7267,0
6.08,29.86,69.08,0.3507,-0.1329,168.14,0.22,27.49,0.4805,1
73.43,72.68,42.22,0.4411,-0.0238,525.09,9.14,28.68,0.1498,0
17.49,23.01,81.15,-0.3751,-0.1813,126.83,1.72,24.24,0.4825,0
109.36,35.71,48.79,0.4529,-0.0585,166.3,2.77,35.43,0.5969,0
54.84,18.61,64.41,-0.355,-0.3309,89.44,9.07,31.61,0.5487,0
29.76,86.81,57.29,0.3366,-0.0486,371.73,0.44,18.17,0.6517,0
95.27,23.77,37.14,0.6668,0.1343,105.07,3.3,31.05,0.6949,1
58.68,53.92,84.86,0.3547,-0.0386,297.63,4.02,28.0,0.3623,1
77.54,65.53,74.7,0.2825,0.0064,453.05,1.4,31.79,0.4934,1
67.67,86.36,50.28,0.3998,0.0004,248.57,0.55,27.25,0.7629,1
110.91,9.15,61.66,0.6198,-0.2472,119.32,4.0,23.02,0.3674,0
26.45,18.82,64.95,0.3603,-0.0924,130.53,6.82,22.78,0.1139,0
70.81,21.19,35.99,0.4388,-0.0496,143.97,6.04,27.53,0.3449,1
36.55,11.9,62.68,0.1356,-0.1928,147.38,4.74,22.11,0.243,0
13.74,36.11,58.59,0.3491,-0.2298,150.31,0.79,26.18,0.2125,0
33.02,5.63,53.62,0.3826,-0.5129,563.13,7.34,30.54,0.0061,0
128.16,54.92,68.47,0.4982,0.0205,571.37,2.67,30.96,0.5109,0
70.13,81.19,48.0,0.1727,0.0443,173.98,4.72,29.72,0.7807,1
103.31,55.27,38.02,0.3419,-0.0903,231.35,1.71,29.67,0.7244,1
80.13,72.81,81.08,0.2464,0.0981,38.29,2.76,23.62,0.9765,1
113.05,12.97,54.86,0.6569,-0.1534,59.2,1.89,22.74,0.6789,0
10.57,39.31,63.32,0.2885,-0.2577,575.51,3.52,22.52,0.0274,0
123.95,31.29,91.6,0.563,-0.0961,264.66,0.66,22.84,0.7516,1
73.75,70.37,61.82,0.3799,0.0633,201.05,0.97,27.4,0.9448,1
248.15,39.56,66.9,0.2,0.1904,329.94,3.92,22.89,0.946,1
15.78,18.69,92.59,0.6179,-0.247,228.61,6.16,23.39,0.0757,0
87.26,12.94,94.35,0.3055,-0.2433,261.35,4.06,34.14,0.54,0
29.15,59.68,60.83,0.5041,-0.0514,75.16,1.5,30.71,0.7372,1
33.54,26.58,75.24,0.3537,-0.2331,321.76,1.65,18.63,0.2112,0
157.69,18.28,78.62,0.1378,-0.0983,612.0,1.0,30.34,0.2615,0
175.97,59.28,53.23,0.5314,0.0577,408.94,5.06,29.51,0.7116,0
78.93,76.43,49.77,0.4339,0.1562,311.88,13.64,35.99,0.544,1
92.49,62.61,62.86,0.0809,-0.0803,624.9,8.52,18.65,0.1845,1
48.44,41.34,50.84,0.383,-0.2826,388.19,0.34,32.48,0.2555,1
122.48,8.42,82.44,0.1179,-0.0725,266.6,1.6,24.68,0.3631,0
61.88,14.91,68.56,0.3016,-0.1254,368.33,3.09,36.44,0.1267,0
50.72,85.93,51.25,0.1163,0.1182,273.38,3.82,21.49,0.6421,0
280.92,35.77,46.63,0.1772,0.0711,622.3,3.2,20.96,0.8981,1
262.38,61.24,58.21,0.3639,0.2365,190.84,11.96,19.76,0.984,1
116.46,50.38,48.72,0.3797,0.0168,195.83,2.53,22.12,0.8405,1
20.42,43.61,70.85,0.4773,-0.0971,320.86,5.02,31.89,0.1916,0
207.85,73.59,87.87,0.4889,0.2845,234.05,1.64,29.53,0.9919,1
47.08,47.78,96.03,-0.1843,-0.087,482.68,3.46,16.97,0.3634,0
147.11,58.47,53.1,0.5842,-0.2553,1285.27,11.75,26.45,0.0054,0
27.52,48.83,81.48,0.7773,-0.172,160.22,4.54,25.32,0.4665,1
96.98,67.47,68.12,0.2071,-0.0152,281.29,3.35,28.34,0.8224,0
99.5,23.32,39.88,0.4468,-0.1468,26.09,9.21,25.62,0.4919,0
30.0,57.91,53.59,0.6018,-0.1837,357.57,0.95,37.96,0.2824,0
12.98,54.12,64.04,0.4832,-0.2103,225.34,7.18,42.37,0.1184,0
13.67,70.79,67.22,0.5465,-0.0733,377.21,0.51,25.58,0.422,0
49.47,46.49,57.69,0.0398,-0.0649,231.73,4.15,23.46,0.4671,0
42.72,39.85,50.39,0.2726,-0.0894,243.22,0.32,23.41,0.4156,1
6.29,30.33,57.81,0.4001,-0.2849,446.56,1.9,29.75,0.0321,0
82.27,49.98,30.3,0.3084,-0.1238,781.35,6.26,24.28,0.0433,0
170.32,81.69,59.22,0.4539,0.3672,110.14,2.02,28.21,0.986,1
51.83,20.84,61.83,0.483,-0.1227,34.75,21.04,18.41,0.321,1
36.9,97.39,72.39,0.2718,0.2052,219.28,1.34,24.33,0.9,1
199.65,44.97,71.37,0.0474,-0.0859,527.9,3.49,30.92,0.67,1
38.25,55.75,73.17,0.4921,-0.385,337.36,2.18,25.48,0.1507,0
40.92,32.83,76.19,0.0382,-0.3393,390.59,0.75,20.55,0.1934,0
33.25,22.44,51.93,0.4584,-0.1589,104.78,7.85,22.0,0.3441,0
58.97,77.17,53.29,0.3541,-0.0282,275.53,9.26,27.06,0.5721,1
96.53,4.08,92.01,0.8061,-0.1311,40.13,4.46,26.86,0.6533,1
110.83,49.66,64.37,0.3039,-0.1092,335.35,10.01,30.29,0.7138,1
42.44,23.31,75.67,0.28,-0.3382,259.29,11.27,21.99,0.1283,0
101.1,24.76,43.95,0.5378,-0.2848,539.33,7.61,35.96,0.1113,0
76.96,15.37,87.3,0.3142,-0.1914,56.21,14.48,20.07,0.4712,1
83.57,48.69,45.76,0.3737,-0.1796,645.87,4.25,19.1,0.0448,0
23.81,64.86,95.54,0.3707,-0.2403,528.92,3.93,27.87,0.1346,0
30.78,33.29,66.19,0.412,-0.3147,463.71,1.97,30.06,0.0336,0
91.83,47.78,75.55,0.6124,0.0586,169.78,10.4,29.28,0.5638,0
7.09,81.58,55.8,0.4704,0.0337,91.04,14.27,34.59,0.7258,0
83.3,15.02,73.87,0.442,0.0118,351.44,2.99,25.43,0.2118,1
60.61,17.35,44.29,0.6197,-0.2145,18.25,7.11,18.44,0.2629,0
37.77,48.69,61.5,0.3615,-0.1499,440.35,3.63,21.84,0.1806,0
31.55,92.7,60.32,0.4544,-0.123,537.85,3.04,28.83,0.2444,0
98.37,30.56,70.08,0.5655,-0.1462,192.61,7.71,24.4,0.4843,0
37.94,45.94,58.29,0.4985,-0.1553,142.47,6.55,23.56,0.3745,1
38.05,78.96,79.06,0.3719,-0.0182,382.88,3.94,29.24,0.6285,0
20.02,18.64,72.0,0.1252,-0.3735,449.26,2.55,25.54,0.0225,0
112.89,41.49,91.29,0.4001,-0.2128,325.5,8.49,32.27,0.5627,0
63.53,48.19,52.42,-0.0065,0.0207,404.72,14.71,22.62,0.2573,0
118.56,31.56,69.65,0.2782,0.0237,255.79,7.61,35.05,0.8565,1
44.64,67.22,70.21,0.5546,0.0576,164.19,0.51,19.12,0.7816,1
25.88,52.62,61.64,0.5082,-0.0163,91.47,4.49,31.1,0.4621,0
95.4,90.35,81.86,0.2375,0.1706,95.26,4.55,23.16,0.9628,1
89.3,27.69,74.07,0.5554,-0.1061,528.38,9.46,22.93,0.0781,0
58.3,49.81,58.14,0.5873,-0.0843,117.65,0.17,29.84,0.6613,0
39.74,96.7,54.29,0.7089,-0.0945,538.57,5.43,32.58,0.2027,1
167.49,25.31,77.36,0.5409,-0.049,199.24,11.03,39.13,0.811,1
231.8,71.41,63.04,0.1057,0.2361,154.24,2.26,26.82,0.9942,1
26.23,17.01,78.61,0.2782,-0.0808,235.71,1.62,32.22,0.1373,1
0.59,48.67,88.94,0.2102,-0.1261,206.65,6.61,23.25,0.2277,1
7.67,34.58,58.89,0.4616,-0.0672,87.47,9.07,33.12,0.1213,0
34.07,59.84,81.09,0.5762,-0.107,240.31,2.21,21.78,0.6157,1
118.37,60.99,79.48,0.2697,0.2137,134.32,4.29,29.41,0.969,1
18.21,29.92,64.12,0.1882,-0.1794,709.65,10.1,29.93,0.0107,0
44.54,17.56,61.79,0.4659,-0.1398,299.6,6.74,24.56,0.0151,0
174.23,2.74,26.59,-0.0634,-0.0902,219.47,8.8,24.17,0.5795,1
170.27,18.8,32.82,0.2199,-0.0684,189.64,5.6,21.99,0.7627,1
95.43,34.25,55.46,0.3614,0.034,146.19,6.82,25.5,0.589,0
143.41,55.38,62.33,0.1485,-0.002,92.11,3.66,25.92,0.9044,0
76.24,23.81,46.04,0.3599,-0.4065,746.33,0.78,31.93,0.0113,0
45.82,65.01,25.67,0.056,0.0808,28.05,1.1,21.86,0.9101,1
93.1,33.21,54.89,0.2768,-0.0875,140.81,8.03,27.92,0.6989,1
216.17,44.7,52.51,0.3985,0.2113,439.8,11.02,23.44,0.8054,1
27.37,39.47,48.32,0.7274,-0.2243,363.21,17.84,20.4,0.0363,0
54.79,79.53,44.51,0.1098,0.1398,47.98,7.87,37.94,0.8417,0
140.32,89.73,86.5,0.5618,0.2345,93.7,2.86,31.17,0.9799,1
261.42,54.62,36.1,0.2671,0.2264,64.93,3.16,21.67,0.9963,1
134.06,74.67,41.7,0.4014,0.1011,378.45,9.11,25.46,0.7446,0
38.43,88.46,64.41,0.2739,0.0357,86.73,6.21,32.03,0.843,1
12.01,34.2,78.12,0.3939,-0.1485,266.92,2.84,33.2,0.2318,0
105.45,53.19,47.36,0.7198,0.0828,40.87,0.93,25.47,0.7705,0
33.63,58.65,54.16,0.1239,-0.0036,304.36,4.53,26.06,0.6943,0
42.24,83.4,81.64,0.3827,0.0588,345.02,9.67,21.14,0.4342,1
73.67,82.14,57.21,0.0462,-0.1716,470.05,1.27,30.92,0.5082,1
87.93,45.15,50.2,0.6545,-0.132,190.83,2.3,28.95,0.7821,1
53.97,84.35,35.36,0.2978,0.1574,158.52,2.88,24.63,0.7504,1
197.54,85.39,68.48,0.1989,0.1125,823.34,0.78,22.45,0.6241,1
118.78,49.37,76.69,0.5927,0.0161,798.81,0.95,27.59,0.1069,0
139.63,84.23,87.03,0.3228,0.0715,319.87,3.94,24.92,0.9742,1
37.39,61.68,94.98,0.446,-0.3544,542.03,21.42,33.47,0.0489,0
77.73,13.65,48.17,0.2982,-0.0461,86.72,11.36,24.25,0.4298,0
27.22,21.74,67.34,0.877,-0.142,304.53,4.03,27.47,0.0564,0
63.84,70.61,49.1,0.5953,-0.1319,286.46,8.71,27.44,0.2921,0
175.39,68.04,80.49,-0.026,0.304,440.42,8.47,28.98,0.964,1
166.61,72.83,58.34,0.4251,0.1074,132.95,3.42,24.7,0.9895,1
188.29,32.64,69.94,0.3413,0.0457,371.63,11.26,29.17,0.6757,1
40.18,57.35,74.91,0.5185,-0.1626,338.76,3.5,27.23,0.4237,0
211.14,19.9,57.89,0.6695,0.1684,231.05,13.58,25.52,0.8491,1
118.76,33.93,67.39,0.2942,-0.0131,124.03,25.22,28.42,0.6752,0
33.34,26.85,100.0,0.3088,-0.1753,415.97,6.36,27.14,0.053,0
5.9,37.54,58.13,0.3808,-0.2825,294.0,0.79,32.25,0.0812,0
30.54,16.87,100.0,0.5326,-0.31,225.35,2.18,26.6,0.2757,0
52.67,27.04,81.06,0.2301,-0.1735,49.48,0.45,28.37,0.8623,1
20.84,79.56,55.09,0.817,0.1245,70.26,4.18,28.34,0.682,1
7.59,39.94,87.07,0.4954,0.0546,79.65,10.09,32.06,0.4733,1
141.74,44.44,85.49,0.5602,0.1372,222.16,12.93,33.22,0.8659,0
102.86,48.57,78.61,0.4072,-0.0705,246.87,2.93,18.59,0.7359,1
110.94,4.95,77.41,0.8514,-0.126,352.68,1.29,25.54,0.3586,0
108.6,86.12,64.51,0.3385,0.0416,444.48,2.55,33.75,0.8899,1
16.27,63.69,90.5,0.4964,-0.0452,53.54,2.46,35.65,0.7947,1
45.35,77.52,76.86,0.1917,-0.0842,425.2,0.33,26.91,0.7251,0
156.51,42.25,64.62,0.2539,0.1807,139.44,3.28,28.38,0.9433,1
92.38,27.12,64.37,0.6219,-0.1169,266.67,7.06,28.39,0.1631,0
55.25,39.15,50.62,0.1782,0.0084,116.23,2.02,24.3,0.6267,1
24.41,15.72,66.42,0.4547,-0.4418,132.8,9.49,21.31,0.0675,0
135.27,71.48,73.0,0.6618,-0.21,488.3,1.54,24.95,0.554,1
46.45,59.17,94.82,0.4091,-0.1127,253.21,4.22,25.53,0.2833,0
75.65,66.64,93.7,0.3689,-0.1847,926.19,7.37,27.74,0.1435,0
15.2,87.63,67.27,0.3359,0.1571,298.24,9.29,26.14,0.6023,0
30.47,63.55,46.06,0.4888,-0.1762,499.37,2.07,15.8,0.1011,0
53.87,43.33,100.0,0.4276,-0.2176,237.38,2.53,22.89,0.5419,1
90.17,41.18,65.91,0.3759,-0.1679,344.5,1.35,31.02,0.3595,0
109.16,32.14,55.95,0.4097,-0.1346,394.69,10.18,28.23,0.4166,0
14.09,43.12,64.82,0.4078,-0.4148,148.68,13.02,23.52,0.2741,1
64.7,72.24,87.43,-0.0738,-0.063,353.08,5.82,28.34,0.7757,1
23.08,9.69,87.41,0.3922,-0.4338,615.91,7.25,39.07,0.0159,0
58.76,46.48,70.29,0.5486,0.0925,267.99,0.32,27.09,0.3746,0
54.71,69.49,55.57,0.1951,-0.2084,896.44,6.15,37.7,0.0352,0
19.98,20.27,61.13,0.105,-0.2859,305.52,3.31,30.12,0.0972,0
97.48,56.65,57.79,0.6199,-0.1057,347.05,9.71,30.73,0.5533,0
80.82,79.43,36.39,0.1763,0.2021,36.33,0.33,26.23,0.9845,1
105.14,55.88,61.31,0.5887,0.0717,111.74,13.2,26.99,0.7489,1
76.11,37.94,59.48,0.2835,-0.0586,205.18,7.93,15.38,0.5635,1
13.62,26.15,36.34,0.2628,-0.1903,173.18,13.66,26.78,0.1428,0
20.57,45.72,72.87,0.7079,-0.1958,517.33,4.3,26.25,0.0373,0
21.61,48.66,61.8,0.7789,-0.2686,307.49,13.24,25.98,0.0691,0
45.47,23.33,52.1,0.5565,-0.4386,306.62,12.74,22.15,0.0589,0
139.12,45.48,51.71,0.4569,-0.0312,39.81,13.11,14.4,0.8863,1
47.47,22.4,66.47,0.5571,-0.1212,352.12,5.13,17.99,0.108,0
87.69,42.44,61.66,0.0802,-0.2232,301.26,5.07,34.7,0.6137,1
49.3,34.98,29.19,0.1775,-0.1488,172.76,3.22,21.05,0.474,1
5.04,84.13,48.56,0.3993,-0.012,217.47,1.29,15.29,0.4963,1
43.63,65.79,89.47,0.7271,-0.0521,136.97,2.99,30.33,0.9025,1
15.89,68.2,65.47,0.6495,-0.1839,255.23,9.92,22.43,0.192,0
42.57,14.04,81.65,0.3416,-0.1413,312.38,4.47,35.98,0.2242,0
141.51,47.06,54.41,0.0259,0.1263,118.99,4.45,19.87,0.9,1
132.93,52.25,31.86,0.297,-0.0872,471.7,2.75,31.87,0.4271,1
20.37,55.02,76.05,0.2513,-0.0748,196.05,19.42,29.98,0.1566,1
53.78,71.05,58.5,0.3053,-0.2578,972.77,3.1,19.08,0.016,0
173.87,69.06,71.29,0.4259,0.2229,154.1,4.0,29.78,0.9934,1
19.76,46.6,69.75,0.2381,-0.2726,301.77,2.85,31.99,0.0922,1
43.61,22.25,48.49,0.3096,-0.2293,220.41,1.54,26.94,0.3965,0
64.46,57.62,50.88,0.4899,0.1207,279.12,2.57,26.66,0.5971,1
85.66,50.25,42.41,0.3264,-0.0961,11.16,10.32,24.42,0.8508,0
19.34,57.29,34.26,0.2258,-0.0501,48.41,0.69,31.57,0.8159,1
175.76,66.51,11.23,0.3111,0.2466,317.87,2.33,24.93,0.9917,0
90.45,29.7,50.04,0.6981,-0.2423,371.17,2.92,22.71,0.2914,1
89.47,40.88,48.08,0.2049,-0.2579,846.59,0.87,20.73,0.0756,0
74.71,32.86,53.11,0.6903,-0.394,566.94,4.57,30.61,0.0433,0
173.01,46.78,61.86,0.3811,0.0333,463.2,3.17,28.22,0.5868,1
32.58,58.75,59.78,0.2931,-0.2045,490.06,9.58,25.09,0.0562,0
46.18,67.81,60.26,0.1518,0.0719,61.76,4.02,25.01,0.8109,1
84.15,55.73,54.22,0.3762,-0.0898,264.99,5.25,24.82,0.5303,0
9.81,15.46,77.19,0.4226,-0.2249,235.2,1.8,25.03,0.0393,0
63.79,81.04,78.69,0.0038,0.2424,378.39,0.89,31.46,0.7339,1
231.39,67.34,63.5,0.391,0.2017,603.86,1.44,25.47,0.9588,1
84.18,26.0,84.82,0.4134,-0.2476,421.38,1.02,29.43,0.4785,0
175.01,56.83,69.1,0.5951,-0.2748,1038.72,3.62,27.16,0.0547,0
101.82,19.99,53.76,0.8904,-0.1074,180.76,13.04,27.95,0.5789,0
36.19,26.28,86.2,0.4515,-0.293,302.1,8.27,22.23,0.038,0
219.89,43.0,62.05,0.5901,0.206,118.53,2.89,32.74,0.955,1
10.88,57.92,92.7,0.466,-0.1716,152.13,8.18,36.09,0.4773,1
251.81,12.78,90.34,0.8814,-0.0552,648.29,2.87,20.41,0.4159,0
132.38,16.82,82.0,0.3653,-0.1534,500.09,2.62,29.84,0.4206,1
68.77,7.34,45.3,0.6524,-0.1183,250.62,4.09,30.11,0.1232,0
31.33,42.33,56.68,0.2564,-0.0235,210.19,4.51,16.89,0.099,0
9.58,83.92,74.92,0.5832,-0.3021,697.31,1.65,19.55,0.0242,0
39.8,40.73,88.12,0.4078,-0.0655,125.82,9.51,27.04,0.3961,0
108.23,82.7,49.3,0.257,0.0476,340.18,1.63,28.55,0.8522,1
165.46,48.22,52.78,0.3723,-0.1517,1002.9,1.16,32.24,0.0471,1
203.36,4.82,75.14,0.6504,-0.06,53.91,5.19,25.95,0.9561,1
65.09,84.69,77.51,0.0563,0.1165,94.77,2.23,28.77,0.9425,1
45.54,89.47,80.02,0.6305,0.017,118.57,3.39,27.65,0.8897,1
88.75,85.63,78.86,0.5806,0.171,456.39,3.49,27.3,0.625,1
119.27,49.28,56.91,0.1681,-0.046,179.1,4.64,31.42,0.8448,1
24.18,73.82,67.47,0.2838,-0.3215,243.01,2.63,24.63,0.3435,1
68.0,49.13,64.43,0.54,-0.0841,431.28,3.57,21.01,0.2032,0
7.57,69.89,83.71,0.1935,0.1213,125.58,3.31,25.58,0.8267,1
17.42,0.4,52.27,0.2706,-0.2216,120.82,0.37,24.53,0.0546,0
47.69,35.11,69.6,0.347,-0.2953,825.84,2.35,32.9,0.0041,0
77.79,73.13,70.68,0.7819,0.0837,264.17,12.41,32.48,0.6079,0
110.74,75.95,41.11,0.7109,0.285,58.13,6.16,33.79,0.9765,1
63.26,48.67,54.23,0.5167,-0.1097,158.54,20.66,32.12,0.3837,0
123.87,37.14,91.95,0.0183,0.0599,216.3,6.99,29.68,0.945,1
34.93,23.71,52.36,0.2691,-0.2237,504.48,3.51,27.08,0.0307,0
114.33,14.94,73.06,0.1224,-0.1245,142.25,6.67,31.44,0.5751,0
99.19,51.54,83.02,0.2992,-0.3901,317.74,5.18,25.53,0.3735,1
29.68,64.13,72.17,0.3193,-0.0876,113.77,0.92,20.08,0.718,1
26.25,52.45,71.93,0.2685,-0.3077,504.17,0.22,36.18,0.2303,1
49.81,34.48,60.11,0.3588,-0.1101,212.51,3.8,22.31,0.5324,1
85.22,23.77,88.76,0.1329,-0.1827,359.95,4.58,30.88,0.4279,1
13.6,6.5,42.37,0.1923,-0.7004,540.16,7.99,26.25,0.0077,0
151.39,63.42,65.58,0.3909,0.0084,192.33,0.8,26.87,0.9846,1
55.64,72.21,85.26,0.2055,-0.0282,261.94,6.2,32.52,0.659,1
44.95,81.58,78.4,0.168,0.0865,286.51,13.66,13.81,0.6489,1
68.31,61.6,70.94,0.6774,0.0732,130.53,4.36,26.13,0.7404,1
79.3,48.77,69.76,0.3256,-0.1254,463.79,7.22,22.95,0.3793,0
115.67,25.62,75.29,0.9311,-0.2294,548.56,1.26,31.53,0.0801,0
21.85,98.71,81.36,0.4436,-0.2823,236.19,9.12,36.89,0.6753,1
90.33,22.86,57.5,0.8335,-0.3081,669.27,4.3,19.41,0.0204,0
104.69,3.75,64.34,0.6135,-0.1973,79.55,10.13,21.84,0.4469,1
187.14,38.7,69.17,0.43,0.2202,34.56,3.64,27.87,0.9595,1
11.12,67.54,56.42,0.5437,-0.1367,365.39,9.49,21.3,0.2425,1
5.57,22.46,53.64,0.5787,-0.5544,192.62,11.48,29.42,0.096,0
124.96,45.36,78.82,0.4318,-0.0626,749.7,8.23,25.84,0.0771,0
56.77,33.68,89.67,0.4393,-0.3004,297.72,11.22,28.04,0.4837,1
27.39,17.97,61.48,0.4328,-0.2581,336.64,9.36,28.57,0.0604,0
67.77,25.37,72.91,0.3197,-0.2124,146.23,0.84,34.3,0.473,0
132.95,42.32,65.26,0.4899,0.0519,183.32,36.08,26.65,0.7158,1
114.28,56.7,50.82,0.2093,-0.013,247.03,7.23,26.91,0.6983,1
95.17,71.45,59.07,0.2653,0.0946,112.73,5.67,23.65,0.8787,1
85.62,86.51,81.56,0.1116,0.0971,132.02,0.86,19.52,0.9857,1
29.52,44.97,74.77,0.4001,-0.2218,97.84,1.09,32.92,0.5894,0
25.86,27.03,45.58,0.7103,-0.1682,356.41,17.14,31.6,0.0186,0
62.51,30.59,70.47,0.3252,-0.2455,354.87,1.69,30.03,0.2971,0
64.68,65.48,91.63,0.2729,-0.1439,353.73,5.89,32.83,0.6049,0
42.82,53.03,60.3,0.2857,-0.2097,265.58,9.54,27.57,0.2343,0
97.26,84.36,55.06,0.3248,0.158,108.18,7.96,30.19,0.9626,1
57.36,52.0,73.29,0.2788,-0.0572,303.12,3.11,30.13,0.42,1
31.19,40.67,68.82,0.3274,-0.1504,211.11,6.08,30.46,0.2936,0
93.04,72.89,68.91,0.5387,0.0376,133.26,3.95,28.35,0.7809,0
123.1,43.52,66.95,0.432,-0.2421,185.71,11.53,31.07,0.5417,1
39.86,85.09,70.28,0.4579,-0.0363,579.76,7.29,26.76,0.1088,0
47.59,63.61,47.89,0.4011,0.1314,322.65,1.51,21.73,0.6458,1
402.42,53.77,72.05,0.3772,0.5077,51.94,2.88,29.14,0.9997,1
171.11,62.31,55.26,0.5545,-0.1044,679.36,2.27,30.52,0.6891,1
68.26,80.58,49.54,0.5201,0.1818,184.78,3.48,19.59,0.8801,1
76.48,60.13,29.5,0.3972,-0.0364,56.56,16.8,42.77,0.7506,1
94.66,67.18,68.71,0.0401,-0.0292,212.87,1.88,20.52,0.9688,1
30.86,29.79,77.29,0.316,-0.1125,356.76,6.56,25.37,0.0843,0
83.46,82.41,44.76,0.3219,0.1926,296.94,7.61,33.97,0.8238,1
35.42,37.41,66.74,0.1446,-0.1992,693.89,12.23,22.19,0.0283,0
31.2,34.53,79.67,0.5204,-0.4812,498.91,13.25,21.5,0.0258,0
9.65,83.27,52.76,0.367,0.0464,200.97,15.43,26.18,0.5627,1
7.82,74.67,64.11,0.3771,0.0537,302.88,5.02,33.12,0.5287,1
114.42,6.27,85.53,0.383,-0.3104,376.35,7.18,20.09,0.1484,0
16.05,64.78,86.87,0.2437,-0.0958,283.48,12.52,28.86,0.4737,1
61.27,33.12,73.41,0.3634,-0.0745,227.56,2.49,31.84,0.5861,0
170.51,37.88,76.89,0.6749,-0.0838,363.49,11.6,28.05,0.5334,0
12.58,18.76,54.54,0.5891,-0.3415,444.3,6.3,23.0,0.0332,0
37.25,23.6,58.53,0.5922,-0.1855,467.17,4.46,24.71,0.0319,0
97.82,27.34,41.11,0.7061,-0.0517,172.96,1.6,38.97,0.7045,1
132.94,20.95,61.96,0.4381,-0.0584,351.57,7.87,29.89,0.2938,0
266.36,46.56,99.98,0.6928,0.1581,298.69,15.8,24.75,0.9706,1
43.0,59.74,49.4,0.1542,0.056,212.04,2.77,25.39,0.6379,1
74.25,27.94,83.69,0.342,0.0432,108.06,16.85,29.96,0.4594,0
122.88,57.55,79.38,-0.0267,0.0694,148.81,1.9,30.09,0.9579,1
121.26,45.5,59.28,-0.0505,-0.1741,330.34,2.01,20.62,0.5652,0
296.18,45.86,53.32,0.4846,0.2693,45.84,3.41,32.23,0.9993,1
27.69,51.75,76.6,0.3975,0.0119,195.08,5.55,16.7,0.5552,0
127.75,71.55,94.09,0.0974,0.1668,172.24,1.15,26.01,0.9775,1
85.29,84.2,52.46,0.5182,-0.0218,299.43,0.77,26.73,0.842,1
65.77,80.65,89.94,0.1611,0.1785,151.77,10.48,31.48,0.9493,1
40.44,53.1,56.37,0.8315,-0.2174,649.74,5.97,24.15,0.0949,0
57.94,29.73,70.19,0.5396,0.0085,333.59,8.79,27.78,0.2536,1
136.51,60.05,66.69,0.5634,0.232,149.41,12.6,30.8,0.8839,1
54.46,34.3,64.15,0.6574,-0.209,325.55,6.29,26.62,0.0945,0
11.59,22.82,62.92,0.3337,-0.5172,712.84,11.46,19.49,0.0029,0
83.88,34.93,68.71,0.1748,-0.1019,384.51,2.49,20.92,0.6181,0
57.8,13.41,34.53,0.4155,-0.3324,467.01,1.16,26.32,0.0591,0
62.6,27.92,52.7,0.5806,-0.1542,340.14,21.87,25.14,0.0805,0
66.37,40.0,55.08,0.4822,-0.1435,133.58,6.94,17.4,0.3962,0
80.29,74.48,49.92,0.5051,0.1478,88.31,3.38,28.67,0.9365,1
32.88,9.71,45.56,0.6704,-0.3013,307.33,2.6,28.87,0.0579,0
64.68,39.21,55.92,0.1322,-0.2406,314.57,3.6,23.71,0.2576,0
57.78,50.11,70.85,0.3795,-0.0659,248.82,0.1,30.65,0.5614,1
64.06,23.83,67.57,0.4599,-0.3197,562.98,1.39,30.58,0.0343,0
31.36,28.37,72.51,0.1647,-0.223,141.73,1.16,28.86,0.5077,1
27.12,59.31,68.19,0.0881,0.1172,288.64,4.93,29.26,0.4297,1
102.83,48.6,51.36,0.4702,0.0712,266.72,10.54,28.66,0.642,1
114.62,51.88,76.18,0.2832,-0.032,243.2,1.83,23.55,0.9009,1
38.34,74.6,43.08,0.5007,-0.0788,190.2,6.83,16.62,0.5239,0
96.79,15.6,67.31,0.5406,-0.1611,476.23,3.49,28.23,0.0775,0
41.96,31.95,75.67,0.7381,-0.2205,42.95,1.39,35.94,0.554,1
111.42,62.93,73.83,0.6572,0.0663,600.88,2.16,31.71,0.2846,0
70.37,21.41,65.6,0.2293,-0.4276,593.63,6.97,21.3,0.0181,0
116.16,28.02,83.2,0.4571,-0.1913,457.44,12.16,19.95,0.1464,0
39.3,50.84,39.73,0.3808,-0.2899,533.06,9.2,35.55,0.0228,0
19.63,44.28,75.89,0.9467,-0.1153,216.8,22.86,28.57,0.0921,0
10.71,58.34,75.74,0.4061,-0.3939,604.89,2.84,31.35,0.029,0
58.26,56.17,57.33,-0.0109,0.0593,129.9,6.87,30.29,0.7255,1
20.9,10.31,56.19,0.2521,-0.26,198.28,1.94,26.62,0.195,0
316.27,38.86,78.55,0.3911,0.2538,672.53,4.8,28.11,0.9585,1
47.67,44.06,88.7,-0.08,-0.0972,492.46,12.61,17.42,0.0939,0
209.24,37.19,67.38,0.4,0.0692,142.93,4.01,37.44,0.9209,1
44.08,29.8,74.74,0.5203,-0.2599,196.5,8.51,32.71,0.459,0
145.08,23.08,79.27,0.1722,-0.2769,794.77,5.58,12.05,0.053,0
25.46,62.43,63.69,0.3461,-0.0394,147.28,3.17,32.73,0.5084,1
85.86,18.57,55.92,0.3604,-0.1715,47.96,1.33,33.23,0.7682,1
74.06,77.14,41.53,0.462,-0.0187,205.08,4.5,23.87,0.8295,1
78.4,24.52,43.42,0.3607,-0.1832,518.07,5.92,18.38,0.0406,0
90.63,77.29,76.23,0.5336,0.1021,88.01,7.68,19.53,0.9002,0
131.66,39.67,72.27,0.4507,-0.1708,1138.73,1.32,26.49,0.0294,0
92.83,31.54,61.62,0.4727,-0.2353,713.67,3.23,29.71,0.0374,0
49.67,23.2,73.3,0.6959,-0.0207,466.33,6.43,28.08,0.062,0
233.76,54.16,52.64,0.2701,0.0883,288.3,0.71,25.62,0.9706,1
113.34,79.86,82.21,0.2312,-0.0956,376.28,3.38,28.33,0.7255,1
17.0,12.73,84.59,0.5029,-0.3064,331.4,2.45,25.91,0.0658,0
80.91,45.31,60.62,0.1904,-0.1428,564.83,12.69,27.72,0.0549,0
66.09,17.05,46.05,0.2015,-0.3571,741.17,3.79,34.37,0.0092,0
92.87,51.14,83.05,0.3795,-0.0413,273.9,2.66,28.05,0.7031,1
58.73,60.54,39.34,0.489,-0.029,413.76,7.38,27.46,0.1492,0
38.63,34.68,71.71,0.3333,-0.2427,470.13,3.84,27.56,0.0269,0
46.35,90.74,86.38,0.1211,-0.1115,240.27,2.2,26.44,0.944,1
25.13,21.58,69.38,0.7029,-0.4381,339.38,1.03,23.29,0.1166,1
57.97,16.86,41.91,0.494,-0.1782,371.0,3.46,31.27,0.0428,0
28.08,56.0,57.82,0.3071,-0.1666,499.13,0.16,24.02,0.2057,0
58.9,44.76,75.34,0.384,-0.0518,162.41,5.43,27.55,0.3828,1
27.58,17.53,100.0,0.5565,-0.1807,256.16,3.39,27.59,0.1511,0
64.53,35.94,97.62,0.2927,-0.0606,228.34,11.26,18.88,0.448,0
37.87,33.23,75.65,0.764,-0.2006,82.18,4.0,37.53,0.378,0
38.02,41.94,74.59,-0.18,-0.2521,100.38,1.68,19.86,0.6621,0
80.73,72.09,48.34,0.5557,0.1346,86.52,3.14,34.04,0.7775,1
286.32,58.11,81.8,0.186,0.2385,331.27,2.0,25.91,0.9914,1
53.72,44.7,98.18,0.3532,-0.279,263.07,3.93,25.85,0.5472,1
15.4,13.41,84.57,0.5749,-0.2811,244.11,3.14,34.55,0.1291,0
55.2,38.98,71.91,0.2721,-0.1448,709.62,0.94,32.41,0.0315,0
57.41,24.09,61.7,0.6108,-0.2318,352.46,9.3,27.15,0.0445,0
199.28,9.85,56.15,0.2419,-0.0192,116.25,5.44,29.92,0.9458,1
38.45,42.62,42.27,0.2435,-0.1993,986.0,7.9,19.98,0.0042,0
101.51,65.49,68.1,0.2835,-0.1024,395.16,1.19,25.62,0.6639,1
30.21,80.32,79.2,0.7246,0.126,115.5,0.82,19.51,0.8436,1
174.28,36.67,61.85,0.5659,0.0173,121.8,2.51,27.6,0.9655,1
61.84,82.45,76.95,0.2367,0.0022,202.54,4.22,26.94,0.8904,1
42.17,47.38,82.15,0.9437,0.0157,39.18,13.68,17.1,0.3278,0
143.42,41.7,60.12,0.4591,0.1017,156.3,1.63,32.0,0.891,1
204.87,34.93,69.04,0.6142,0.1212,56.2,12.92,31.01,0.8825,1
83.67,35.48,40.75,0.401,-0.303,345.08,15.11,27.71,0.2292,0
37.67,37.6,49.82,0.5047,-0.0355,121.91,15.38,22.58,0.1932,0
135.09,20.21,47.82,0.4621,-0.0083,245.04,4.51,22.95,0.3577,0
114.05,52.13,65.67,0.713,0.0031,187.05,5.18,33.48,0.818,1
99.67,48.52,53.7,0.2985,-0.0611,272.37,7.95,23.64,0.6793,1
43.63,59.7,79.23,0.554,0.0166,249.86,8.04,28.57,0.1308,0
44.06,36.31,50.94,0.5527,-0.1968,532.3,4.88,30.03,0.0419,0
129.72,57.13,40.84,0.5265,0.0853,67.0,1.37,32.13,0.8714,1
71.86,60.97,60.31,0.2687,-0.0793,315.91,24.51,34.13,0.277,0
105.8,60.38,64.86,0.7091,0.1476,489.12,2.23,31.62,0.3136,1
59.98,12.67,58.22,0.1354,-0.2484,226.77,0.61,22.61,0.3536,0
18.39,32.62,68.69,0.3938,-0.1116,179.36,8.34,25.34,0.1394,0
115.39,19.19,52.28,0.2495,-0.2059,956.99,18.2,28.04,0.0049,0
26.79,69.05,55.66,0.2523,-0.0065,271.74,4.15,24.06,0.3471,1
74.57,8.46,58.41,0.3569,-0.2086,494.01,2.34,33.84,0.1099,1
225.51,39.67,83.7,-0.1135,-0.0141,393.34,2.58,33.13,0.9862,1
36.0,37.62,72.42,0.3366,-0.1246,124.76,15.55,17.96,0.3159,1
29.28,37.38,42.65,0.2981,-0.128,201.05,1.42,33.76,0.1279,0
23.19,77.35,46.59,0.4535,-0.1996,422.56,1.25,39.48,0.1206,1
119.3,74.43,65.4,0.5648,0.035,287.42,11.1,34.15,0.8805,1
74.03,85.05,81.03,0.5305,0.1809,23.24,2.64,30.58,0.9867,1
118.89,21.55,47.04,0.4443,-0.1041,75.0,0.23,33.6,0.7887,1
38.9,59.13,61.31,0.4505,-0.3451,789.53,6.93,15.43,0.0168,0
161.42,27.73,48.6,0.278,-0.229,168.34,5.93,19.91,0.7596,1
122.12,33.38,63.91,0.763,-0.0872,150.9,2.38,26.88,0.7417,0
34.95,69.41,54.72,0.3403,-0.0354,768.74,4.73,26.88,0.0304,0
91.91,40.07,46.71,0.8349,-0.2874,501.09,4.26,31.84,0.1192,0
43.17,77.63,74.83,0.3403,0.0298,29.17,11.13,24.9,0.9105,1
78.15,69.29,63.54,0.2957,0.0129,260.25,1.44,26.11,0.8705,1
124.78,18.17,48.24,0.6519,-0.0102,172.03,7.9,17.37,0.5821,1
23.99,25.34,62.96,0.4889,-0.0998,56.4,1.27,28.27,0.3957,0
83.46,39.0,88.07,0.3921,-0.1187,192.4,10.21,26.48,0.7354,1
76.26,26.99,68.55,0.8916,-0.4537,881.9,11.7,29.69,0.0024,0
45.71,58.25,55.78,0.4542,-0.1803,93.66,6.93,20.59,0.7064,1
51.81,62.83,64.32,0.2702,-0.0707,332.27,4.49,23.83,0.5553,0
31.21,52.03,53.53,0.5896,-0.1559,363.97,4.48,23.9,0.0955,0
48.9,37.1,95.14,0.8878,0.0141,12.0,4.1,32.66,0.713,0
27.15,29.78,49.79,0.7962,-0.0675,210.6,3.43,19.07,0.0454,0
15.38,79.4,72.31,0.4115,0.0544,309.81,7.52,27.81,0.398,0
102.81,8.87,79.15,0.6867,-0.1286,223.72,7.47,27.77,0.3534,1
88.59,48.95,50.14,0.67,-0.1775,606.64,4.63,29.09,0.0786,0
129.96,30.05,70.79,0.2786,-0.1343,306.15,9.51,25.75,0.5435,1
32.08,65.78,89.26,0.5799,-0.0546,172.85,11.56,20.39,0.6325,0
184.06,31.88,72.97,0.566,0.0558,32.65,4.62,35.39,0.9733,1
126.73,34.68,59.29,0.5671,-0.1775,508.3,1.4,33.35,0.3661,0
4.3,50.23,82.63,0.7258,-0.1631,304.31,5.55,34.67,0.1597,0
80.54,65.85,34.15,0.3543,-0.0505,131.91,6.37,32.5,0.7259,0
79.23,82.09,73.84,0.4223,0.022,59.04,5.88,29.27,0.9476,1
190.66,80.4,91.11,0.5468,0.2708,270.89,6.44,34.89,0.9903,1
49.6,60.59,79.66,0.6378,-0.0573,428.97,0.39,21.8,0.3743,0
88.41,26.02,70.09,0.7855,-0.178,597.24,2.03,24.44,0.1146,0
12.76,28.78,54.15,0.6714,-0.3198,204.1,6.69,27.0,0.0598,0
76.38,80.16,74.1,0.4694,0.1495,92.57,0.95,24.66,0.9602,1
91.97,42.19,70.89,0.3318,-0.0143,216.76,4.93,14.75,0.7383,1
35.55,94.12,72.73,0.5149,-0.1296,886.86,0.94,30.36,0.0599,0
44.89,28.54,63.24,0.4004,-0.3651,486.41,4.36,33.08,0.1595,0
18.69,42.9,74.14,0.6178,-0.2802,93.27,6.74,29.88,0.4422,1
32.24,12.55,72.76,0.4246,-0.4163,194.52,18.76,34.83,0.0545,0
382.34,86.42,68.32,0.2735,0.6073,247.33,8.59,29.9,0.9998,1
25.8,73.73,92.28,0.2855,-0.0282,43.0,2.72,33.81,0.9004,1
192.73,54.43,84.12,0.3,0.1341,683.62,0.67,24.31,0.6633,1
28.17,83.54,81.58,0.2283,0.1177,35.21,9.23,21.43,0.9591,1
88.21,52.97,39.65,0.1815,-0.2455,426.56,2.6,28.41,0.3098,0
58.72,35.22,49.6,0.5341,-0.1079,47.76,7.5,34.75,0.6779,1
72.06,63.8,72.43,0.2769,-0.0704,493.5,0.93,29.93,0.3313,1
51.3,81.6,58.31,0.7787,-0.2005,104.99,9.61,23.07,0.7844,1
56.16,48.15,50.54,0.3079,-0.0911,173.95,5.02,19.27,0.5228,1
110.78,74.34,35.34,0.7097,0.0546,145.61,19.18,23.01,0.8031,1
13.47,49.39,91.75,0.2755,-0.3481,515.64,3.23,33.12,0.1117,0
169.22,25.03,64.01,0.3258,-0.0241,188.38,5.9,30.54,0.8278,1
100.8,13.51,38.77,0.4473,-0.1662,93.93,6.83,26.96,0.5089,0
82.64,19.84,69.76,0.3097,-0.1803,194.27,3.75,26.97,0.5717,0
42.6,63.66,68.48,0.4044,-0.0653,532.9,1.99,27.39,0.2411,1
82.8,31.71,55.57,0.2501,0.0177,184.46,4.38,21.91,0.4671,1
204.42,62.33,67.71,0.2011,0.0118,160.87,2.64,22.62,0.9862,1
25.22,51.0,61.9,0.6442,-0.0543,449.54,2.49,27.8,0.0788,0
257.86,75.18,70.59,0.1625,0.407,401.51,0.76,31.64,0.9967,1
59.46,27.51,55.58,0.6629,-0.0622,206.87,10.02,24.62,0.1937,0
118.65,97.73,42.36,0.4043,0.162,419.71,3.95,28.77,0.8489,1
4.97,31.14,66.89,0.2431,-0.3475,189.76,16.11,21.53,0.0965,0
79.39,69.51,47.09,0.2745,0.159,193.55,9.91,32.16,0.8693,1
33.92,56.67,72.8,0.1542,0.0632,35.18,5.9,22.74,0.7611,1
70.87,45.14,76.42,0.6756,-0.1509,442.1,2.1,25.09,0.1756,0
34.86,87.67,100.0,0.2315,-0.207,960.38,3.58,32.12,0.0435,0
116.78,38.76,72.53,0.5277,-0.0011,211.47,6.98,30.06,0.7219,1
266.87,48.52,74.26,0.6535,-0.0345,839.44,3.39,31.02,0.604,1
78.98,86.52,78.34,-0.0149,-0.0301,476.25,15.29,33.16,0.4665,1
13.18,56.93,80.62,0.9379,-0.2626,371.14,3.93,24.91,0.3652,0
53.6,83.99,83.02,0.6232,-0.0104,360.98,3.32,29.42,0.6316,1
38.58,65.6,53.62,0.4889,0.0061,370.57,12.31,29.27,0.2098,0
274.02,85.34,71.81,0.2478,0.4719,48.72,5.3,20.9,0.9994,1
132.17,69.84,63.86,0.2616,0.2242,26.93,7.27,25.46,0.9755,1
66.86,57.85,94.56,0.2296,0.1761,31.92,1.49,25.73,0.9087,1
4.3,47.65,61.26,0.6907,-0.0805,18.93,5.11,21.52,0.4757,1
91.35,83.96,72.51,0.4887,0.2458,128.08,8.6,24.93,0.9789,1
186.61,78.97,58.77,0.4348,0.2323,274.34,4.3,23.32,0.9868,1
16.6,47.6,55.49,0.5006,0.1226,293.12,1.94,25.33,0.2338,0
142.79,33.58,74.69,0.491,0.086,118.89,7.92,24.84,0.7527,1
70.61,49.49,64.12,0.7927,-0.1286,463.24,5.41,21.62,0.3097,0
32.57,11.25,100.0,0.477,-0.2077,157.86,17.8,32.14,0.1093,0
50.57,22.93,76.11,0.4718,0.0504,38.27,4.38,37.41,0.4945,1
83.66,27.73,65.38,0.3559,-0.3023,96.5,3.47,22.08,0.7712,0
71.21,88.0,45.83,0.4342,0.0671,188.19,8.75,18.74,0.6916,0
62.14,86.12,70.85,-0.035,-0.1436,147.29,3.95,24.68,0.9795,1
216.49,18.26,54.98,-0.0378,-0.0364,186.18,14.36,27.28,0.8815,1
15.9,28.4,54.38,0.4559,-0.2808,210.82,7.34,28.93,0.113,1
45.67,45.53,51.28,0.6974,-0.131,75.14,2.07,21.43,0.5319,0
121.91,75.79,75.67,0.4797,0.2295,233.55,8.39,31.42,0.8363,1
141.94,60.36,58.59,0.5786,0.0364,270.13,2.18,21.96,0.8322,1
39.2,50.12,51.14,0.2094,-0.1181,205.54,6.47,31.73,0.314,0
92.6,42.27,93.82,0.5096,-0.006,28.78,23.2,20.17,0.5558,0
43.75,10.96,67.11,0.6186,-0.381,186.25,6.78,23.88,0.15,0
137.09,42.7,78.22,0.6223,-0.0474,281.82,0.91,28.55,0.8965,1
113.29,52.66,41.79,0.219,0.059,97.58,11.97,32.43,0.8458,1
210.76,57.74,74.16,0.4,-0.0338,1096.46,5.87,27.92,0.1056,0
67.05,75.4,48.73,0.578,0.0439,91.6,3.38,28.43,0.7758,1
148.59,41.4,84.29,0.6045,0.1385,190.21,5.48,23.58,0.9034,1
36.77,62.09,76.56,0.2816,-0.0449,311.56,3.32,27.49,0.4726,0
59.34,83.82,74.93,0.643,0.0845,240.91,5.39,24.81,0.7112,0
30.13,21.66,51.0,0.3401,-0.2885,389.93,5.82,36.97,0.0343,0
72.02,32.38,73.44,0.1934,0.0215,17.97,7.41,21.04,0.7923,1
76.57,84.44,76.78,0.0612,-0.1098,413.3,2.65,17.83,0.5585,1
46.26,85.28,69.25,0.1776,-0.021,320.76,3.73,20.36,0.4187,0
46.95,75.7,70.21,0.4373,-0.1647,417.65,10.56,25.89,0.3294,0
94.99,24.59,64.9,0.1715,-0.2104,135.9,11.44,27.34,0.5704,1
41.01,92.64,51.04,0.3211,0.0349,456.37,1.19,28.05,0.6368,1
54.48,11.75,83.24,0.6288,-0.4115,358.8,4.67,35.22,0.1133,0
18.52,18.49,81.06,0.9511,-0.4213,589.57,6.68,31.61,0.0056,0
34.62,38.37,95.5,0.2876,-0.0888,208.61,1.98,29.73,0.504,1
104.98,57.41,60.64,0.0066,0.1854,227.92,4.77,27.51,0.836,1
110.68,24.63,73.9,0.4704,-0.0835,765.19,4.51,29.07,0.0858,0
93.15,89.24,73.22,0.4106,0.178,508.58,2.85,33.84,0.7344,1
136.28,87.38,76.12,0.0293,0.2754,26.08,4.12,17.87,0.9955,1
26.82,27.48,63.53,0.1491,-0.6849,1403.1,5.93,21.7,0.0001,0
47.96,52.24,83.33,0.773,-0.0056,251.98,13.23,28.6,0.153,0
199.25,43.14,77.66,0.6647,0.0527,265.88,7.32,18.94,0.954,1
84.62,9.18,71.45,0.2796,-0.3938,273.27,5.43,26.41,0.1518,0
103.55,17.78,55.59,0.8062,-0.1275,225.34,5.02,38.66,0.5172,1
51.08,53.39,78.37,0.3401,-0.1347,301.39,3.87,28.33,0.7247,1
107.03,48.25,77.48,0.3951,0.136,150.02,0.14,21.07,0.9302,1
65.31,27.39,56.23,0.4211,-0.3689,735.79,5.05,30.79,0.0126,0
84.29,52.58,100.0,0.5432,-0.0731,257.01,5.37,26.38,0.764,0
30.23,54.1,63.36,0.1088,-0.0241,188.41,0.83,25.71,0.6397,1
71.67,5.35,53.19,0.9293,-0.2856,329.3,6.81,28.66,0.0486,0
175.32,60.68,65.58,0.5197,0.3201,82.48,6.65,33.37,0.9678,1
75.52,32.53,75.61,-0.0591,-0.2084,456.0,7.0,29.88,0.1184,0
106.01,31.0,57.51,0.4501,-0.163,141.31,6.71,24.57,0.6895,0
66.26,60.49,80.04,0.4551,0.109,545.58,10.68,29.73,0.2844,0
104.94,75.49,73.0,0.5165,0.0231,517.41,8.74,16.12,0.4112,0
55.94,52.76,79.82,0.5339,-0.2587,617.05,9.04,33.17,0.1991,0
119.22,43.67,78.2,0.4068,-0.0787,323.32,1.01,34.07,0.6592,1
59.06,57.85,87.83,0.3901,-0.0529,381.2,0.76,21.49,0.4321,0
107.07,41.39,81.9,0.4798,-0.1007,628.26,2.61,23.0,0.1361,0
48.28,41.56,61.27,0.2022,0.0123,629.52,2.89,29.42,0.0634,0
119.76,59.32,76.93,0.5158,0.2097,350.83,2.71,23.98,0.8981,1
81.0,70.21,41.56,0.4486,-0.0887,394.47,12.83,28.57,0.3474,0
60.16,19.36,80.23,0.7043,-0.2599,54.03,7.46,24.21,0.431,0
109.82,63.65,64.54,0.535,-0.1039,188.24,5.12,24.88,0.9106,1
53.24,94.02,64.29,0.2587,0.2245,334.85,3.12,26.68,0.7334,1
66.63,72.62,58.38,0.3154,-0.2669,1105.8,2.49,14.07,0.0209,0
52.18,42.95,89.44,0.6546,-0.3308,589.64,7.66,27.66,0.0607,0
89.19,37.71,67.8,0.5599,-0.0946,65.76,7.04,27.37,0.8304,1
108.13,74.6,54.12,0.2316,0.08,47.97,1.83,37.3,0.9795,1
120.16,50.29,59.87,0.238,-0.107,375.12,1.5,21.76,0.5684,0
71.94,37.18,54.04,0.5871,-0.0458,257.14,2.48,29.38,0.2206,1
107.6,60.1,54.71,-0.0588,0.0659,100.17,5.81,28.16,0.958,1
73.74,23.24,45.09,0.4292,-0.0545,223.58,2.17,24.12,0.3004,0
82.4,54.08,73.96,0.1306,0.0299,556.37,3.98,37.66,0.3012,0
100.94,19.8,54.92,0.3735,-0.022,178.2,2.04,22.4,0.5469,0
76.82,56.78,74.71,0.1454,-0.0468,203.82,2.55,27.07,0.8265,0
77.49,38.83,78.66,0.2866,-0.1822,137.54,0.97,24.58,0.8004,1
138.13,49.63,62.34,0.4747,0.1759,65.8,8.65,24.41,0.8491,1
61.51,49.45,71.54,0.2783,-0.0376,211.21,1.15,17.5,0.7053,1
27.73,28.76,46.14,0.5494,-0.2637,124.53,5.54,25.78,0.2558,1
120.1,22.91,71.59,0.4755,0.0128,322.61,11.69,32.98,0.3036,0
143.11,31.08,48.73,0.0459,-0.2579,377.17,2.02,25.05,0.6554,0
13.81,60.4,55.61,0.5634,0.112,381.98,1.61,28.71,0.2463,0
49.52,6.8,68.56,0.2345,-0.2608,64.72,1.12,22.11,0.4405,0
107.07,16.58,74.53,0.1719,-0.3169,615.68,9.31,26.86,0.0864,0
38.51,59.87,73.63,0.4071,0.0475,178.2,1.29,14.97,0.5834,0
16.88,44.79,48.24,0.8349,-0.1458,178.62,17.93,18.08,0.0762,1
27.24,83.95,66.42,-0.04,-0.1776,146.4,0.69,22.67,0.9592,1
81.74,60.56,41.32,0.4097,-0.0201,390.58,6.69,24.99,0.4213,0
37.88,87.01,100.0,0.217,0.0475,416.37,4.18,28.22,0.678,0
87.38,17.26,41.05,0.1271,-0.2752,416.82,1.41,29.08,0.1107,1
146.12,39.85,100.0,0.4158,-0.0477,412.05,7.56,23.68,0.8053,1
111.12,39.71,73.38,0.8552,-0.2489,545.14,8.66,27.15,0.2086,0
79.63,23.13,93.95,0.398,-0.1117,640.14,3.37,27.37,0.2237,0
34.02,64.6,79.04,0.3384,-0.2239,690.71,10.15,28.06,0.1465,0
30.17,68.17,58.22,0.7618,-0.1386,218.6,6.79,25.51,0.2812,0
58.18,14.81,65.17,0.5867,-0.1938,304.93,0.76,24.99,0.2198,0
14.4,7.6,48.0,0.6952,-0.0881,208.19,0.4,26.3,0.1459,0
79.23,58.47,77.05,0.4285,0.0528,514.03,3.05,29.3,0.3516,0
64.76,29.98,56.47,0.5377,-0.2607,221.87,6.09,26.68,0.0976,0
5.56,71.02,78.14,0.0047,-0.008,179.47,6.38,21.85,0.7584,1
74.51,44.96,62.44,0.5806,-0.0762,621.89,3.44,25.88,0.1685,0
90.81,93.55,54.45,0.5274,0.1181,422.1,4.93,28.21,0.7406,1
24.94,17.63,53.52,0.4286,-0.5206,395.23,10.38,24.87,0.0429,0
209.7,53.35,82.96,0.6161,0.3073,144.67,14.62,34.45,0.9851,1
91.78,31.75,78.8,0.518,-0.1011,355.58,4.52,20.1,0.3463,0
96.83,19.98,55.81,0.2043,-0.3596,539.27,5.1,30.93,0.046,0
82.11,59.97,63.35,0.3348,-0.1715,355.06,3.58,23.29,0.3644,1
54.46,61.48,80.3,0.1236,0.0358,365.09,3.48,23.95,0.5454,0
81.23,62.14,83.95,0.7274,0.088,230.25,3.16,31.15,0.8489,1
15.44,24.03,36.19,0.4237,-0.4434,538.38,3.68,28.84,0.0218,0
78.42,35.35,41.97,0.5148,-0.2854,843.97,1.45,27.77,0.0123,0
74.72,90.73,45.47,0.2844,-0.1002,645.95,10.45,37.17,0.3142,0
51.83,47.44,65.88,0.4576,-0.1702,309.93,12.66,26.15,0.1967,0
73.49,76.7,85.69,0.1814,0.018,51.24,5.86,25.09,0.9608,1
129.76,1.76,67.15,0.4876,-0.2979,61.37,4.59,22.6,0.4909,0
141.34,81.44,53.46,0.5899,0.0712,619.78,2.61,12.68,0.75,1
115.96,40.92,59.59,0.1253,-0.0324,508.62,12.36,34.65,0.382,0
30.84,17.76,74.32,0.4626,-0.6171,489.75,6.2,23.06,0.0383,0
87.54,77.56,71.01,0.0037,0.2396,303.81,2.05,26.35,0.9339,1
134.77,5.75,60.57,0.0778,-0.2242,250.52,9.0,35.0,0.2238,0
173.57,21.59,81.29,-0.044,-0.1176,357.25,3.46,28.44,0.7714,1
71.91,17.85,27.03,0.5029,-0.2307,360.23,2.88,27.9,0.1299,1
48.25,58.53,65.29,0.3367,-0.236,286.89,28.2,33.75,0.1868,0
51.12,49.49,87.99,0.3032,-0.0487,179.35,0.63,25.84,0.7381,1
3.71,57.6,49.98,0.541,-0.0302,85.13,9.91,23.54,0.2056,0
93.5,32.72,54.82,0.4773,-0.0908,107.27,10.57,19.58,0.4463,1
33.36,20.71,74.19,0.1104,-0.1356,151.66,3.61,17.98,0.4224,0
63.78,75.81,69.45,0.3975,0.09,373.6,6.2,21.33,0.577,0
143.66,73.4,42.56,0.0619,0.1035,132.52,10.61,31.91,0.9567,1
88.46,12.59,46.37,0.1749,-0.2959,283.44,2.82,32.84,0.184,0
57.45,50.37,73.75,0.0821,-0.0535,219.84,11.4,22.12,0.7029,0
27.36,16.74,74.46,0.8468,-0.473,747.31,13.69,34.27,0.0009,0
27.13,93.13,53.65,0.4836,0.0152,71.7,4.17,19.74,0.6221,0
82.27,76.47,95.07,0.5745,0.089,174.16,5.68,33.64,0.9423,1
42.03,76.94,64.97,0.4074,0.2099,77.64,1.12,24.88,0.8536,1
20.49,38.78,63.82,0.1897,-0.1229,55.54,6.29,21.63,0.3672,0
3.11,33.01,67.27,0.6937,-0.1798,349.43,6.86,28.58,0.0397,0
89.98,48.88,71.86,0.0054,-0.007,308.56,11.91,21.26,0.8689,1
51.96,80.42,63.11,0.4809,0.1689,359.79,7.32,29.4,0.6723,1
81.79,28.62,62.07,0.2553,-0.0727,234.61,9.45,28.16,0.3172,0
106.41,57.83,96.43,0.1735,-0.0392,273.66,1.88,35.45,0.8647,1
11.73,16.8,79.48,0.3652,-0.1738,551.59,2.56,25.36,0.0461,0
100.19,1.48,77.48,0.3017,-0.2129,606.42,1.65,31.17,0.0348,0
33.09,42.73,64.23,0.2294,-0.0913,103.02,2.53,21.32,0.554,1
52.13,34.14,73.89,0.0661,-0.0282,92.82,10.17,20.22,0.2849,0
52.31,66.3,88.55,0.3602,0.034,186.53,2.39,26.01,0.7465,1
109.56,64.06,56.42,0.3732,0.1734,210.75,6.44,21.05,0.8597,1
38.62,43.22,76.97,0.434,-0.1197,433.55,4.6,24.87,0.1079,0
77.67,27.43,73.33,0.192,-0.4847,846.57,4.17,24.7,0.0177,0
103.8,77.58,72.86,0.8654,0.2,107.61,5.35,26.84,0.9644,1
78.03,47.34,58.35,0.4757,0.1226,122.6,6.21,30.96,0.7497,0
82.79,26.37,67.55,0.5602,-0.1844,563.16,2.13,28.26,0.1759,0
20.53,24.55,37.61,0.1694,-0.1327,190.33,9.41,29.89,0.1557,0
28.81,54.85,63.11,0.5184,-0.0606,300.35,3.43,29.96,0.3714,0
95.22,30.7,55.26,0.2323,-0.0876,484.97,5.84,20.42,0.111,0
29.96,51.98,74.8,0.025,-0.2568,215.34,11.2,40.77,0.4372,0
69.0,20.88,65.83,0.4178,-0.0588,224.5,1.67,22.1,0.3388,0
71.95,37.74,58.24,0.1811,-0.1584,80.1,12.69,36.4,0.5633,1
90.34,66.66,100.0,0.3046,0.1378,150.19,4.65,25.32,0.8696,0
31.06,16.77,50.22,0.43,-0.3565,480.68,5.38,21.46,0.0873,1
50.14,43.09,72.7,0.5139,-0.212,421.48,3.7,29.15,0.1324,0
58.13,44.84,65.81,0.4977,-0.3467,431.71,3.87,26.88,0.1765,0
88.49,62.1,53.09,0.5594,0.0999,215.12,1.79,22.65,0.7089,0
34.38,57.69,62.78,0.2976,-0.2352,431.22,3.67,28.36,0.3585,0
75.89,27.73,73.08,0.2899,-0.1781,292.18,3.83,26.74,0.2175,0
141.98,68.4,61.14,0.1932,0.098,223.42,0.87,23.51,0.8935,1
111.0,40.84,72.53,0.4572,0.0597,212.06,12.42,28.71,0.7137,0
104.44,52.0,60.54,0.1787,-0.2645,464.98,1.46,27.11,0.1593,0
94.5,64.99,66.63,0.3458,0.1008,252.67,2.01,38.16,0.7934,0
161.54,12.63,39.48,0.3398,-0.012,226.36,25.55,33.26,0.4576,0
100.68,52.83,58.23,0.2551,-0.016,124.94,8.36,21.44,0.8585,1
76.73,70.52,51.44,0.6532,-0.1171,465.42,10.63,23.58,0.3003,1
96.26,33.77,68.8,0.2015,-0.0568,260.67,0.59,31.44,0.7632,0
8.02,50.17,69.48,0.5796,-0.4248,635.49,6.6,36.86,0.0268,0
67.28,9.2,82.76,0.2778,-0.4644,209.65,17.61,35.5,0.0764,0
158.48,38.58,66.95,0.3972,0.1545,140.54,2.94,31.86,0.9735,1
41.1,44.87,76.28,0.4531,-0.1558,205.36,5.11,33.84,0.4568,0
62.83,48.89,60.17,0.2849,-0.0086,199.36,2.95,32.83,0.7209,0
76.65,37.03,69.6,0.9165,-0.3039,913.47,11.0,32.41,0.0031,0
10.42,17.62,40.94,0.1608,-0.2759,353.93,15.66,31.41,0.1222,1
143.07,79.77,78.77,0.1275,-0.1562,820.82,2.88,22.45,0.4164,0
170.37,90.75,70.31,0.4563,0.257,233.03,6.17,31.09,0.9887,1
82.09,34.78,68.73,0.4109,-0.0997,67.13,7.49,20.82,0.7835,1
47.91,41.52,81.98,0.4377,-0.2667,381.34,4.29,23.62,0.4275,1
22.47,26.31,52.61,0.2418,-0.3392,132.56,3.54,26.49,0.3014,0
17.86,55.41,46.59,0.3904,-0.1438,339.54,7.14,18.68,0.1616,0
102.09,21.59,71.89,0.1587,0.1063,154.91,1.09,27.09,0.6544,1
60.94,50.57,61.8,0.0949,-0.1804,218.41,9.46,20.21,0.4647,0
61.5,73.23,50.23,0.616,0.1379,103.98,11.49,28.64,0.8768,1
66.24,35.9,46.41,0.5145,-0.3263,554.36,12.94,28.52,0.0282,0
13.38,70.24,54.43,0.1556,-0.0164,138.48,8.3,38.87,0.5894,1
78.23,41.75,54.47,0.3392,-0.146,271.19,5.83,26.25,0.3217,0
35.92,79.46,72.19,0.2764,-0.2112,717.71,4.9,37.74,0.0504,0
200.16,33.07,84.26,0.0721,0.0167,342.11,2.68,19.09,0.9157,1
39.19,67.96,65.95,0.5253,-0.0196,133.0,3.27,31.88,0.6927,0
11.91,76.95,70.93,0.3314,-0.1132,162.91,4.96,26.85,0.724,1
80.73,88.99,59.59,0.4386,0.0252,195.95,26.39,18.03,0.687,1
40.03,60.39,62.39,0.6254,-0.0155,84.2,4.84,24.58,0.8053,1
152.44,16.63,86.02,0.4974,-0.1329,397.63,8.86,26.92,0.1837,0
105.19,19.45,43.15,0.6692,-0.2396,697.62,0.95,28.3,0.0262,0
164.53,37.37,63.78,0.1036,-0.1225,446.8,4.65,33.94,0.7752,1
56.43,41.47,59.79,0.3828,-0.0457,364.79,17.39,26.64,0.1294,0
71.67,20.14,86.1,0.499,-0.1672,344.03,4.57,24.27,0.3653,1
13.44,29.25,67.11,0.5677,-0.0424,44.58,3.26,32.91,0.4277,1
80.25,36.18,85.94,0.2734,0.0219,253.84,1.25,25.71,0.5931,1
112.66,62.08,58.82,0.2505,-0.0643,237.56,6.68,27.21,0.7052,1
79.79,27.76,63.02,0.536,-0.317,693.72,13.51,24.19,0.0166,0
64.45,70.07,74.14,0.3016,-0.0721,147.95,0.98,26.01,0.8591,1
93.76,78.82,82.04,0.2368,-0.0702,120.24,10.14,26.35,0.9245,1
118.01,28.79,63.4,0.4484,-0.1734,342.65,3.02,26.09,0.3905,1
13.8,36.96,65.8,0.625,-0.0568,55.73,4.93,35.7,0.3721,0
58.28,81.94,82.53,0.06,-0.0015,294.04,1.03,26.54,0.7696,0
60.96,35.84,91.73,0.364,0.0143,240.93,35.14,29.45,0.227,0
29.92,81.77,33.62,-0.0143,-0.2303,842.21,1.12,31.19,0.0215,0
52.15,66.25,41.87,0.3229,0.0831,239.95,4.94,30.58,0.4303,0
10.1,38.26,87.34,0.052,-0.1466,142.74,5.95,25.66,0.2694,0
122.33,45.85,49.56,-0.0382,-0.016,245.73,9.96,23.4,0.7965,1
44.34,59.73,54.1,0.609,0.0538,302.73,0.62,26.88,0.6843,1
94.98,66.52,73.94,0.4223,0.2021,51.23,6.32,37.09,0.8428,1
87.14,9.98,82.07,0.3238,-0.2654,86.71,1.28,18.26,0.7221,1
43.15,55.59,64.62,0.676,0.0283,476.07,11.82,29.85,0.0855,0
117.37,72.92,63.01,0.2004,0.0913,137.22,6.62,24.0,0.949,1
85.93,54.37,58.92,0.1444,0.1339,217.33,2.59,27.06,0.7643,0
22.32,83.86,82.6,-0.1491,0.0068,54.36,11.26,21.3,0.9445,1
90.74,69.0,65.38,0.5511,0.0032,112.52,1.04,18.61,0.7922,1
89.67,40.66,77.21,-0.036,-0.0352,429.65,3.12,29.1,0.4745,1
63.54,65.49,55.42,0.224,-0.0051,565.73,5.26,24.17,0.0758,0
103.08,29.0,35.19,0.8017,-0.1742,362.18,3.65,28.47,0.1632,0
101.59,55.58,42.41,0.4986,0.054,332.62,11.53,29.87,0.6944,1
6.19,63.05,65.87,0.1549,-0.0744,416.07,3.4,25.43,0.1636,0
45.59,69.62,62.42,0.8891,-0.1536,490.46,3.48,34.29,0.1152,1
31.8,34.12,63.95,0.0734,-0.2751,256.47,14.05,26.42,0.3487,0
71.54,85.51,56.51,0.1315,0.0018,343.26,3.44,22.95,0.6986,1
54.42,36.32,42.0,0.1574,-0.1595,282.84,4.8,29.71,0.2422,0
58.76,20.89,69.28,0.5032,-0.3119,420.25,2.98,24.87,0.0953,0
72.58,70.65,60.0,0.3755,-0.0691,240.5,2.28,25.48,0.5718,1
6.95,34.6,56.12,0.3961,-0.3044,190.44,2.64,13.58,0.2372,0
81.78,28.73,75.61,0.4093,-0.1182,207.2,6.2,25.64,0.4622,0
100.54,75.02,63.36,0.2832,0.2198,197.05,5.88,30.59,0.9535,1
84.11,37.11,67.04,0.0215,-0.099,263.01,4.02,32.87,0.7637,1
51.14,47.12,69.05,0.6248,-0.2769,466.37,7.17,30.51,0.1112,1
113.95,38.92,70.07,0.6585,-0.2801,1085.99,0.97,30.31,0.0217,0
31.85,23.63,74.22,0.0145,-0.3036,388.08,8.26,14.89,0.1505,0
78.91,36.59,52.11,0.3689,-0.2221,450.67,4.46,27.14,0.0895,0
76.44,17.36,54.63,0.6916,-0.1503,278.09,2.39,32.13,0.2746,1
56.35,76.39,20.7,0.5531,-0.0436,83.92,17.58,35.12,0.6052,1
56.33,38.79,87.01,0.6612,-0.1769,101.45,15.54,21.8,0.5088,1
100.3,42.31,79.84,0.6911,-0.1053,367.47,5.96,27.91,0.1999,0
39.18,68.65,71.45,0.4962,0.038,331.81,3.22,28.36,0.608,0
76.89,77.53,72.32,0.8501,0.1839,370.5,3.73,19.76,0.6817,1
116.56,69.21,74.17,0.0138,0.1525,240.79,4.9,27.01,0.9256,1
46.76,27.2,44.53,0.3203,0.01,141.15,22.98,30.14,0.0875,0
83.17,14.77,52.08,0.5598,-0.1498,246.31,6.66,25.06,0.192,0
22.5,75.08,50.51,0.1984,0.0444,277.36,2.99,16.29,0.2365,1
29.81,12.87,92.2,0.554,-0.3775,799.04,14.28,31.63,0.0024,0
39.79,25.65,75.06,0.2303,-0.17,332.91,0.27,35.27,0.0958,0
176.06,40.11,84.79,0.2759,0.1463,138.6,6.77,23.39,0.9607,1
96.04,89.15,46.16,0.3979,0.1838,187.79,0.47,26.91,0.9042,1
12.07,77.92,64.18,-0.1052,-0.1682,204.32,2.59,36.14,0.7426,1
35.7,53.31,55.39,0.2176,-0.22,177.66,0.81,16.5,0.6488,1
66.57,60.16,73.06,0.2609,-0.2129,531.5,8.79,26.5,0.3253,1
98.52,36.37,66.88,0.3159,-0.0408,355.68,0.83,32.72,0.479,1
29.99,67.7,78.59,0.5386,0.061,63.38,3.31,28.21,0.8494,1
82.9,44.35,61.75,0.8266,0.0085,427.3,9.33,30.51,0.2949,0
23.47,60.74,37.1,0.6609,-0.3644,674.57,15.3,26.02,0.0035,0
80.16,38.6,65.49,0.4111,-0.1712,282.22,4.64,25.6,0.3099,0
45.52,51.27,70.44,0.2996,-0.4553,643.28,8.7,31.39,0.0235,0
30.67,66.49,65.44,0.4131,-0.088,222.01,1.69,23.97,0.4681,0
149.46,42.18,59.18,0.6367,0.1014,299.33,6.05,23.06,0.7321,0
97.49,82.81,64.87,0.6511,0.0876,177.64,12.68,24.8,0.8414,1
33.77,59.65,85.55,0.4889,0.0681,66.49,3.5,22.92,0.7718,1
63.95,35.97,80.3,0.5841,-0.1559,179.98,3.13,28.23,0.5973,0
105.63,91.5,42.47,0.6923,0.0399,444.59,2.91,23.57,0.5871,1
86.09,38.84,67.24,0.3523,-0.2242,807.25,2.04,22.5,0.1056,0
57.4,54.04,72.44,-0.0557,-0.147,612.59,7.76,24.46,0.0507,0
159.58,69.15,66.54,0.5528,0.2385,296.72,8.27,24.72,0.9272,1
26.81,68.15,47.27,0.3599,-0.0455,94.3,11.81,35.07,0.5901,0
93.98,70.07,49.92,0.4446,-0.0863,518.06,0.28,23.69,0.5313,1
105.71,66.75,57.85,0.6158,-0.0471,506.74,13.95,20.22,0.4693,0
26.31,44.87,58.91,0.5839,-0.2181,561.98,3.31,30.96,0.0354,0
47.0,49.34,28.82,0.1402,-0.2579,194.1,0.36,28.08,0.5831,0
65.5,56.3,56.45,0.3628,0.1013,416.91,11.6,26.06,0.3194,1
147.66,28.29,100.0,0.3612,-0.0885,332.05,12.44,28.99,0.7483,1
80.21,55.51,72.49,0.1626,0.0291,310.48,8.02,26.26,0.5582,1
63.43,73.37,40.13,0.5897,-0.0508,161.4,14.05,25.31,0.4165,1
123.48,82.54,61.06,0.8758,0.2718,308.08,1.07,32.29,0.9029,1
38.19,61.93,84.37,0.3849,-0.0899,18.78,14.3,27.64,0.8561,1
25.74,11.72,67.51,0.7116,-0.2459,32.45,4.01,34.26,0.0959,0
100.79,63.99,74.67,0.5119,-0.1031,556.79,1.38,21.54,0.2417,0
175.18,82.37,80.57,0.6446,0.2921,241.51,0.92,13.24,0.9763,1
29.05,67.82,75.65,0.3877,-0.2021,455.3,0.2,29.55,0.2188,0
59.4,7.69,78.04,0.2727,-0.3451,629.97,1.73,26.35,0.0316,0
171.24,67.28,75.97,0.1897,0.1645,250.65,9.47,26.61,0.9571,1
40.76,16.28,36.06,0.5305,-0.3232,352.79,2.6,27.07,0.0569,0
71.65,59.57,51.06,0.6236,-0.1917,128.95,2.41,20.25,0.8141,1
60.7,26.9,72.64,0.1991,-0.3612,629.18,3.69,16.21,0.0813,0
122.78,36.66,94.42,0.283,0.1528,181.8,2.81,20.4,0.8672,1
54.23,65.41,58.34,0.5142,-0.0297,281.74,13.02,24.41,0.4541,0
96.35,76.83,96.5,0.31,0.0692,240.21,5.74,32.57,0.9671,1
117.66,11.13,71.13,0.4732,0.0044,38.42,3.33,28.86,0.7296,1
40.53,14.64,46.16,0.6391,-0.262,307.09,5.55,25.67,0.0363,0
36.7,77.48,60.09,-0.1488,-0.1207,546.69,11.34,30.74,0.3026,0
80.83,13.42,73.28,0.4868,-0.2615,475.77,5.18,30.27,0.0764,0
44.36,85.14,83.81,0.6862,0.0399,135.52,4.07,22.92,0.8869,1
51.06,66.98,58.8,0.0757,-0.0884,452.31,9.68,21.34,0.4182,0
83.61,83.3,74.75,0.3765,0.0896,310.51,1.39,25.01,0.9353,1
36.94,34.76,70.25,0.2807,-0.2237,326.3,5.46,28.45,0.0672,0
8.88,14.2,68.19,0.2948,-0.2663,107.65,7.31,27.26,0.1866,1
141.64,73.97,64.53,0.2466,0.1055,374.06,1.61,20.88,0.9176,1
114.8,7.27,86.61,0.2335,-0.1559,620.38,5.74,25.32,0.0402,1
39.42,43.66,54.61,0.4327,-0.312,297.01,4.11,25.47,0.1555,0
64.19,72.48,60.66,0.1597,-0.0599,393.27,15.95,24.55,0.1911,0
26.28,82.55,72.28,0.6946,0.0805,341.86,2.54,31.72,0.4883,1
111.6,66.5,67.66,0.791,0.116,76.66,6.19,33.87,0.9761,1
43.32,60.27,69.64,0.2952,0.1108,308.61,5.12,30.18,0.6816,1
93.33,25.59,64.65,0.7248,-0.2014,256.89,3.65,29.01,0.413,1
42.75,79.33,38.42,0.1836,0.108,109.84,0.38,26.96,0.8763,1
58.91,55.76,73.58,0.5263,-0.1332,322.31,0.34,30.36,0.5589,1
45.21,42.35,78.4,0.4119,-0.1278,445.25,5.03,27.47,0.2342,0
173.52,62.29,59.94,0.2307,0.3373,288.54,8.02,19.76,0.9574,1
64.89,12.49,71.56,0.2812,-0.1639,294.34,4.74,27.1,0.173,0
32.7,63.33,61.75,0.3002,-0.1732,646.19,1.57,21.05,0.0602,0
27.27,44.0,62.52,0.4537,-0.1504,145.21,4.41,19.16,0.3863,0
32.52,83.39,68.37,0.6155,-0.3423,360.3,3.29,32.59,0.3719,1
206.99,27.72,94.58,0.2348,0.0271,157.44,10.89,22.54,0.9322,1
68.89,24.89,54.78,0.4134,-0.1528,243.44,6.35,27.55,0.3811,0
88.33,42.32,75.16,0.3701,-0.0434,373.02,8.01,15.87,0.4325,0
122.5,34.61,74.13,0.4424,-0.1945,514.88,11.42,13.65,0.3241,1
121.51,94.3,60.45,0.4057,0.2324,110.08,4.92,30.79,0.9302,1
48.36,53.94,50.44,0.1081,0.135,331.73,9.06,27.66,0.4277,0
39.53,95.54,67.82,0.5539,0.0226,446.85,18.4,28.87,0.2082,0
138.25,65.97,77.09,0.7894,0.151,97.72,10.4,27.77,0.9533,1
22.02,77.48,75.83,0.1967,0.0912,242.88,3.0,20.68,0.8942,1
45.48,78.54,85.67,0.2446,0.1282,355.72,7.93,21.36,0.7147,1
63.84,44.72,62.47,0.4848,-0.4589,1064.89,3.56,25.94,0.0016,0
237.82,62.25,69.18,0.4017,0.0574,336.36,26.54,22.14,0.9377,1
112.96,79.34,67.9,0.0662,0.1086,221.16,2.79,25.75,0.9326,1
219.69,34.78,89.9,0.3212,0.0416,263.46,7.82,32.49,0.9841,1
168.88,59.95,61.74,0.3319,0.0301,361.84,0.81,23.59,0.9297,1
4.91,61.69,67.82,0.6039,-0.1375,274.85,0.14,22.93,0.2135,0
130.43,32.09,32.06,0.17,-0.2022,144.58,12.52,28.04,0.7431,1
31.21,81.46,70.83,-0.0588,-0.0159,465.24,3.4,23.45,0.5192,0
66.03,75.14,60.34,0.1925,0.0597,830.67,1.06,26.97,0.1482,0
58.93,45.1,68.76,0.2844,-0.0318,18.29,1.67,31.67,0.8215,1
114.93,13.34,65.56,0.441,-0.0569,131.96,5.24,24.0,0.8204,1
79.23,26.55,55.57,0.6858,-0.1515,185.26,1.04,19.87,0.4432,0
90.02,70.48,65.35,0.5227,0.059,266.48,3.88,26.68,0.9034,1
174.66,59.66,60.34,0.363,0.2081,188.73,4.09,22.05,0.9324,1
122.16,80.58,73.17,0.2423,0.0428,360.45,5.25,25.02,0.7605,0
46.05,54.8,95.82,0.3783,-0.129,211.43,14.46,28.34,0.7069,1
66.94,88.41,79.21,0.307,0.0773,114.01,0.35,32.64,0.9486,1
141.64,30.41,50.32,0.3203,-0.0475,135.77,0.52,37.8,0.8102,0
103.67,36.0,59.53,0.4719,-0.1858,37.69,1.73,25.61,0.9503,1
117.53,21.06,35.05,0.5116,-0.1844,299.65,2.18,25.82,0.2782,0
149.54,60.38,53.54,0.6043,0.1468,78.72,2.6,19.49,0.981,1
118.25,26.62,68.57,0.5748,-0.1327,182.86,8.09,24.33,0.5589,1
44.42,22.27,42.31,0.5025,-0.2669,370.7,3.48,28.37,0.1029,0
171.98,45.62,67.14,0.5426,0.0317,273.49,0.46,19.81,0.9261,1
58.61,84.02,93.02,0.2674,0.2232,71.11,15.8,35.77,0.9588,1
235.15,49.19,53.5,0.4146,0.2374,152.02,4.69,22.55,0.9868,1
14.56,61.1,55.32,0.3844,-0.314,711.65,4.53,27.74,0.0277,0
188.31,77.44,42.29,0.611,0.0058,796.34,2.32,27.64,0.4474,1
71.82,47.79,95.33,0.2441,-0.1369,429.79,4.17,26.52,0.4354,0
143.11,16.96,74.03,0.3445,0.017,211.98,3.43,34.63,0.7353,0
120.74,82.95,50.61,0.3603,-0.0444,486.2,1.94,33.2,0.8028,1
104.98,61.97,37.07,0.5177,0.19,267.22,2.83,31.07,0.877,1
27.61,53.68,86.28,0.3194,-0.1674,131.96,2.74,30.6,0.6387,1
38.65,46.51,64.16,0.0057,-0.0849,96.35,12.24,26.94,0.4854,0
61.78,50.98,69.14,0.2169,-0.0419,390.95,4.54,30.05,0.4146,1
14.84,75.13,76.6,0.446,-0.0104,45.89,5.47,22.22,0.8234,1
82.25,28.99,69.68,0.7871,-0.1731,482.74,8.53,28.61,0.1191,0
33.85,28.73,46.58,0.5392,-0.0829,147.52,6.1,30.48,0.2054,0
93.43,54.59,67.0,0.4879,-0.1346,588.53,4.38,28.06,0.1647,0
219.99,20.99,78.09,0.6965,0.0839,462.25,6.26,27.11,0.5971,1
54.08,29.99,90.87,0.5825,-0.0616,172.03,1.0,27.64,0.4203,0
54.12,17.55,58.18,0.2757,-0.1931,123.11,4.36,25.39,0.395,0
85.8,33.28,63.27,0.0717,-0.1515,460.97,13.39,34.06,0.3511,1
113.98,35.57,76.54,0.4646,-0.4019,324.45,18.79,22.85,0.35,0
23.9,15.09,88.04,0.4299,-0.2716,341.8,6.64,25.67,0.0161,0
116.94,32.96,74.22,0.4314,0.002,54.27,3.64,30.34,0.8619,1
30.74,37.21,61.79,0.8873,-0.0934,18.71,4.38,36.58,0.4142,1
36.44,58.21,57.64,0.3082,-0.1028,263.72,1.32,34.04,0.3519,0
119.1,27.76,82.77,0.4871,0.0389,79.26,10.38,21.8,0.7994,0
152.25,83.09,90.64,0.57,0.0125,423.47,1.16,27.42,0.9313,1
155.28,35.6,63.37,0.665,0.0465,69.38,4.64,25.34,0.9421,1
131.83,47.87,75.14,0.3604,0.1037,120.75,8.57,30.41,0.9319,1
16.38,77.53,38.22,0.6164,-0.1003,198.95,3.64,30.38,0.5604,1
24.36,37.66,73.61,0.3898,-0.2219,236.17,8.35,24.37,0.1754,0
20.74,63.66,68.36,0.1952,-0.0872,266.89,8.62,29.2,0.644,1
48.56,64.23,74.4,0.3327,-0.0937,79.88,10.44,27.33,0.9132,1
133.61,54.35,57.49,0.5443,0.1739,288.34,9.54,22.26,0.7197,0
90.15,7.76,86.28,0.2922,-0.208,91.3,7.65,27.84,0.6791,1
120.02,54.41,59.2,0.43,-0.0615,311.02,0.63,29.29,0.7225,1
73.13,30.78,63.58,0.4057,-0.2022,144.5,7.86,25.8,0.4669,0
62.23,2.23,55.63,0.3434,-0.1439,158.66,13.31,22.74,0.1412,0
17.11,45.24,80.87,0.8732,-0.1086,88.73,17.84,23.44,0.2884,0
67.24,6.64,85.66,0.4763,-0.4018,75.21,0.98,25.75,0.358,1
27.34,47.93,67.16,0.3401,0.0372,33.35,3.77,25.95,0.6521,1
51.77,29.26,41.19,0.5103,-0.182,369.66,5.13,26.06,0.0958,0
100.29,63.62,70.63,0.3861,0.1579,110.34,1.74,31.71,0.9566,1
30.08,30.58,55.89,0.4896,-0.2566,527.14,9.91,17.36,0.0356,0
83.15,65.15,61.3,0.5381,-0.0857,336.93,12.06,24.25,0.6245,1
52.47,45.93,54.31,0.3606,-0.0453,221.12,7.21,19.27,0.2625,0
59.42,38.85,41.57,0.6178,-0.1028,171.8,4.08,26.65,0.3645,0
214.85,46.85,67.75,0.6287,-0.0431,760.41,4.7,21.77,0.6351,0
93.84,77.06,89.76,0.4762,-0.0144,256.59,0.65,23.62,0.8965,1
25.12,66.34,45.03,0.4851,-0.047,234.63,4.23,35.56,0.3296,0
55.19,61.54,66.28,0.6291,0.0054,159.13,1.46,27.24,0.6347,1
143.27,70.92,56.87,0.4416,0.0587,23.02,2.34,25.9,0.9824,1
69.68,58.92,73.11,0.1838,0.0241,313.61,2.25,28.03,0.8897,1
146.76,47.41,54.98,0.6461,0.2222,139.66,0.72,28.53,0.9533,1
59.33,58.03,80.33,0.1817,-0.0747,184.72,0.52,27.1,0.5423,1
113.44,40.07,54.03,0.8145,-0.2854,486.94,5.86,25.68,0.1663,0
114.91,33.17,55.16,0.5495,-0.1238,227.66,5.09,24.83,0.5698,0
94.58,92.82,42.95,0.4634,0.2142,159.44,1.81,35.74,0.9383,1
141.53,50.38,85.81,0.081,0.1653,260.25,8.97,33.71,0.9553,1
65.06,91.1,61.95,0.5495,0.1572,177.39,0.39,23.52,0.9529,0
165.27,54.69,57.72,0.4567,0.1836,89.03,3.13,30.12,0.9691,1
43.5,81.07,65.71,0.6958,0.0612,303.31,9.35,29.43,0.5262,0
35.0,50.06,59.82,0.1495,-0.0498,173.88,4.46,16.41,0.6551,0
95.46,48.47,48.8,0.5114,-0.0248,414.76,7.68,30.39,0.3995,0
11.61,38.87,78.3,0.5038,-0.3479,305.7,6.69,21.73,0.0596,0
149.52,85.44,72.15,0.5906,0.1172,59.59,5.12,32.81,0.99,1
67.71,50.17,80.08,0.551,-0.0205,429.64,0.43,22.91,0.4368,0
89.74,29.89,53.95,0.4183,-0.0895,20.81,1.19,26.73,0.8363,0
44.9,58.68,61.57,0.2009,-0.115,48.48,1.62,17.17,0.6903,1
48.08,46.62,64.36,0.3783,-0.1972,115.34,0.8,29.32,0.597,1
26.41,12.38,53.98,0.1495,-0.1481,293.95,4.53,29.28,0.0547,0
35.34,83.28,65.62,0.0598,0.0063,155.23,6.09,30.71,0.7422,1
72.54,39.71,77.5,0.5994,-0.228,691.16,1.75,24.41,0.072,0
94.24,8.94,77.21,0.1155,-0.3475,54.0,6.58,22.97,0.6215,1
91.2,71.45,43.35,0.6267,-0.1294,800.89,6.0,22.39,0.0941,0
37.06,42.07,79.04,0.4418,-0.1818,271.44,5.0,27.42,0.1651,1
88.81,58.76,48.85,0.3662,0.1224,110.54,4.52,25.33,0.8805,0
20.22,88.08,52.81,0.5129,-0.1496,526.82,0.74,22.19,0.2356,0
34.44,54.45,80.79,0.3461,-0.1066,279.61,4.07,23.7,0.3672,1
61.47,80.88,59.27,0.1007,-0.0608,572.9,2.43,20.14,0.2664,0
49.47,48.53,51.96,0.2136,-0.0611,472.43,0.82,36.22,0.1655,0
14.3,26.63,50.87,0.4759,-0.1327,476.81,3.31,17.02,0.036,0
48.92,52.25,45.17,0.5936,0.0223,122.19,14.71,25.67,0.4232,0
55.6,63.73,79.2,0.5841,-0.0782,67.86,2.58,16.13,0.7891,0
15.37,14.01,70.7,0.2898,-0.3358,221.95,0.78,24.97,0.1123,0
62.68,57.28,60.59,0.0271,0.0708,302.18,5.08,28.37,0.4571,1
80.04,63.41,45.24,0.0339,-0.0731,491.26,7.34,36.51,0.2617,0
14.91,89.23,54.71,0.2205,0.0665,93.27,0.43,32.89,0.8688,0
55.2,14.98,60.05,0.3883,-0.2143,593.14,1.14,24.1,0.0396,0
67.35,77.36,45.39,0.1985,-0.0851,37.33,3.36,29.05,0.9463,1
63.9,49.59,75.2,0.2911,-0.1149,161.2,19.19,21.39,0.7006,1
20.05,43.38,68.81,0.1825,-0.1472,95.34,4.07,35.46,0.6251,1
131.21,36.87,62.04,0.2489,-0.0996,419.14,19.61,29.35,0.2669,0
93.4,26.52,37.71,0.3491,-0.1726,81.35,7.72,29.57,0.4249,1
186.68,67.39,65.57,0.2184,0.2921,59.04,1.19,32.92,0.9914,1
38.96,65.65,75.64,0.6417,0.0447,194.17,7.11,26.19,0.7111,1
48.75,14.81,65.48,-0.1124,-0.2164,331.21,6.04,28.17,0.1272,0
26.66,52.79,70.3,-0.1617,-0.0418,291.95,0.48,26.26,0.7643,0
91.71,15.37,61.53,0.3735,-0.1342,200.54,9.7,26.28,0.2057,1
57.42,16.42,53.16,0.1725,-0.2507,407.26,0.77,31.24,0.0722,1
135.94,7.27,46.74,0.5823,-0.1128,28.38,0.12,26.49,0.6924,1
63.82,7.72,63.64,0.2014,-0.2561,383.26,1.03,23.68,0.1748,0
100.66,61.65,52.76,0.7705,-0.197,696.21,17.31,25.25,0.0356,0
68.18,55.07,79.93,0.5924,0.0164,410.1,18.94,34.11,0.1416,0
218.17,78.57,71.74,0.2446,0.1573,610.33,9.92,28.52,0.9136,1
67.24,64.38,79.02,0.3193,-0.0265,338.08,11.45,26.09,0.3309,0
299.48,42.98,68.65,0.6535,0.5818,33.65,3.92,26.09,0.9994,1
107.88,26.53,81.27,0.6031,-0.1771,1061.92,10.93,26.82,0.0053,0
98.98,29.34,53.44,0.6218,-0.0282,238.54,5.32,27.46,0.3573,0
73.65,57.78,67.23,0.3221,-0.0326,275.09,10.02,23.84,0.5357,0
45.22,32.67,68.06,0.3146,-0.4143,698.26,10.68,26.29,0.0271,0
112.41,15.16,75.6,0.7142,-0.0375,89.04,24.27,27.58,0.436,1
183.0,95.53,47.77,0.2457,0.3792,108.99,6.72,33.29,0.996,1
42.73,70.3,55.21,0.5787,0.0305,103.37,8.56,29.53,0.691,0
74.64,35.2,60.64,0.3798,-0.2319,186.05,2.68,26.46,0.5638,1
33.2,33.51,59.88,0.6487,-0.1726,575.86,1.74,24.59,0.0248,0
32.51,60.74,68.32,0.7396,-0.1954,423.77,6.08,24.12,0.2402,0
36.18,66.62,67.66,0.3937,-0.1324,191.0,15.39,28.11,0.1853,0
125.73,64.29,53.62,0.2778,0.0773,188.15,1.76,30.84,0.8835,1
65.37,51.83,43.92,0.2764,-0.0432,200.71,0.47,22.07,0.6725,0
124.79,21.05,78.34,0.5159,-0.1554,431.71,1.39,26.67,0.1887,0
35.28,29.9,83.75,-0.0388,-0.0647,235.14,12.54,27.62,0.4215,0
36.41,40.22,30.93,0.5484,-0.1316,381.04,2.4,25.14,0.1906,0
55.87,76.25,92.4,0.2661,-0.081,352.38,3.48,24.31,0.7502,1
113.77,60.77,85.93,0.4482,-0.068,553.13,2.72,41.53,0.3566,0
106.74,44.05,70.63,0.8367,0.0302,55.67,3.95,28.19,0.909,1
110.55,86.42,55.28,0.5808,0.0769,607.75,9.45,19.77,0.3275,0
1.19,40.04,44.78,0.2548,0.027,186.83,6.03,27.21,0.1232,0
179.64,47.83,98.24,0.5423,0.0337,168.92,2.49,26.91,0.9209,1
16.0,3.66,68.21,0.1331,-0.7623,1050.61,11.89,26.89,0.0001,0
47.73,77.76,76.94,0.7093,0.0161,89.08,1.91,27.19,0.9323,1
158.58,58.83,64.87,0.4306,0.0697,474.71,1.99,29.5,0.8587,1
30.52,74.1,56.2,0.4127,-0.0043,122.89,2.12,37.54,0.8873,1
89.03,59.28,54.5,0.5576,-0.2363,689.53,2.32,22.62,0.2112,0
22.28,29.02,96.61,0.8946,-0.2025,203.36,2.44,24.7,0.457,1
104.98,36.79,53.24,0.356,0.053,318.05,10.42,21.62,0.5677,1
28.29,52.66,71.46,0.4049,-0.1204,181.5,14.18,29.94,0.2943,0
103.75,19.66,69.82,0.1736,-0.2056,475.08,2.8,30.3,0.1328,0
27.54,54.74,66.07,0.2599,-0.2018,561.55,2.79,26.22,0.0878,0
61.22,49.18,85.2,0.6596,-0.0285,406.44,3.93,32.27,0.2244,0
6.0,48.69,65.68,0.0501,-0.1367,199.82,9.0,29.91,0.122,0
76.01,3.89,94.9,0.1412,-0.2301,491.66,10.35,31.59,0.0852,0
53.94,29.0,59.34,0.8513,-0.1939,267.5,9.64,31.1,0.1454,0
119.81,27.0,62.7,0.3189,-0.0444,177.19,21.1,28.27,0.5828,1
48.18,36.36,84.37,0.4648,-0.0718,150.32,12.05,26.74,0.4019,0
54.48,70.33,55.85,0.4705,-0.0388,300.6,0.54,24.44,0.4763,0
139.36,34.45,64.76,0.2885,-0.0782,139.97,5.63,31.11,0.8607,1
64.46,44.56,26.76,0.3507,-0.0351,187.95,3.37,24.97,0.3732,0
64.67,32.97,51.42,0.0977,-0.0309,29.59,0.56,28.96,0.7405,0
221.12,51.22,54.98,0.5154,0.136,275.32,5.58,30.51,0.963,1
232.57,53.06,71.09,-0.1685,-0.0104,99.13,2.95,35.01,0.9974,1
158.96,59.56,57.12,0.3297,0.2173,65.15,0.33,25.09,0.9827,1
143.7,50.21,39.98,0.5946,-0.0977,423.55,0.17,24.12,0.6115,1
17.72,9.43,48.97,0.4617,-0.2537,176.49,7.29,22.98,0.0325,0
50.84,78.69,84.9,0.3117,-0.2115,357.5,10.71,30.11,0.3647,0
112.8,80.73,45.57,0.4385,-0.0378,291.73,12.56,26.65,0.7931,1
41.7,49.47,88.13,0.2134,-0.2295,250.57,5.39,23.66,0.4503,0
33.63,56.9,26.27,0.2821,-0.266,350.45,9.29,27.53,0.0857,0
10.04,65.08,61.64,0.5013,-0.3102,210.86,7.12,26.07,0.4478,1
68.29,31.79,55.33,0.6687,-0.3454,335.51,20.15,33.71,0.048,0
175.62,33.01,45.32,0.4287,0.0212,136.54,1.09,27.81,0.9587,1
97.72,65.31,77.68,0.3237,0.0507,195.51,3.37,23.79,0.9142,1
207.44,52.89,59.97,0.1192,0.0723,344.53,8.13,25.17,0.895,1
31.48,83.36,62.0,0.4353,-0.0058,367.13,0.66,25.51,0.4413,1
115.39,48.82,48.54,0.4309,-0.1014,507.18,1.83,32.31,0.3707,1
54.91,82.64,50.07,0.4426,-0.0815,98.59,2.58,33.34,0.8538,1
82.74,16.14,91.53,0.2627,-0.2409,534.28,2.48,31.48,0.1062,0
87.28,15.7,89.36,0.3401,-0.2979,62.42,8.24,31.53,0.4754,0
92.46,36.06,83.57,0.3401,-0.0387,437.53,6.77,23.78,0.2101,1
49.43,35.18,70.02,0.5057,0.0051,219.82,5.67,29.0,0.2826,1
102.07,48.37,76.99,0.495,0.214,99.17,3.76,38.0,0.9187,1
70.37,28.36,67.24,0.2925,-0.2589,238.63,1.95,32.87,0.4902,0
81.75,49.62,67.83,0.3746,0.0779,199.67,2.12,31.22,0.6783,1
98.81,54.16,69.23,0.2117,-0.1584,368.75,10.93,22.72,0.4246,0
42.68,63.59,74.74,0.308,-0.0011,332.81,2.37,30.17,0.4371,1
37.72,29.76,50.0,0.3888,-0.5314,1388.37,5.42,23.42,0.0001,0
46.62,43.31,61.69,0.2911,-0.2901,287.69,4.98,32.17,0.2583,0
34.25,29.53,61.85,0.5688,-0.1647,287.91,4.4,23.35,0.0703,0
187.6,31.79,54.87,0.5152,0.173,105.17,6.36,34.4,0.9179,1
174.91,56.9,53.37,0.4479,0.1519,423.14,1.07,22.83,0.8969,1
153.01,59.87,87.08,0.6166,-0.0045,282.92,10.99,21.28,0.7829,1
112.65,33.91,69.12,0.4054,-0.0904,12.52,5.79,25.77,0.8499,1
91.27,68.39,61.34,0.2741,0.0891,162.96,6.8,28.83,0.8057,1
71.37,34.81,60.12,0.3844,0.0021,146.94,2.16,33.46,0.7202,0
23.84,54.61,62.81,0.5683,-0.0726,260.05,5.84,36.9,0.1522,0
16.9,71.11,45.75,0.2925,-0.014,386.46,1.09,29.27,0.2693,0
71.51,72.1,67.43,0.3052,-0.0912,492.3,1.33,30.75,0.4278,0
54.24,46.37,80.18,0.8714,0.0526,105.87,5.23,26.85,0.7121,1
100.07,75.39,56.68,0.1384,0.0023,429.72,15.22,21.59,0.6137,0
81.41,58.24,100.0,0.5219,0.0427,249.65,11.08,27.41,0.4673,0
110.44,20.83,51.42,0.2926,-0.1322,29.08,4.88,28.74,0.7516,0
63.6,71.78,49.52,0.3298,-0.07,473.74,4.85,34.81,0.5293,0
39.72,41.06,78.47,0.1793,-0.1057,302.76,12.73,29.49,0.2802,0
79.1,80.16,63.88,0.7142,0.0652,212.62,4.59,40.38,0.7787,1
52.9,37.77,61.21,0.4878,-0.3256,940.13,3.01,31.92,0.0108,0
78.81,32.95,69.92,0.7287,-0.146,118.94,9.52,23.19,0.5496,0
8.68,35.47,24.83,0.5394,-0.3061,894.53,8.72,32.19,0.0009,0
38.28,93.16,52.87,0.3201,0.054,329.18,12.51,19.64,0.3485,0
137.45,58.46,42.27,0.3618,-0.0974,359.91,2.8,23.4,0.6502,1
148.97,33.22,56.07,0.0124,-0.0152,177.32,5.62,21.44,0.8706,1
55.43,20.75,46.52,0.511,-0.1334,66.45,1.44,24.31,0.5382,0
72.04,17.35,53.22,0.5015,-0.3832,277.77,3.12,21.59,0.1319,0
99.21,14.77,64.31,0.1944,-0.2036,232.81,0.91,20.89,0.4834,0
53.98,29.7,82.9,0.1356,-0.0572,153.17,7.77,31.8,0.6846,0
85.04,4.92,57.61,0.4594,-0.3583,308.46,1.79,26.05,0.1887,0
182.45,34.16,35.29,-0.0126,-0.0631,423.9,12.67,26.31,0.2477,0
51.95,52.72,79.91,0.5803,0.0395,354.57,1.41,24.39,0.4545,0
113.51,52.16,76.67,0.4815,-0.0927,405.92,5.69,41.8,0.655,1
41.71,73.99,80.82,0.3748,-0.1285,310.17,6.52,26.44,0.4122,1
231.84,87.53,65.45,0.4073,0.2234,263.3,9.11,28.11,0.9927,1
97.88,27.44,62.43,0.3245,-0.0813,124.97,5.43,37.41,0.671,1
37.71,64.61,59.82,0.3036,-0.0255,226.33,15.77,26.99,0.3226,0
79.2,73.75,37.56,0.1582,-0.0065,476.61,0.8,30.42,0.7464,1
11.15,19.77,86.71,0.764,-0.3166,379.99,6.63,26.8,0.0274,0
33.32,15.35,68.16,0.4969,-0.069,350.36,10.36,23.76,0.0556,1
130.66,65.0,71.65,0.2349,0.193,72.5,15.26,36.68,0.9475,1
73.76,45.35,79.87,0.3061,-0.073,276.61,3.47,20.81,0.8231,1
83.6,72.7,84.65,0.2079,0.2254,312.3,17.03,27.7,0.6734,1
75.39,67.94,78.59,0.341,-0.0829,422.67,5.35,23.7,0.3185,1
88.57,53.0,56.05,0.2582,-0.0956,299.7,5.14,27.59,0.4154,1
72.99,61.33,82.54,0.2901,-0.0423,307.46,4.64,28.08,0.8207,0
101.37,33.84,85.37,0.2597,-0.1109,152.55,7.84,26.13,0.7004,1
284.79,44.71,76.86,0.188,0.2237,295.61,7.87,24.81,0.99,1
33.0,52.17,63.26,0.4631,0.0762,101.81,3.59,29.07,0.6295,0
36.84,53.3,51.66,0.4474,0.0283,118.44,2.01,31.42,0.4054,1
34.5,86.28,66.37,0.3862,-0.0438,147.49,2.34,24.18,0.7066,1
47.51,49.67,45.28,-0.0789,-0.2475,211.44,2.14,31.91,0.6253,0
223.61,30.54,68.48,0.3143,0.0193,133.22,5.71,25.19,0.9632,1
8.38,77.52,76.62,0.2623,-0.0447,106.63,2.43,28.36,0.7048,0
84.5,32.34,56.69,0.3832,-0.1754,465.1,6.9,23.42,0.0617,0
32.81,70.26,85.91,0.1607,-0.0233,265.74,9.76,23.38,0.6075,1
22.21,45.63,71.11,0.6354,-0.0892,143.95,1.34,23.74,0.7029,1
49.4,26.59,39.39,0.1197,-0.3217,386.07,4.65,26.81,0.2642,1
69.34,42.39,44.79,0.3479,-0.012,59.55,4.93,28.67,0.6371,0
196.24,50.74,49.94,0.7952,0.0251,229.87,19.01,27.22,0.799,1
71.72,74.06,49.57,0.5018,0.0452,87.43,2.08,19.47,0.9435,1
48.66,86.22,41.92,0.6264,-0.163,676.92,17.54,19.42,0.1027,0
24.84,82.6,78.97,0.2764,0.1165,173.48,0.45,27.74,0.771,0
44.29,61.09,47.84,0.2585,-0.1037,409.04,1.25,20.84,0.144,0
26.35,39.14,67.45,0.3309,-0.1105,359.09,1.66,26.94,0.0952,0
63.13,87.16,75.32,0.0583,-0.0834,589.82,2.06,19.78,0.49,0
190.96,82.46,85.74,0.2915,0.3467,359.15,16.59,27.29,0.9607,1
121.82,44.58,65.88,0.2868,-0.0406,642.88,5.25,21.67,0.2105,1
149.06,46.11,69.21,0.2848,0.0568,131.32,7.41,33.46,0.9789,1
135.78,50.21,43.79,0.3244,-0.1879,205.53,8.07,28.38,0.5476,1
118.46,31.18,90.19,0.5615,-0.1596,376.83,8.01,36.61,0.7239,0
51.81,10.11,41.02,0.2651,-0.5078,972.6,5.41,19.86,0.0031,0
52.79,93.61,48.28,0.2906,0.0414,266.83,7.31,21.25,0.5633,1
114.56,40.16,100.0,0.1071,-0.4152,938.15,3.02,29.34,0.0256,0
81.22,43.02,77.46,0.5965,0.004,52.71,20.2,23.59,0.5211,0
97.02,14.1,60.95,0.0132,-0.2536,233.49,1.92,33.75,0.6222,1
81.08,30.33,58.13,0.6029,-0.2004,387.22,3.49,22.36,0.1902,0
26.08,65.1,62.03,0.1816,-0.1224,478.08,3.59,24.19,0.2757,1
62.75,41.98,54.49,0.3782,-0.0799,78.78,2.43,24.71,0.6596,0
14.14,62.43,75.82,0.2572,-0.1961,378.64,11.98,32.56,0.0625,0
96.24,69.17,56.33,0.0321,0.0037,48.79,18.12,17.91,0.879,1
154.45,63.11,62.49,0.3317,0.3551,98.97,12.78,30.8,0.9207,1
11.24,76.99,100.0,0.3048,-0.1224,175.79,2.31,25.87,0.5446,1
122.55,41.81,60.66,0.5752,0.063,34.73,2.61,27.69,0.8721,1
168.36,83.54,56.41,0.0882,0.3984,58.24,4.4,24.16,0.991,1
69.72,71.04,62.9,0.6063,-0.0125,252.6,1.58,29.27,0.627,1
151.82,27.05,52.36,0.3696,-0.0014,300.59,3.02,26.36,0.7059,1
236.9,37.07,32.25,0.3115,0.1816,460.15,6.4,23.76,0.8304,1
58.47,33.0,100.0,0.5045,-0.2245,525.54,5.77,24.16,0.1568,0
79.76,39.26,89.29,0.4684,-0.1637,179.34,3.3,20.45,0.8281,1
85.66,53.42,58.02,0.2382,-0.1411,652.25,2.88,30.47,0.1315,0
201.17,61.58,52.85,0.4553,0.2976,92.49,3.31,24.28,0.9948,1
91.73,69.87,65.49,0.1242,-0.0614,885.73,7.19,26.45,0.0825,0
28.15,92.64,61.24,0.5917,0.0155,523.8,2.58,21.34,0.3967,1
149.85,30.61,66.53,0.5661,-0.1618,426.39,3.62,26.73,0.2267,0
84.66,56.06,69.25,0.2402,0.1124,251.38,6.9,28.83,0.803,1
59.99,94.0,82.13,0.3788,-0.0333,264.18,4.05,30.91,0.9306,1
89.34,67.84,42.72,0.1274,-0.0415,84.54,2.93,32.74,0.9609,1
115.76,65.79,52.16,0.3517,0.1879,413.48,0.78,28.16,0.5102,0
148.72,17.52,78.96,0.3731,-0.1419,520.53,6.35,28.74,0.2184,0
104.9,63.28,97.77,0.2907,-0.1498,284.29,4.73,33.46,0.8806,0
165.61,34.99,65.02,0.2931,-0.0319,421.48,8.84,25.05,0.8389,0
134.87,81.16,74.4,0.4061,-0.0515,213.67,2.28,25.39,0.9551,1
74.06,28.85,49.58,0.2975,-0.0751,560.44,4.68,28.42,0.1314,0
89.27,13.86,65.0,0.4629,-0.2599,273.27,2.1,27.82,0.3515,0
136.4,67.68,69.5,0.6648,0.0452,422.46,2.81,29.56,0.5456,0
81.56,22.65,64.23,0.5112,-0.1618,315.01,2.52,23.95,0.2897,0
11.4,79.66,71.56,0.3142,0.051,136.55,5.12,36.74,0.6551,1
50.11,59.19,58.9,-0.1978,-0.047,326.54,2.79,26.58,0.4388,0
111.35,60.66,60.95,0.4201,-0.157,690.26,2.29,21.82,0.0977,1
14.47,36.54,54.24,0.4555,-0.087,226.25,0.16,17.98,0.15,0
89.92,28.68,57.49,0.6929,0.0682,92.67,5.61,28.09,0.4784,0
236.21,17.71,55.4,0.697,0.1602,351.06,0.69,38.88,0.8079,1
26.7,86.12,78.28,0.341,0.0669,121.42,9.46,21.11,0.8047,1
95.02,55.04,65.23,0.6155,-0.0513,119.17,4.28,19.99,0.6748,1
162.67,79.42,73.79,0.7177,-0.0194,698.4,1.07,28.24,0.6282,1
37.77,47.26,46.47,0.724,-0.2325,101.69,8.57,24.24,0.1544,1
43.78,46.81,72.75,0.5381,-0.2235,245.83,14.03,26.95,0.175,0
58.32,49.27,100.0,0.2608,-0.1367,121.25,4.87,31.29,0.7716,1
31.0,28.58,65.81,-0.1317,-0.1301,181.38,16.53,17.01,0.3128,0
56.22,17.01,88.15,0.883,-0.2377,23.11,0.38,32.32,0.7671,1
40.39,54.78,54.87,0.3659,-0.2912,199.27,5.01,28.3,0.5656,0
8.4,49.98,90.32,0.1842,-0.3573,161.3,8.51,24.04,0.4115,1
88.93,27.54,80.25,0.7668,0.0142,194.32,8.98,26.74,0.4933,1
75.22,34.43,72.95,0.6778,0.0368,131.68,8.56,29.61,0.4081,0
100.39,30.52,30.88,0.8084,-0.1726,96.17,10.94,30.13,0.569,1
36.66,45.95,74.64,0.2436,-0.1678,114.08,5.42,16.55,0.4904,1
98.35,83.31,70.86,0.5142,0.0714,364.65,6.75,20.2,0.8198,1
53.92,37.91,73.39,0.3437,0.0084,149.95,1.72,23.59,0.6943,0
87.24,39.45,85.03,0.2801,-0.1235,265.59,7.32,28.2,0.5569,1
54.91,40.71,86.89,0.3364,-0.1623,319.65,13.45,31.95,0.1214,0
55.11,58.69,57.56,0.6782,-0.0094,292.43,2.0,22.99,0.4422,1
73.62,80.63,68.41,0.6746,0.0931,659.15,1.59,20.94,0.4444,1
26.95,27.16,58.47,0.3047,-0.2044,94.78,20.46,28.13,0.1576,0
96.62,51.44,68.22,0.5573,0.0373,234.02,4.2,21.55,0.4561,0
32.44,53.36,94.89,0.5039,-0.1035,175.37,2.06,32.04,0.5103,1
109.84,34.83,72.42,0.2216,0.1741,65.59,1.59,32.07,0.9156,1
37.85,72.75,64.43,0.0477,-0.073,357.11,5.38,24.72,0.6399,1
91.35,57.38,80.84,0.4057,0.0825,244.02,11.77,28.87,0.558,0
114.85,75.26,58.9,0.3624,-0.071,226.17,2.47,29.01,0.8914,0
45.06,69.66,96.56,0.4899,0.0213,233.22,1.48,29.6,0.7477,1
16.76,47.28,54.37,0.519,-0.1433,169.64,8.6,19.18,0.1608,1
44.54,57.96,71.98,0.1319,-0.058,269.84,3.5,22.18,0.6023,1
23.52,52.16,65.49,0.329,-0.2048,48.24,13.37,19.63,0.4942,0
26.63,54.18,65.57,0.3765,-0.0402,299.56,2.86,28.61,0.4419,0
61.93,70.73,63.23,0.443,0.0097,361.93,12.04,29.75,0.5492,1
150.93,46.87,86.25,0.3748,-0.0775,157.49,7.33,27.16,0.9413,1
171.28,55.24,65.9,0.2544,0.1722,387.74,4.47,21.22,0.7315,1
54.37,10.2,90.53,0.5716,-0.3916,855.91,6.36,28.17,0.0021,0
122.42,24.51,69.76,0.5327,-0.0552,181.3,3.51,24.79,0.754,1
139.82,47.67,68.24,0.4136,-0.0232,303.04,1.58,33.89,0.8138,1
51.12,87.57,60.06,0.0234,0.0697,298.7,2.77,37.47,0.9189,1
51.64,48.02,75.17,0.5416,-0.2521,463.09,2.03,23.28,0.0772,0
73.98,84.01,48.25,0.5535,-0.1184,671.09,0.31,19.65,0.306,0
75.91,81.02,67.32,0.1776,-0.0034,106.09,3.65,32.5,0.9274,1
60.98,55.24,87.3,0.5367,-0.2154,242.24,1.94,33.96,0.5395,1
51.88,53.05,46.7,0.2155,-0.1445,511.29,29.18,29.74,0.0191,0
189.35,52.75,78.0,0.1129,0.1038,523.33,8.01,27.14,0.856,1
11.31,14.83,39.82,0.5799,-0.3102,615.94,1.28,26.18,0.0028,0
32.05,51.6,79.85,0.5189,0.0677,123.86,12.17,20.69,0.5009,1
15.78,31.69,50.04,0.3292,-0.0432,20.63,6.71,22.18,0.5359,0
89.23,49.56,64.21,0.6316,0.0956,388.28,2.41,30.14,0.5641,1
107.48,93.7,66.27,-0.0648,0.0017,485.74,4.64,22.37,0.6951,1
84.89,92.04,63.96,-0.1197,0.2071,444.63,2.94,27.81,0.8548,1
38.68,50.47,49.36,0.6133,-0.0339,167.99,3.08,28.19,0.428,0
76.25,30.28,75.43,0.4176,-0.1332,293.22,7.81,19.49,0.3126,1
66.3,92.29,54.21,0.3143,-0.1847,710.93,0.92,19.52,0.1689,0
32.71,26.41,47.3,0.1664,-0.0731,45.48,24.16,25.71,0.1397,0
185.39,9.78,60.47,0.8714,-0.0627,254.14,1.57,21.39,0.6431,1
90.63,44.28,67.15,0.1757,-0.143,196.89,4.67,31.43,0.4955,1
81.47,78.45,63.33,0.1923,0.2546,239.25,4.24,24.99,0.952,1
68.72,65.99,78.87,0.4473,0.1223,208.14,2.57,21.95,0.755,0
47.85,71.49,63.81,0.3257,-0.1532,638.03,7.69,38.72,0.1402,0
3.1,38.92,82.75,0.5591,-0.1344,331.72,10.99,27.54,0.067,0
67.2,29.22,74.86,0.2059,-0.498,496.73,2.77,25.56,0.0602,0
123.66,48.33,51.16,0.3105,-0.0304,261.93,7.23,31.08,0.708,1
70.83,30.6,64.74,0.7144,-0.1853,23.64,1.06,26.55,0.3542,0
71.45,14.79,60.08,0.485,-0.2663,364.61,2.19,32.92,0.0722,0
59.04,39.51,39.43,0.6045,0.0174,294.47,6.61,31.6,0.4012,1
50.49,77.91,73.4,0.4342,-0.1008,82.26,14.81,20.69,0.4741,1
40.49,25.33,32.12,0.5845,-0.1908,311.47,0.66,22.7,0.1632,0
127.7,37.0,42.8,0.1006,0.081,181.67,11.09,27.14,0.7274,0
189.81,86.54,64.17,0.3744,0.2848,257.04,4.38,34.63,0.9828,1
90.9,32.21,63.22,0.1411,-0.1807,118.48,2.85,30.13,0.6459,1
28.97,21.79,53.98,0.2402,-0.2925,255.81,9.77,21.54,0.0626,0
52.63,54.91,86.06,0.4395,-0.234,352.14,0.48,36.21,0.5891,1
128.18,73.6,98.09,0.4282,0.2154,575.77,2.14,25.42,0.7741,0
44.3,57.61,74.54,0.676,-0.1471,616.81,1.09,32.47,0.1633,0
20.67,35.98,40.78,0.5207,-0.1903,142.7,6.75,28.29,0.2916,0
6.1,30.25,73.94,0.5822,-0.194,193.71,9.21,19.06,0.1151,0
22.89,54.3,70.7,0.3169,-0.1044,136.94,12.8,21.85,0.5017,1
2.3,21.57,71.95,0.5304,-0.4525,386.46,0.65,33.78,0.0459,0
159.27,82.93,50.2,0.3196,0.5006,266.18,2.66,29.51,0.9888,1
35.66,53.04,65.13,0.0513,-0.1699,183.74,2.59,31.6,0.6253,0
118.93,32.82,46.69,0.1756,-0.0621,121.09,4.05,16.63,0.8297,1
126.95,62.32,71.46,0.3685,-0.0758,481.13,2.75,32.19,0.831,1
65.8,61.23,89.61,0.9927,-0.1645,346.79,2.2,27.6,0.3749,1
58.81,19.94,69.68,0.8138,-0.1181,156.98,6.34,30.95,0.2661,0
121.91,41.72,80.64,0.3156,-0.1682,800.12,2.59,28.47,0.1381,0
66.98,65.12,63.87,0.4826,-0.1175,255.65,1.97,21.07,0.3425,0
70.13,48.4,82.57,0.4277,-0.0757,67.05,4.75,30.11,0.7791,0
99.65,59.02,59.07,0.5388,0.1424,205.91,3.12,30.18,0.5836,1
79.34,79.0,77.0,0.2781,-0.0015,233.45,7.53,30.65,0.8769,1
226.69,43.66,78.12,0.2773,0.036,223.46,10.02,39.84,0.9446,1
35.99,46.09,86.51,0.2525,-0.314,519.09,6.27,26.32,0.122,1
78.86,30.91,73.68,0.0069,-0.1101,97.24,3.93,20.75,0.6752,1
74.65,64.07,60.6,0.151,0.0946,657.35,2.86,23.68,0.4799,1
57.97,56.82,77.14,0.3708,0.0761,212.65,3.31,34.92,0.7691,1
66.51,82.3,84.8,0.4065,-0.0257,270.57,3.49,21.09,0.8481,1
136.75,14.54,59.96,0.4294,-0.2054,476.14,3.39,25.32,0.173,0
99.01,31.71,62.22,0.411,-0.1677,537.75,16.82,31.67,0.2697,0
41.57,25.72,38.47,-0.0869,-0.313,347.61,4.65,30.43,0.2371,0
56.88,78.27,51.8,0.3035,-0.0933,291.16,7.48,32.32,0.5845,1
41.55,45.22,61.69,0.2669,-0.2126,71.99,0.35,31.02,0.4872,1
108.8,69.82,61.16,0.5268,-0.0214,280.55,1.19,37.27,0.7281,1
57.53,69.11,61.4,0.4129,0.0929,58.95,4.9,30.43,0.9084,1
33.11,45.15,45.08,0.2127,-0.0814,365.58,0.94,20.95,0.2157,0
35.2,80.96,95.06,0.3124,-0.356,970.8,4.51,22.68,0.0725,0
150.48,26.14,46.71,0.2156,-0.003,379.92,4.75,25.09,0.7064,0
32.88,43.08,84.25,0.2876,-0.0425,302.83,12.45,14.35,0.157,0
42.83,55.41,53.4,0.5294,-0.1947,266.55,6.27,31.71,0.4083,1
34.45,64.63,72.05,0.508,-0.0674,273.31,1.41,23.63,0.6201,1
50.04,57.82,60.94,0.677,-0.0411,185.01,5.94,30.88,0.3496,0
55.76,25.78,69.07,0.1804,-0.1175,321.94,8.3,25.8,0.2119,0
50.47,23.09,44.87,0.5703,-0.1904,323.38,20.45,22.39,0.0713,0
301.51,92.02,81.46,0.4878,0.5558,255.3,24.36,26.77,0.9984,1
58.68,94.52,67.05,-0.0135,0.0909,200.17,3.07,31.0,0.7807,1
84.23,58.51,81.35,0.4749,0.0604,125.72,9.71,26.41,0.8637,1
15.91,68.4,87.23,0.4367,-0.3088,362.47,4.54,20.43,0.4104,0
24.83,73.47,73.16,0.4846,0.0488,175.01,11.37,22.33,0.5584,1
85.6,66.06,65.77,0.4819,0.1567,33.19,0.82,28.26,0.9206,1
58.51,54.72,60.99,0.4611,-0.0289,586.78,7.57,29.98,0.0815,0
57.01,74.17,34.07,0.2718,-0.0921,303.16,2.49,20.93,0.6812,1
357.34,44.71,70.38,0.5566,0.3351,410.49,2.71,27.14,0.9983,1
54.06,94.76,88.51,0.169,-0.1616,726.34,10.45,28.22,0.1422,0
58.03,14.96,49.97,0.5104,-0.1939,197.18,6.64,29.05,0.2683,0
14.19,47.92,87.96,0.3133,-0.1958,487.0,7.45,31.02,0.1294,0
23.84,36.29,36.71,0.2841,-0.2454,87.58,13.63,26.06,0.1796,1
166.82,69.26,64.3,0.4222,0.0662,380.24,6.42,30.51,0.8844,1
69.27,44.72,47.3,0.7154,-0.0674,182.61,5.28,27.88,0.2256,0
277.32,49.22,87.59,0.6076,0.2479,141.94,4.11,34.19,0.9983,1
64.84,56.11,78.45,0.1638,0.0964,104.3,10.88,26.76,0.8107,1
53.17,46.99,55.61,0.4907,-0.0459,245.41,1.54,31.39,0.3512,0
39.35,48.24,58.74,0.1295,-0.169,501.47,11.78,34.87,0.1657,1
51.12,24.25,77.48,0.698,-0.0327,192.61,2.24,16.73,0.3858,0
19.19,58.45,84.42,0.5425,-0.017,454.95,0.31,22.03,0.2681,0
76.74,31.52,59.6,0.5421,-0.2237,289.68,6.49,22.04,0.4283,0
106.98,64.67,61.13,0.5496,-0.0724,114.93,7.38,23.26,0.9426,1
115.15,33.76,79.72,0.1607,-0.132,443.45,5.14,34.77,0.5741,1
98.0,12.3,14.34,0.6135,-0.4409,1047.61,5.57,26.56,0.001,0
64.9,77.82,80.79,0.105,0.1023,311.74,3.62,30.99,0.7962,1
70.46,57.43,51.45,0.0195,-0.0296,25.14,13.4,19.94,0.8565,1
129.09,22.43,52.58,0.2746,-0.2407,299.72,3.9,25.36,0.7184,1
123.75,37.89,81.86,0.3045,-0.1519,484.27,1.71,28.44,0.4219,0
61.82,55.22,38.94,0.7605,-0.1161,264.26,10.65,24.81,0.2906,0
169.05,68.35,60.05,0.144,0.1374,188.61,5.99,20.97,0.9587,1
53.44,32.44,53.57,0.4374,-0.0383,275.66,3.04,21.53,0.1394,0
95.36,82.53,81.88,0.0051,0.0576,467.97,6.09,18.42,0.8764,1
28.49,84.07,78.64,0.1797,0.1246,7.36,0.44,22.55,0.962,1
48.27,23.43,61.02,0.6706,-0.2089,364.67,7.39,26.77,0.1562,0
40.45,19.6,78.66,0.5461,-0.3374,384.34,1.83,24.76,0.2151,0
67.88,45.39,64.26,0.4581,-0.2801,864.47,4.7,27.93,0.0168,0
79.94,23.55,87.27,0.838,-0.0916,193.23,6.02,26.53,0.6983,1
85.56,64.27,52.04,0.459,-0.0117,81.8,16.56,19.07,0.8818,1
28.26,37.73,85.02,0.4419,-0.1728,133.97,3.71,32.42,0.6032,0
94.67,69.93,81.64,0.1622,0.0206,745.99,2.73,25.87,0.271,0
10.11,38.37,67.9,0.0817,-0.2365,75.14,4.72,24.82,0.1963,1
48.88,23.09,52.64,0.259,-0.2718,183.86,14.28,28.88,0.1094,1
132.33,57.23,50.2,0.1459,-0.009,628.63,10.14,28.1,0.23,0
69.96,46.75,77.16,0.6542,0.0118,21.35,2.03,26.61,0.7541,1
62.54,61.82,54.34,0.6549,-0.1787,387.86,5.61,23.04,0.201,0
19.03,22.9,68.4,0.8253,-0.4628,395.14,3.69,23.48,0.0346,0
95.21,69.51,65.14,0.441,-0.0902,291.37,8.68,27.19,0.7813,0
102.91,55.75,51.93,0.4115,-0.204,481.49,0.51,30.77,0.3997,0
95.71,8.03,51.93,0.6418,-0.2039,222.56,10.16,17.11,0.1794,1
68.01,41.97,66.5,0.2354,0.1676,39.09,26.09,35.89,0.5323,0
30.41,81.2,63.35,0.4539,0.0208,145.83,14.92,26.9,0.7799,0
94.08,8.34,61.56,0.5004,-0.4034,598.92,7.66,34.54,0.0293,0
24.48,68.37,83.12,0.3276,0.0892,20.13,4.62,23.29,0.8598,1
14.13,35.39,49.85,0.2394,-0.246,227.06,1.46,23.0,0.263,0
34.54,52.48,83.78,0.1833,-0.1368,548.48,9.24,25.51,0.0636,0
124.29,13.82,79.67,0.3276,-0.1508,213.43,4.15,17.64,0.6674,1
55.09,83.86,61.48,0.1424,0.1053,250.68,10.97,23.45,0.8005,1
37.56,14.36,72.09,0.4902,-0.1737,230.81,1.22,25.79,0.2473,0
14.43,88.91,51.16,-0.0727,-0.0994,617.8,0.96,26.04,0.4504,0
64.08,50.89,60.3,-0.1038,-0.0727,336.43,5.46,29.52,0.1949,1
78.68,42.55,68.44,0.4904,-0.0663,137.01,5.03,17.67,0.6859,0
70.61,81.92,61.62,0.3264,0.1907,69.9,14.99,27.08,0.8821,1
91.29,14.96,97.97,0.3402,-0.2806,227.81,9.17,29.35,0.4725,1
76.58,54.86,75.8,0.1987,-0.2506,443.09,2.05,32.37,0.5525,0
25.14,19.48,72.72,0.314,-0.4628,706.06,0.89,31.57,0.0042,0
2.23,15.28,64.26,0.4619,-0.2777,28.43,10.36,27.63,0.1784,0
34.83,37.92,73.62,0.5422,-0.1672,96.53,14.45,21.98,0.4175,0
164.68,57.33,60.07,0.4526,0.2562,94.31,5.13,24.92,0.9789,1
65.96,20.44,69.54,0.2632,-0.4131,401.05,5.28,33.07,0.2739,1
66.64,63.07,62.33,0.768,-0.0933,61.3,14.42,34.17,0.743,1
289.59,80.6,52.4,0.5357,0.309,779.9,3.08,31.82,0.9216,1
18.29,61.98,75.35,0.3946,-0.2265,255.52,0.98,28.88,0.6367,0
32.16,49.79,61.42,0.2991,-0.0388,51.53,4.07,34.8,0.6192,1
103.89,53.89,98.27,0.2404,0.0717,187.53,10.61,23.76,0.9323,1
30.34,61.98,38.69,0.6244,-0.217,392.81,5.12,24.78,0.1236,1
27.65,61.77,32.96,0.0898,-0.1753,317.01,10.58,27.09,0.4444,0
45.25,16.19,63.27,0.3012,-0.2116,233.63,3.69,35.15,0.2786,0
15.07,21.16,56.02,0.1013,-0.3749,625.03,2.07,33.08,0.0062,0
119.33,25.56,57.07,0.4197,-0.1791,464.1,6.02,27.53,0.2896,0
65.09,24.03,85.49,0.3346,-0.0626,116.13,8.12,27.46,0.7396,0
28.34,9.0,78.6,0.9658,-0.2302,135.84,8.18,30.29,0.0454,0
232.07,52.97,44.51,0.581,0.0727,671.92,3.68,27.64,0.784,1
63.06,28.56,70.5,0.5394,-0.3208,347.59,2.72,25.82,0.1676,0
19.41,12.98,85.68,0.5576,-0.2413,174.21,1.02,33.52,0.0962,1
30.05,42.5,85.29,0.4526,-0.1823,489.3,5.08,31.21,0.0663,0
61.77,88.34,67.25,0.386,-0.0346,453.47,1.54,31.96,0.5394,0
16.9,72.14,100.0,0.2751,0.0058,126.82,0.49,32.25,0.9138,1
76.54,23.03,51.38,0.7266,-0.4167,588.59,0.98,28.42,0.0337,0
36.17,61.57,45.23,0.4752,0.0198,165.16,22.91,17.58,0.4532,0
139.34,34.99,64.84,0.4221,-0.2054,291.14,2.34,19.66,0.3871,1
80.06,16.96,71.79,0.4049,-0.3996,915.82,6.02,25.01,0.0072,0
69.48,77.19,60.4,0.3728,0.0501,81.36,11.43,27.31,0.9128,1
85.22,36.78,85.94,0.2261,0.1254,59.17,12.67,29.13,0.732,0
111.97,72.11,92.16,0.2235,0.0586,123.89,5.25,21.94,0.9806,1
139.88,7.96,52.26,0.5725,-0.1639,99.91,0.99,16.04,0.7125,1
55.04,61.72,51.96,0.2608,0.0017,323.04,3.85,26.62,0.5371,1
61.93,10.93,62.93,0.6204,-0.0781,177.44,0.77,31.66,0.4919,0
153.83,71.31,75.06,0.2347,0.2754,187.33,5.06,26.36,0.9537,1
106.01,53.36,50.11,0.2115,0.1242,455.94,6.14,28.5,0.7545,1
36.11,93.69,57.88,0.1422,0.0771,103.09,1.46,29.34,0.9503,1
37.0,41.45,90.82,0.1629,-0.2444,302.97,7.01,30.17,0.3129,1
64.89,77.74,78.28,0.3615,0.0651,165.76,6.76,16.57,0.9088,1
213.63,86.74,73.97,0.2568,0.2948,383.97,6.68,23.55,0.9776,1
63.7,50.93,69.09,0.4886,0.0462,186.8,27.37,27.71,0.1885,1
89.14,66.59,40.08,0.2468,-0.0379,616.02,0.77,18.67,0.426,1
41.67,57.73,56.16,0.2848,-0.2487,630.04,18.02,27.5,0.0157,0
76.45,65.04,36.9,0.4405,0.0103,334.52,3.23,33.65,0.6294,0
44.31,24.82,60.15,0.2914,-0.1672,335.45,3.17,31.88,0.1478,0
167.0,57.23,78.12,0.1981,0.0965,287.88,2.81,30.22,0.9644,1
22.79,25.05,70.32,0.1665,-0.3229,10.45,3.25,37.69,0.3613,0
20.01,75.44,62.91,0.5476,0.0963,199.04,0.98,32.82,0.8003,0
52.64,77.47,71.65,0.1691,0.2381,152.21,10.61,20.39,0.9017,1
13.72,35.88,60.22,0.4326,-0.3591,332.01,2.81,26.06,0.0704,0
81.8,41.3,62.65,0.3754,-0.065,61.53,3.65,30.78,0.8415,1
49.68,12.24,48.88,0.2926,-0.3688,408.0,3.23,17.49,0.0207,0
35.82,48.5,96.98,0.3574,-0.219,386.14,1.79,27.67,0.323,1
86.57,67.94,92.37,0.5799,0.0522,458.12,2.35,30.86,0.6112,1
40.8,68.48,40.79,0.5586,-0.0265,237.13,3.39,32.29,0.6008,1
271.23,76.53,56.05,0.6355,0.3913,573.4,2.34,20.96,0.9792,1
52.95,44.52,63.43,0.6233,-0.2285,388.45,1.94,27.18,0.1716,0
97.87,15.93,37.82,0.7209,-0.14,350.71,9.18,20.39,0.1216,0
10.81,79.41,91.83,0.3558,-0.0414,618.29,2.27,22.51,0.0786,0
65.2,67.65,91.76,0.1625,-0.0571,54.17,5.7,25.39,0.8813,1
31.92,62.73,40.87,0.3101,-0.1748,180.51,1.06,15.83,0.7103,1
115.99,25.18,89.79,0.8069,0.0167,254.16,8.75,43.54,0.3876,0
8.94,51.54,62.47,0.4552,-0.1945,426.27,13.98,28.87,0.0738,0
40.21,34.08,77.09,0.6635,-0.2608,591.84,4.65,30.04,0.041,0
47.72,93.65,89.39,0.3386,0.0336,269.39,4.02,25.96,0.9084,1
68.14,54.0,56.45,0.4327,0.0325,61.02,4.27,24.09,0.8623,1
12.86,19.19,92.98,0.3047,-0.0834,192.2,10.34,28.8,0.1916,0
218.6,16.05,55.73,0.3506,-0.0279,265.54,2.13,26.37,0.7708,1
84.89,3.48,64.25,0.5484,-0.2561,223.64,12.32,33.9,0.1005,0
134.2,29.15,38.62,0.5716,-0.1578,428.63,12.14,29.95,0.1447,0
57.9,41.85,80.55,0.6602,-0.2505,682.45,12.7,28.88,0.0189,0
50.08,78.7,61.13,0.5625,-0.0071,142.67,0.96,31.79,0.7852,1
127.27,56.75,57.42,0.5899,0.1786,63.48,1.79,27.2,0.9064,1
251.16,32.48,53.77,0.4424,0.1115,229.26,0.4,30.8,0.9841,1
90.95,7.78,45.17,0.2191,-0.3659,337.06,16.96,29.32,0.0852,0
63.48,79.49,74.62,0.2908,0.2025,101.17,14.97,17.49,0.9119,1
78.43,45.67,91.03,0.825,-0.1389,487.75,6.37,23.0,0.3444,0
35.81,17.59,53.07,0.4499,-0.1899,280.38,2.63,35.02,0.2073,0
85.56,69.53,57.53,0.7571,-0.0133,218.67,2.47,26.87,0.814,1
44.02,79.09,85.73,0.4986,-0.0038,558.65,4.01,31.75,0.2044,0
31.86,46.99,72.82,0.4081,0.0558,55.33,6.67,27.05,0.5439,0
154.26,46.61,78.73,0.2102,0.0691,91.49,2.59,30.47,0.9683,1
56.56,44.38,84.97,0.4492,-0.0493,91.92,12.97,31.46,0.6031,0
101.15,60.2,62.27,-0.133,0.0589,286.09,3.23,21.98,0.8277,1
82.04,80.48,70.31,0.1706,-0.101,274.77,12.37,26.05,0.7317,0
92.85,30.69,75.4,0.4541,-0.294,1214.34,0.51,23.24,0.0018,0
87.32,78.31,62.24,0.0331,0.1886,131.5,8.45,26.72,0.9068,1
180.16,89.12,69.94,0.4456,0.2682,324.44,6.42,29.69,0.9891,1
174.38,47.17,47.82,0.098,0.0956,172.75,0.68,24.41,0.9587,1
60.99,15.36,71.84,0.3572,-0.4425,805.53,9.94,24.63,0.0021,0
108.19,72.88,49.82,-0.0023,0.0784,475.95,18.24,27.14,0.3602,0
46.17,29.19,60.2,0.399,-0.1265,184.46,11.88,23.47,0.214,0
95.95,61.86,45.41,0.5628,-0.1212,307.2,0.92,26.77,0.5143,1
87.16,74.79,49.12,0.564,0.071,529.33,3.72,36.53,0.4595,1
153.03,62.03,63.79,-0.1365,-0.0544,257.32,8.06,26.71,0.8957,1
13.13,17.29,39.87,0.1326,-0.3331,232.83,1.53,31.96,0.1866,0
103.45,83.92,74.08,0.6342,0.1192,436.53,7.52,30.97,0.8781,0
96.57,20.58,79.34,0.256,-0.0387,77.05,2.39,38.29,0.6518,1
31.77,44.37,76.03,0.4665,-0.1432,171.71,5.78,33.79,0.2331,0
36.18,85.01,58.93,0.3121,-0.1323,362.04,3.94,29.8,0.4368,0
53.78,56.78,58.11,0.1044,0.0058,239.87,2.76,31.81,0.2438,1
57.57,36.56,76.0,0.4385,-0.0933,123.29,9.59,24.77,0.6863,1
107.3,58.06,80.18,0.8434,-0.1151,77.39,5.76,21.65,0.7621,1
55.38,19.03,65.08,0.2528,-0.1943,384.01,4.04,33.09,0.0763,0
132.42,83.21,61.06,0.3978,-0.004,394.08,5.57,31.55,0.8035,0
286.04,47.34,32.28,0.4206,0.2436,127.17,7.77,23.7,0.9892,1
50.72,34.75,47.49,0.4486,-0.4084,558.13,6.93,16.66,0.0404,0
201.74,43.92,76.7,0.411,0.035,125.3,5.15,31.47,0.9797,1
18.17,39.52,69.73,0.1587,-0.3017,265.89,21.78,26.42,0.0461,0
24.88,88.66,88.82,0.0675,-0.02,406.15,6.07,27.93,0.522,0
3.53,32.36,72.78,0.6617,-0.199,232.56,5.56,24.38,0.2064,0
45.92,79.92,47.68,0.6075,0.0309,322.15,5.15,19.27,0.5924,1
7.16,98.25,80.27,0.6811,0.2395,259.05,17.7,28.95,0.7113,1
16.9,64.11,65.66,0.5532,-0.0069,45.24,2.54,22.57,0.6356,1
85.2,21.86,65.45,0.4286,-0.1158,52.85,8.62,29.13,0.6915,1
49.62,62.77,51.83,0.1174,-0.1204,413.02,13.31,21.69,0.1158,0
34.13,69.59,54.58,0.5244,-0.0055,238.75,4.76,26.77,0.8599,1
160.61,30.78,81.68,0.2334,0.032,33.13,17.83,25.76,0.9256,1
10.1,16.69,60.69,0.304,-0.3407,407.69,6.58,29.85,0.0133,0
204.31,57.39,77.83,0.3746,0.0929,439.54,8.64,30.06,0.8859,1
52.86,54.87,63.94,0.3116,0.0089,145.42,29.57,21.07,0.2911,1
5.81,70.62,70.82,0.3741,0.0477,166.11,3.91,31.54,0.516,1
115.44,31.17,78.51,0.6528,-0.0178,425.19,16.15,24.9,0.211,0
81.61,14.76,50.34,0.1846,-0.384,264.45,2.38,29.43,0.15,0
29.83,22.04,71.29,0.3072,-0.1095,147.1,4.13,27.32,0.1507,0
80.16,84.11,55.6,0.5942,0.1104,475.52,10.67,33.35,0.2454,0
19.5,58.9,64.05,0.347,-0.1589,718.94,8.98,29.65,0.0202,0
61.87,12.86,92.08,0.5401,-0.2702,306.61,1.41,30.0,0.2371,0
23.15,26.43,47.35,0.352,-0.4104,282.49,0.55,21.65,0.0315,0
115.59,71.27,49.33,0.2948,0.0932,152.17,4.59,23.19,0.8713,1
97.5,40.25,47.6,0.2779,-0.0639,171.91,6.73,21.49,0.6235,1
99.74,30.67,37.16,0.3563,-0.1787,430.6,5.62,23.74,0.2204,1
13.09,46.72,76.58,0.1355,-0.0283,294.48,5.51,27.12,0.168,0
190.5,40.77,79.88,0.3677,-0.0761,320.7,1.63,24.4,0.9051,1
138.23,85.15,61.96,0.5676,-0.1485,998.53,25.61,18.57,0.0158,0
55.96,72.99,64.53,0.5686,-0.1941,615.27,1.59,31.45,0.1234,0
63.12,35.36,67.28,0.3773,-0.1814,287.93,1.56,21.0,0.4826,1
138.11,26.69,93.3,0.0873,-0.159,366.89,1.35,31.12,0.6777,0
145.28,82.75,66.25,0.3858,0.3189,64.31,1.59,32.19,0.9942,1
31.83,88.16,77.5,0.6284,0.0707,191.36,4.27,22.78,0.6522,1
28.22,34.47,77.61,0.2232,-0.3268,132.06,20.46,27.65,0.5041,0
24.45,79.41,72.51,0.5126,-0.3723,1091.81,10.03,28.52,0.0052,0
56.69,17.41,45.69,0.2308,-0.2804,73.95,7.0,23.48,0.3628,0
49.12,26.16,62.04,0.2215,-0.1916,227.11,15.24,21.9,0.1436,0
32.75,65.79,79.22,-0.0219,-0.0969,180.21,2.26,37.83,0.5458,0
73.24,43.38,73.21,0.5023,-0.3047,431.7,7.76,35.66,0.4815,1
23.91,33.14,71.6,0.2332,-0.2104,157.66,0.96,18.58,0.5272,0
94.1,41.5,58.95,0.2854,-0.0989,232.89,3.06,24.41,0.7174,1
224.87,71.46,92.89,0.1232,0.2153,530.95,12.92,27.68,0.9053,1
13.02,53.88,46.06,0.1592,-0.0953,309.55,4.46,34.76,0.2764,0
79.59,59.45,65.82,0.1642,-0.1416,360.15,2.0,24.05,0.669,0
88.81,32.17,32.73,0.3373,-0.1458,136.53,3.94,25.15,0.4711,1
130.3,75.48,65.14,0.6277,0.3006,32.43,4.3,32.64,0.9721,1
132.46,40.23,70.57,0.5367,-0.0268,509.7,1.97,25.96,0.5225,1
66.82,61.07,53.18,0.5392,-0.015,362.78,15.33,18.66,0.1921,0
120.39,54.28,91.86,0.3913,-0.007,473.95,3.43,25.03,0.7349,1
70.2,67.57,35.04,0.0089,-0.0042,364.73,9.53,28.19,0.5011,1
38.64,91.27,56.45,0.7034,0.1545,205.05,1.24,32.37,0.8603,0
35.73,19.76,68.33,0.5782,-0.0607,176.18,5.2,20.06,0.3426,1
43.4,68.6,82.87,0.6104,0.1105,99.75,4.27,32.37,0.782,1
51.22,30.24,33.06,0.6963,-0.1978,378.72,1.55,31.94,0.0602,0
78.91,41.91,74.72,0.1279,-0.1828,247.64,4.11,33.44,0.6133,0
144.29,97.26,64.74,0.1891,0.0655,367.41,6.08,27.96,0.9609,1
33.44,25.27,64.91,0.2243,-0.2028,300.13,4.1,37.14,0.2061,0
111.65,70.08,66.64,0.7697,0.0023,285.67,6.2,18.81,0.7932,1
16.36,86.8,49.41,0.5086,0.0046,506.85,7.28,29.91,0.288,0
26.95,39.25,56.43,0.5576,-0.0687,256.4,0.46,28.86,0.2077,0
113.66,42.73,74.33,0.1334,0.1299,107.64,0.95,27.47,0.9599,0
103.3,4.6,70.13,0.8123,-0.2316,110.27,3.79,26.46,0.6025,0
104.47,85.33,48.89,0.5215,0.0754,637.65,8.77,25.51,0.2087,0
10.5,66.8,60.75,0.0482,-0.3002,534.06,1.29,29.98,0.0728,1
126.45,91.02,65.44,0.288,0.1039,498.29,0.89,22.66,0.8909,1
47.62,94.06,59.72,0.2056,-0.0984,513.22,7.49,23.59,0.1639,0
61.47,53.38,71.08,0.4276,-0.1213,318.57,12.59,27.58,0.5416,1
132.42,64.84,66.52,0.3662,0.0314,719.15,2.56,30.56,0.2213,0
96.72,44.3,39.9,0.5938,0.0425,442.83,12.24,22.26,0.2246,0
46.09,46.67,90.32,0.6085,-0.0113,136.21,4.65,25.16,0.7455,1
336.01,62.99,71.65,0.3124,0.5147,122.27,4.22,30.86,0.9999,1
94.99,73.9,66.87,0.38,0.1562,349.52,1.01,28.4,0.7567,0
17.73,80.16,59.65,0.1336,-0.1127,886.23,9.95,29.21,0.0227,0
69.4,64.93,76.43,0.3198,-0.0597,346.87,5.87,22.13,0.721,1
65.46,66.12,60.09,0.2057,-0.1646,516.52,1.71,27.35,0.3959,0
61.16,75.8,75.92,0.4408,0.1682,151.78,10.09,27.62,0.9095,1
36.39,48.48,54.77,0.3872,-0.19,195.05,1.82,37.55,0.5364,1
34.7,56.55,69.12,0.3708,-0.1056,211.87,4.3,24.7,0.7249,1
130.33,56.19,71.61,0.6352,0.03,53.12,2.13,23.47,0.9798,1
66.88,57.48,77.59,0.6735,-0.036,369.04,15.68,33.56,0.2886,0
61.82,69.72,63.8,0.1054,0.0789,80.87,2.75,27.31,0.9474,1
99.84,49.01,64.26,0.0251,-0.1253,297.83,0.62,20.6,0.6465,1
88.55,41.68,64.0,0.1446,-0.347,76.68,4.58,20.18,0.8611,1
73.71,39.8,89.94,0.9029,0.011,169.57,10.14,22.68,0.3407,1
59.0,75.55,68.22,0.3071,-0.2867,649.23,7.83,30.29,0.1238,0
73.4,46.85,60.87,0.461,-0.113,105.36,13.73,23.43,0.4748,0
39.61,66.67,64.5,0.4076,-0.0222,265.61,13.02,26.09,0.2825,0
95.77,51.87,55.43,0.6039,-0.1136,374.62,11.27,28.53,0.4541,1
28.22,46.48,75.64,0.1972,-0.0049,213.4,4.59,27.13,0.3083,1
9.34,33.23,71.75,0.4419,-0.1652,120.95,1.45,28.72,0.3786,1
151.19,83.95,52.22,0.5758,0.1394,147.81,14.99,29.28,0.976,1
143.61,7.62,82.73,0.514,-0.2293,332.11,4.39,23.62,0.4519,0
95.88,79.17,48.92,0.5781,0.132,289.72,7.25,10.82,0.7794,1
24.01,37.88,38.79,0.1202,-0.4543,497.22,7.29,23.41,0.0588,0
18.21,6.25,70.72,0.3691,-0.3901,536.94,1.35,23.44,0.0015,0
57.4,57.25,73.91,0.3078,-0.0547,251.42,1.01,25.69,0.7652,1
136.88,46.36,66.11,0.2366,0.1823,57.16,10.61,24.46,0.9809,1
134.13,8.51,41.42,0.3641,0.0857,230.57,9.69,28.39,0.3805,1
86.85,10.31,54.09,0.1846,-0.305,292.19,1.31,36.74,0.0958,0
49.07,7.82,70.91,0.2692,-0.1995,165.1,3.0,26.39,0.2653,0
49.57,68.74,23.45,0.3407,-0.2944,446.97,1.27,28.12,0.1408,1
62.57,95.42,70.86,0.4179,0.2757,310.12,14.44,26.17,0.7287,1
326.47,62.39,72.21,0.5217,0.4181,83.76,20.48,33.37,0.9985,1
185.05,35.0,63.77,0.5216,-0.0051,332.74,6.96,24.91,0.6337,0
112.62,44.5,38.51,-0.2373,0.0027,176.07,4.98,21.51,0.8041,1
57.89,72.71,54.99,0.3027,0.0742,216.37,1.52,32.2,0.7704,0
83.2,39.27,63.49,0.5933,-0.0157,212.95,1.46,33.32,0.571,1
126.94,53.9,74.3,0.4163,0.1451,291.17,7.26,26.27,0.7347,0
58.64,46.5,69.78,0.3778,-0.1608,138.02,3.73,33.72,0.3688,0
58.55,48.7,77.42,0.2784,-0.2063,139.82,11.47,29.43,0.5419,1
62.45,43.55,56.72,0.0769,-0.0867,228.91,12.51,28.98,0.4077,0
9.95,45.26,61.99,0.1914,-0.3964,680.7,2.34,34.53,0.0187,0
168.61,84.29,75.73,0.5969,0.1986,55.53,4.05,22.93,0.9801,1
12.19,57.57,65.39,0.3712,-0.0094,48.0,2.12,21.62,0.6871,1
209.24,75.48,51.55,0.2624,0.2618,372.19,4.07,25.02,0.9784,1
67.21,42.85,76.56,0.1176,-0.2629,632.54,0.98,21.88,0.1194,0
43.39,49.29,56.57,0.4766,-0.0617,67.33,2.05,28.0,0.6871,0
61.28,30.18,61.69,0.4296,-0.1287,32.53,6.74,25.38,0.5864,1
67.26,56.0,77.01,0.3415,-0.2173,349.56,0.1,22.16,0.3086,0
21.98,33.55,75.6,0.2597,-0.7751,990.44,5.55,23.65,0.0013,0
140.58,75.58,55.84,0.1229,0.1145,316.58,11.24,35.23,0.8335,0
101.2,5.33,63.08,0.4876,-0.1374,297.19,6.48,27.94,0.2089,1
59.65,65.94,75.52,0.3169,-0.0834,310.22,3.96,24.86,0.4438,1
39.24,87.87,54.2,0.1558,-0.3264,790.08,0.97,26.21,0.0407,0
127.18,25.34,59.73,0.5916,-0.2061,530.04,2.3,30.49,0.2823,1
97.73,41.79,69.37,0.2117,0.0047,120.0,5.93,23.09,0.832,1
41.52,63.08,68.6,0.2147,-0.0531,609.5,5.64,22.18,0.107,0
40.89,59.97,62.83,0.7793,-0.0005,158.83,3.12,35.93,0.4758,0
99.85,61.04,66.24,-0.1432,-0.0102,441.57,8.16,24.71,0.508,1
99.03,74.02,63.36,0.2367,0.2316,238.36,2.07,30.69,0.9216,1
74.3,62.97,76.74,0.3024,0.0805,96.37,4.16,32.68,0.8282,0
153.29,71.12,24.0,0.1569,0.3323,166.5,7.11,29.73,0.9127,1
103.6,44.92,72.53,0.0859,-0.1749,419.28,1.54,23.4,0.1757,0
91.67,12.64,64.86,0.4348,0.0566,176.93,2.73,30.76,0.5581,0
52.05,41.58,46.04,0.7222,-0.2222,629.13,5.96,25.37,0.0189,0
22.2,63.75,84.6,0.1456,-0.331,505.9,3.09,26.66,0.1171,0
103.28,38.28,80.93,0.4256,0.0105,42.36,1.86,19.99,0.9558,1
26.98,56.21,60.32,0.4135,-0.1102,397.82,2.73,31.02,0.4024,0
47.09,79.31,52.82,0.0395,-0.01,360.98,0.52,29.54,0.5234,0
61.19,64.45,82.53,0.2923,-0.1123,380.03,2.57,29.74,0.4517,0
86.87,36.87,61.01,0.0711,-0.1279,176.62,3.44,25.68,0.7208,1
47.99,74.05,48.93,0.1548,0.4579,369.95,7.86,32.77,0.5988,0
51.65,93.18,83.7,0.8321,0.1129,259.17,5.72,25.44,0.8549,1
82.43,63.88,84.43,0.7726,0.112,207.78,7.29,23.37,0.6563,1
281.5,7.67,72.33,0.0799,-0.1446,122.32,7.36,24.35,0.936,1
23.87,94.27,65.61,0.3502,0.0389,511.71,3.46,27.65,0.1798,0
31.6,32.07,61.8,0.5037,-0.2451,396.95,0.84,26.14,0.1889,1
68.28,43.23,45.42,0.2975,0.0032,208.98,2.57,22.55,0.5942,1
23.63,19.53,62.72,0.3734,-0.2601,31.14,5.43,24.19,0.4298,0
101.06,9.33,70.07,0.5489,-0.3039,735.68,13.04,23.03,0.0177,0
159.41,57.25,63.38,0.4483,0.2277,64.38,5.86,24.3,0.9838,1
12.79,14.72,58.38,0.4244,-0.3481,427.7,4.22,30.8,0.0218,0
99.17,9.38,50.85,0.5192,-0.0338,376.95,17.65,25.11,0.1402,0
133.53,4.33,46.95,0.5885,-0.1046,97.1,5.11,26.42,0.4278,1
46.9,82.08,66.65,0.6508,-0.0893,305.58,8.02,30.0,0.6949,1
34.11,43.93,55.1,0.1399,-0.172,81.06,14.23,34.76,0.5427,1
69.34,76.91,74.83,0.3748,-0.1553,664.89,28.32,17.77,0.0551,0
63.44,67.09,52.16,0.5672,-0.0016,463.99,10.68,23.45,0.1592,0
3.88,66.57,67.29,0.6342,-0.1156,219.63,7.48,31.67,0.1655,0
68.82,95.7,93.89,0.6419,-0.0559,173.24,2.51,19.89,0.93,0
301.95,57.4,58.38,0.0583,0.4547,310.31,0.97,30.07,0.9983,1
68.31,53.97,82.16,0.6726,-0.0917,461.71,6.16,27.19,0.1999,0
84.79,50.76,51.91,0.4178,0.0305,278.39,5.22,26.38,0.4821,1
108.07,57.11,95.47,0.481,-0.0157,219.59,8.78,22.45,0.8529,1
26.06,29.31,80.1,0.4099,-0.2249,457.0,0.59,28.98,0.0693,0
246.46,67.41,63.62,0.2948,0.1895,175.9,4.91,30.86,0.9958,1
36.21,59.13,58.62,0.3346,-0.1171,485.0,2.19,37.26,0.2051,0
4.68,57.77,71.0,0.3777,-0.2597,629.91,4.62,33.5,0.0262,0
26.64,69.59,43.93,0.517,-0.069,381.1,11.96,29.18,0.1932,0
59.31,15.49,77.23,0.3597,-0.2174,160.59,2.24,31.36,0.2772,0
52.23,85.68,85.65,0.2305,-0.0748,760.58,3.31,26.72,0.1829,0
14.11,47.45,64.05,0.6783,-0.2264,446.01,7.53,21.49,0.1054,0
92.59,22.84,64.59,0.3459,-0.0587,310.74,3.27,22.09,0.5014,0
30.08,79.56,76.34,0.6595,-0.1008,306.25,13.64,27.45,0.1731,0
66.43,41.6,43.52,0.2168,-0.0806,331.09,4.22,24.08,0.1707,1
157.93,86.57,63.98,0.5211,0.0973,469.94,3.89,17.41,0.9144,1
95.83,72.83,78.78,0.0452,0.0233,770.48,4.33,34.82,0.3227,0
66.22,65.95,69.39,0.3695,0.0231,497.93,2.67,25.97,0.4491,1
44.63,44.87,54.42,0.3735,-0.0029,19.83,4.32,37.39,0.567,0
163.25,10.79,73.03,0.6091,-0.4887,921.74,2.55,26.81,0.0585,0
167.87,39.56,54.53,0.2006,0.0049,191.79,9.18,25.55,0.8491,1
35.08,77.37,77.56,0.2095,-0.0015,166.5,16.72,32.32,0.5144,0
136.85,63.91,70.84,0.1653,0.127,283.28,5.57,18.84,0.9333,1
67.54,11.1,27.28,0.2298,-0.2741,352.07,10.65,16.67,0.0223,0
282.27,93.06,72.2,0.3589,0.4506,121.63,4.81,31.17,0.9994,1
104.11,49.74,62.63,0.3063,-0.2053,436.54,1.61,29.55,0.1649,0
153.57,46.74,55.16,0.8649,-0.0216,563.81,5.91,24.86,0.4004,0
120.6,63.95,67.11,0.2772,0.2382,190.69,6.09,17.69,0.8575,1
101.78,35.0,64.76,0.3145,-0.0427,584.81,1.37,30.89,0.2112,1
52.55,22.21,31.31,0.5767,-0.0385,112.53,6.31,33.13,0.2666,1
87.02,76.39,59.35,0.518,0.0124,70.89,7.68,34.87,0.9136,1
78.54,67.96,82.22,0.2952,0.0876,160.26,3.65,24.35,0.8797,1
53.93,35.74,64.37,0.4223,-0.17,465.05,8.43,32.07,0.1611,0
47.92,48.01,34.71,0.5743,-0.1135,241.76,14.58,21.48,0.4257,0
64.37,56.8,70.8,0.5678,-0.092,303.45,7.29,26.99,0.4509,0
68.94,24.4,84.95,0.3723,-0.1342,422.43,2.65,28.3,0.0921,0
48.2,56.73,58.59,0.1544,-0.126,362.5,1.96,18.76,0.5576,1
45.78,37.22,47.54,0.1955,-0.1866,318.53,12.09,20.57,0.0912,0
207.51,77.67,73.19,0.2979,0.1571,230.95,5.96,25.59,0.9842,1
104.48,80.46,97.02,0.427,0.1454,215.68,1.7,24.02,0.9714,1
62.94,32.8,71.53,0.305,-0.2043,67.68,7.39,23.69,0.5758,1
121.96,50.6,62.14,0.661,-0.1184,292.19,3.88,23.2,0.6836,0
178.21,23.13,56.69,0.3624,0.1851,191.41,1.71,29.1,0.8926,1
16.99,21.31,77.59,-0.0084,-0.1604,184.86,21.51,26.46,0.0567,0
169.19,47.39,59.56,0.3861,-0.0278,177.73,2.08,28.86,0.9004,1
106.3,34.48,95.84,0.3008,-0.1131,269.86,2.27,22.84,0.7265,1
98.7,74.79,68.02,0.1877,-0.0344,666.74,5.43,23.07,0.1816,0
46.31,34.27,89.57,0.276,-0.1029,150.57,4.89,25.39,0.3513,1
53.1,51.63,59.61,0.3731,-0.1688,213.4,14.61,29.29,0.1354,0
49.7,41.32,48.11,0.4363,-0.1094,429.99,11.13,30.78,0.0758,0
158.03,60.05,72.14,0.6088,0.1208,186.11,5.76,25.37,0.8986,1
3.84,18.79,68.36,0.5486,-0.3062,309.08,2.35,26.75,0.0376,0
85.8,26.59,84.86,0.306,-0.1701,296.33,8.76,27.25,0.2216,0
60.88,31.1,71.85,0.6248,-0.2915,483.96,9.05,38.74,0.0301,0
25.96,41.42,93.09,0.6402,-0.0819,132.09,3.06,26.48,0.5379,0
1.83,77.58,85.53,0.4532,-0.1182,138.31,1.72,36.37,0.5313,1
106.89,64.67,42.21,0.5955,-0.0846,322.28,1.54,31.08,0.6481,1
25.64,74.9,63.99,0.1489,-0.1,265.38,11.43,22.91,0.7313,0
5.19,43.12,58.08,0.5795,-0.1568,277.66,3.37,27.53,0.1038,0
130.77,81.02,80.56,0.3536,0.1095,239.63,1.07,30.9,0.9011,0
84.33,84.45,66.74,0.336,-0.0648,535.0,4.77,19.2,0.4535,0
32.99,54.97,82.12,0.6335,-0.2386,294.91,2.05,33.01,0.4421,0
63.36,97.91,70.72,0.397,0.146,178.5,4.22,30.09,0.7958,1
49.86,6.35,45.42,0.4457,-0.4147,134.73,12.31,30.42,0.19,0
11.13,83.38,61.81,0.3545,0.0895,140.07,5.14,28.48,0.862,1
69.37,22.83,62.26,0.6741,-0.1977,84.63,22.12,32.41,0.2452,0
62.16,75.08,72.65,0.1632,-0.1026,390.8,3.51,24.87,0.7529,1
25.48,81.88,57.26,-0.1064,0.0402,369.18,17.44,27.7,0.2869,0
117.44,85.24,78.96,0.5456,0.0878,391.22,6.97,29.23,0.8373,1
67.52,58.82,57.85,0.3134,-0.2164,678.52,15.51,32.02,0.0985,0
19.02,39.29,52.54,0.2741,-0.4009,934.74,1.93,24.18,0.0021,0
143.88,32.44,72.06,0.4772,0.0072,86.57,12.79,26.59,0.8209,1
102.26,32.99,64.43,0.3896,0.0557,300.25,1.14,34.94,0.7369,0
92.57,50.79,50.74,0.309,0.0769,69.31,4.31,26.28,0.8798,1
46.08,40.99,58.27,0.6297,-0.1308,140.1,4.62,31.78,0.4442,1
11.98,55.65,53.62,0.2057,-0.1753,66.57,3.75,26.47,0.5244,0
258.83,57.58,63.48,0.6207,0.2932,480.42,0.97,26.49,0.9815,1
34.03,15.01,64.5,0.5209,-0.272,188.97,3.18,29.52,0.1694,0
114.97,26.43,58.66,0.5613,-0.0021,522.55,11.35,16.22,0.0852,0
46.41,56.11,73.75,0.4444,0.1201,166.12,4.25,34.15,0.7861,1
20.05,70.78,65.93,0.4754,0.1222,261.76,4.55,24.23,0.5307,0
123.17,93.06,63.51,0.7285,0.1094,133.83,10.04,31.42,0.9364,1
150.55,12.49,66.95,0.4329,-0.4001,200.15,6.79,34.1,0.7043,1
65.69,94.79,50.54,0.6158,-0.0667,513.51,6.28,34.01,0.5194,0
79.53,56.79,57.21,0.1805,0.021,519.26,5.07,29.42,0.1372,0
85.51,83.16,85.58,0.2933,0.0795,154.13,12.47,30.96,0.9683,1
38.8,35.54,40.85,0.3487,-0.1652,19.42,2.97,30.56,0.566,1
126.06,32.91,56.48,0.6839,-0.0637,50.67,11.27,19.29,0.9605,1
55.58,6.92,44.92,0.486,-0.3392,375.83,5.18,37.97,0.0431,0
80.26,83.83,81.86,0.5196,0.0267,319.57,12.59,28.2,0.7104,1
61.4,10.47,47.02,0.1052,-0.3888,458.73,7.03,26.88,0.0525,0
27.1,63.65,59.0,0.3968,-0.0559,104.06,3.78,27.17,0.607,1
144.59,13.59,67.09,0.5495,-0.1926,263.76,8.08,33.5,0.5594,1
48.73,83.1,54.48,0.0032,-0.1596,528.96,9.68,25.38,0.2521,0
49.91,49.94,41.09,0.2584,-0.2817,356.51,4.96,27.98,0.2325,0
73.42,52.54,87.1,0.6597,-0.1009,364.65,20.71,29.34,0.2962,0
38.43,43.88,75.6,0.6772,-0.1053,565.42,6.49,26.51,0.1039,0
229.33,18.67,73.53,0.6039,-0.0367,258.44,2.96,20.85,0.8838,1
131.85,30.08,60.4,0.6114,0.0727,185.82,10.19,26.63,0.5349,0
107.96,38.84,56.96,0.4638,-0.035,253.92,14.9,39.59,0.3822,0
150.64,42.18,41.83,0.4673,0.2311,43.97,17.61,30.51,0.9014,0
70.5,46.69,55.38,0.5192,-0.0539,361.22,3.11,31.03,0.3611,1
83.15,55.39,76.3,0.5743,-0.0564,347.79,0.94,26.36,0.4246,1
40.75,75.65,82.72,0.0585,-0.0266,123.88,2.71,25.73,0.8623,0
35.08,37.58,68.21,0.2026,-0.0733,229.31,18.58,25.08,0.2515,1
57.7,69.86,48.03,0.4471,0.1217,86.34,0.96,33.73,0.7761,1
75.74,29.08,65.12,0.0081,-0.2073,492.21,0.95,25.14,0.2292,0
22.63,72.13,73.3,0.0968,-0.0635,341.61,4.1,29.67,0.4981,0
161.51,21.8,70.32,0.9049,-0.3218,334.34,8.01,24.5,0.1242,0
29.57,27.1,47.6,0.5912,-0.4508,522.38,14.25,21.37,0.0103,0
12.68,22.49,82.69,0.1724,-0.0893,84.35,5.19,25.25,0.3186,1
42.58,64.46,86.44,0.7046,0.0218,138.52,2.48,29.25,0.8836,0
202.0,77.32,46.27,0.0875,0.2791,187.12,0.7,25.2,0.9846,1
107.75,33.93,51.82,0.8896,-0.1642,299.88,5.15,24.86,0.4571,1
107.47,72.35,64.39,0.5918,-0.0415,126.35,14.63,24.59,0.7861,1
52.13,41.11,50.53,0.7109,-0.4147,926.95,13.02,23.76,0.0024,0
55.51,47.75,57.03,0.4792,0.0244,232.22,6.32,24.99,0.6938,1
53.05,31.78,64.56,0.6419,-0.1544,58.94,30.98,22.94,0.2056,0
157.13,69.8,59.78,0.4548,0.1507,458.27,3.24,13.35,0.746,1
33.97,39.09,70.72,0.474,-0.2742,426.22,8.98,29.35,0.0994,0
86.16,56.15,72.41,0.4341,0.0974,327.34,3.75,18.32,0.5758,0
112.05,63.63,70.82,0.8218,0.2035,201.64,10.94,27.57,0.7002,1
139.07,42.44,67.35,0.4275,-0.0888,82.66,6.27,32.96,0.7425,1
63.55,54.47,54.71,0.634,0.2059,314.62,1.14,21.94,0.7382,1
89.47,74.8,50.06,0.313,0.2059,116.67,1.41,28.69,0.914,1
14.21,59.93,85.08,0.6696,-0.0365,43.23,5.74,20.38,0.6387,1
150.15,31.46,58.04,0.5368,-0.0264,207.81,6.06,14.12,0.6109,1
75.38,79.37,44.52,0.7059,-0.0088,280.42,5.09,20.57,0.5873,1
68.61,39.52,71.31,0.1082,-0.45,846.07,5.15,23.45,0.0142,0
64.07,89.17,34.41,0.2982,-0.0059,294.98,0.49,28.2,0.6794,0
53.83,36.08,52.63,0.3202,-0.0405,365.79,7.43,37.38,0.2944,1
89.68,17.38,54.22,0.3618,-0.3059,121.08,2.79,23.62,0.3401,0
18.53,58.78,76.18,0.2336,-0.0696,722.69,0.94,27.46,0.0266,0
201.71,41.9,51.13,0.4908,-0.0893,518.84,5.3,32.35,0.4879,1
159.28,15.0,72.72,0.4144,-0.0136,354.03,0.31,26.64,0.4194,1
58.49,11.02,64.87,0.6435,-0.1652,237.04,3.81,20.34,0.1703,0
78.53,52.24,58.84,0.556,-0.1069,190.59,7.2,33.18,0.7172,1
73.11,9.93,62.45,0.327,-0.1529,678.84,0.51,30.24,0.0242,0
7.5,56.56,86.03,0.3952,-0.1929,460.71,5.83,21.07,0.0701,0
87.62,63.03,70.64,0.3206,0.0991,106.54,9.02,20.74,0.9288,1
37.85,15.32,42.66,0.3379,-0.1878,116.61,6.62,19.82,0.3291,1
17.15,65.18,58.89,0.7792,0.0594,264.41,5.72,23.94,0.1886,0
44.47,50.04,62.33,0.5108,-0.0892,419.35,8.16,24.3,0.244,0
81.62,76.64,67.27,0.58,0.1191,125.84,2.76,24.05,0.9743,1
43.24,56.59,77.81,0.29,-0.0098,105.18,6.72,34.73,0.8676,1
57.42,75.59,62.58,0.5212,-0.0704,558.05,9.01,32.26,0.1318,1
60.45,58.37,69.21,0.8341,-0.0658,105.28,12.55,23.45,0.4455,0
84.54,52.01,55.33,0.4374,0.0322,559.1,0.68,34.29,0.3135,0
8.16,57.93,69.08,0.7406,0.1327,6.51,4.88,26.74,0.6589,1
302.44,55.15,85.65,0.2961,0.2794,86.72,5.4,23.82,0.9934,1
69.1,38.57,51.3,0.3205,-0.1868,80.78,1.14,21.22,0.8258,0
85.36,11.92,10.0,0.5854,-0.3291,220.8,10.11,30.23,0.0978,0
44.9,78.67,56.21,0.4248,0.0713,513.57,6.37,18.83,0.2924,0
28.29,60.37,98.97,0.2382,-0.0827,70.68,7.83,29.61,0.6374,1
78.47,49.01,52.54,0.4904,-0.1602,446.23,3.3,32.29,0.1378,0
60.95,35.37,62.54,0.3326,-0.3308,1070.21,9.71,24.15,0.0036,0
34.94,82.56,66.43,0.4949,0.0477,243.9,12.86,25.72,0.6403,1
40.38,34.25,62.88,0.4351,-0.231,223.32,9.86,35.31,0.2899,0
213.55,93.26,35.26,0.4102,0.5586,146.05,1.0,27.47,0.9984,1
37.2,57.9,38.72,0.4874,0.0397,420.73,2.24,29.24,0.1145,0
27.62,69.86,41.73,0.2689,0.0461,113.41,3.85,29.75,0.7532,1
95.1,15.98,73.21,0.421,-0.274,276.02,9.25,36.71,0.489,0
188.56,30.26,63.39,0.7678,-0.2333,564.96,6.45,21.16,0.378,0
39.38,23.68,57.89,0.697,-0.2491,522.42,5.0,21.43,0.0341,0
164.27,12.49,80.14,0.4937,-0.2677,72.38,3.54,25.18,0.8237,1
138.36,66.71,84.9,0.5401,0.1045,134.41,1.73,26.24,0.9738,1
70.84,79.29,61.27,0.0397,0.0725,176.66,5.34,32.32,0.7883,1
29.37,51.59,64.06,0.3487,0.002,94.05,2.43,20.87,0.636,0
41.58,46.98,80.73,0.4879,-0.0785,590.46,3.51,36.68,0.2575,1
107.11,48.57,88.02,0.6229,-0.0643,228.21,3.25,25.47,0.8193,1
44.94,59.54,58.31,0.2297,-0.1659,156.27,1.57,30.3,0.6526,0
247.01,85.23,53.07,0.4135,0.36,172.03,7.11,22.28,0.9927,1
5.42,46.97,49.88,0.5678,-0.2494,304.58,10.12,25.16,0.0517,0
33.36,27.18,86.64,0.1033,-0.5133,921.03,2.54,22.52,0.0042,0
83.97,14.35,77.46,0.3252,-0.2071,294.59,1.17,21.55,0.4481,1
22.1,29.81,58.17,0.606,-0.2349,140.19,16.44,34.72,0.1342,0
56.87,75.1,78.28,-0.1828,0.2259,335.05,3.4,23.52,0.831,0
190.2,85.31,73.34,0.1734,0.1868,424.07,11.83,34.02,0.8475,1
143.25,95.25,72.78,0.1895,0.2596,838.05,17.34,32.75,0.2988,1
36.56,67.59,85.68,0.0789,-0.154,240.83,5.0,31.06,0.73,0
6.9,95.98,62.76,0.1797,-0.0678,807.08,2.6,29.54,0.0594,0
185.6,25.73,58.54,0.6812,0.1003,219.94,4.83,24.02,0.8674,0
146.45,17.26,75.8,0.5476,-0.1159,255.06,2.42,22.99,0.7724,0
24.24,23.0,41.51,0.1196,0.019,181.03,20.36,40.64,0.0681,0
149.74,39.73,85.26,0.1882,0.0892,265.54,2.32,18.38,0.7744,0
58.97,74.96,52.39,0.1973,-0.1864,195.6,7.17,27.68,0.6326,1
88.79,24.59,65.57,0.3884,-0.2934,468.49,10.13,23.94,0.0813,0
178.98,60.15,45.0,0.3229,0.25,52.51,5.86,35.92,0.9845,1
70.16,72.27,73.25,0.4508,-0.0189,509.01,0.51,20.1,0.5431,1
38.37,64.39,65.75,0.1259,-0.1182,404.14,0.56,14.39,0.5259,1
112.09,60.51,39.67,0.7047,0.0839,76.17,1.15,21.96,0.9396,1
100.63,83.86,63.7,0.4768,0.2174,56.51,6.17,27.65,0.9497,1
25.62,37.18,78.92,-0.0992,-0.1563,108.06,0.68,21.53,0.4717,1
67.58,51.72,57.92,0.2826,-0.0918,228.45,4.57,29.23,0.3633,0
64.12,55.85,77.2,0.6894,0.0923,290.07,4.09,22.12,0.5848,1
63.96,86.96,53.54,0.0094,-0.0176,413.49,2.9,24.65,0.7368,1
66.4,42.81,85.22,0.0473,-0.1327,161.83,3.85,27.65,0.7255,1
68.14,17.75,59.65,0.1351,-0.1233,326.51,1.5,26.08,0.2404,0
90.38,52.73,59.01,0.1791,0.1244,236.91,4.25,28.66,0.7604,1
164.81,75.97,70.16,0.4414,0.0201,587.32,1.84,34.62,0.7238,0
30.82,52.87,56.93,0.4066,0.0697,228.08,4.62,26.77,0.5135,1
225.94,35.3,42.92,0.1721,0.1909,102.27,2.15,31.07,0.9914,1
219.4,78.15,97.73,0.5044,0.2151,133.2,5.53,21.88,0.9973,1
115.52,78.93,85.64,0.1572,0.0228,75.8,5.68,31.41,0.9746,1
8.7,33.67,63.73,0.3481,-0.3071,518.01,7.09,28.39,0.034,0
83.51,31.07,81.13,0.3618,-0.2257,340.77,15.15,31.51,0.1218,0
72.79,52.81,73.8,0.24,-0.0699,259.47,5.29,30.08,0.7397,1
152.43,61.41,57.14,0.6559,0.0571,369.83,4.37,20.27,0.7245,1
57.39,57.89,61.23,0.7121,0.0254,73.1,3.31,19.75,0.7487,1
134.91,18.92,64.25,0.0608,-0.2235,103.17,6.51,32.13,0.8348,1
44.37,12.33,70.23,0.3951,-0.7019,1385.79,1.93,17.92,0.0001,0
83.43,3.1,49.9,0.0536,-0.3024,153.73,13.5,22.5,0.1293,0
25.17,53.37,82.71,0.1693,-0.092,110.3,3.52,18.56,0.5725,0
9.63,33.29,63.21,0.3528,-0.4065,313.71,0.97,28.98,0.0537,0
133.84,52.36,83.55,0.3908,0.1039,220.43,10.9,26.27,0.7927,1
88.88,34.33,97.9,0.4682,-0.1122,624.77,1.75,26.16,0.2428,0
120.6,8.28,52.14,0.552,-0.1514,192.41,4.16,35.23,0.2175,1
92.97,64.89,80.73,0.5736,0.0823,459.85,4.84,26.7,0.5091,0
86.41,47.41,85.36,0.1605,-0.255,288.54,2.33,30.39,0.6937,0
342.45,39.72,75.88,-0.0687,0.4365,77.32,4.58,29.54,0.9992,1
31.97,94.33,55.38,0.5015,-0.1389,112.64,1.72,37.97,0.7342,1
70.24,23.44,56.39,0.3645,-0.0341,107.2,0.47,18.42,0.6287,1
229.74,57.52,70.17,0.0599,0.1274,286.42,1.8,25.15,0.9507,1
92.54,74.58,81.94,0.2835,-0.0243,146.56,3.17,36.35,0.9591,1
117.56,41.51,63.32,0.2129,0.0947,520.04,3.69,24.76,0.2861,1
28.07,52.54,72.25,0.5252,-0.176,68.93,4.3,23.77,0.5286,1
99.56,67.63,61.97,0.4827,0.0908,217.4,4.62,27.24,0.9121,1
17.22,26.05,75.93,-0.0279,-0.1113,325.23,3.48,20.1,0.1331,0
75.87,92.43,66.61,0.3594,0.0997,280.7,4.91,33.95,0.7024,0
79.53,35.12,67.15,0.332,-0.1513,152.98,3.64,32.06,0.785,0
27.89,47.58,53.7,0.3983,0.0232,142.59,7.17,28.66,0.2941,1
60.31,64.77,71.41,0.4825,0.0452,190.53,18.25,27.07,0.3732,1
56.03,54.44,71.3,0.303,0.0744,348.8,20.05,28.65,0.1269,0
101.28,40.27,87.84,0.6716,0.0074,180.2,0.58,24.81,0.6877,1
149.51,65.41,56.41,0.5091,0.1655,114.64,2.52,26.22,0.9535,1
79.35,58.33,97.2,0.3564,-0.1348,513.69,5.24,25.7,0.3357,0
63.31,26.41,69.0,0.6778,-0.285,222.02,2.59,20.21,0.1723,0
78.87,54.56,64.98,0.0036,-0.1429,452.42,4.88,18.36,0.3221,0
31.37,63.4,68.95,0.2888,-0.1113,279.05,10.19,30.02,0.3039,1
133.07,47.66,76.3,0.2723,0.2062,44.57,3.79,21.06,0.9861,1
52.69,73.51,56.48,0.7298,-0.0053,41.37,6.78,39.19,0.8353,1
23.59,42.69,71.67,0.4748,-0.3384,509.37,4.14,29.79,0.0406,0
51.56,59.85,67.88,-0.0188,-0.2525,469.65,12.47,39.61,0.5155,1
123.93,50.29,66.63,-0.0398,-0.0478,620.66,6.77,25.96,0.1346,0
76.81,40.2,52.12,0.6601,-0.2208,590.74,2.93,29.05,0.0441,0
124.56,15.08,67.48,0.3001,-0.1536,423.26,11.3,29.63,0.2002,0
88.03,63.13,48.93,0.038,0.0453,127.54,15.9,35.81,0.84,1
36.61,77.07,58.47,0.5134,-0.111,637.04,13.51,30.34,0.0803,0
165.62,67.72,58.33,0.1526,0.0381,204.17,7.6,28.6,0.9511,1
120.47,39.86,85.09,0.4833,-0.1284,688.87,4.91,22.98,0.2709,0
90.76,76.03,98.96,0.8783,0.1833,68.72,6.1,24.48,0.805,1
17.82,52.05,85.71,0.4777,-0.1538,132.15,2.51,31.78,0.469,1
113.12,37.36,73.01,0.8106,0.0262,277.29,1.79,27.42,0.4255,0
17.07,5.31,93.82,0.1646,-0.2061,156.94,4.81,27.77,0.2174,0
93.31,55.07,63.38,0.4181,-0.0073,320.44,5.62,34.36,0.6399,0
81.93,30.43,69.43,0.5326,-0.2835,261.77,1.67,33.22,0.3433,0
52.62,22.28,75.63,0.2647,-0.2256,220.1,2.78,26.71,0.1185,0
61.39,80.51,66.46,0.5282,0.1288,198.4,20.19,18.97,0.6932,1
96.7,39.63,53.45,0.63,-0.0365,122.29,2.2,25.88,0.6049,1
10.86,26.66,54.73,0.3708,-0.2896,136.1,3.5,31.32,0.1635,0
48.33,44.64,74.82,0.5978,-0.0076,354.18,3.33,27.71,0.487,1
15.32,41.89,55.68,0.3644,-0.0215,151.25,2.77,30.71,0.3997,0
46.75,88.21,69.5,0.0101,-0.189,606.87,3.24,35.32,0.1272,0
42.6,32.94,63.86,0.7649,-0.0651,258.71,2.86,26.47,0.1506,0
172.18,58.84,61.93,0.3764,0.0516,139.76,7.7,22.6,0.9683,1
24.31,44.64,51.58,0.742,-0.1222,236.99,5.61,30.17,0.1966,0
76.26,79.18,53.94,0.5577,0.1269,98.85,10.22,24.39,0.9172,1
70.03,38.12,77.58,0.3491,-0.2088,72.45,0.42,23.83,0.558,0
172.01,80.06,94.02,0.6447,0.1046,527.56,0.89,24.18,0.9861,1
81.06,72.39,48.14,0.198,0.2173,160.31,0.78,33.86,0.9102,0
29.64,63.78,75.76,0.6003,-0.0435,315.78,11.55,24.42,0.2385,0
92.15,68.55,62.11,0.4053,0.0649,132.46,0.28,32.24,0.9594,1
188.69,71.15,100.0,0.3886,0.2907,151.48,1.42,22.05,0.9916,1
42.93,74.36,60.26,0.4989,-0.3441,663.1,3.15,23.11,0.0337,0
50.48,48.97,79.19,0.5859,-0.1658,454.66,2.42,30.97,0.1787,1
105.77,46.41,44.81,0.2557,0.1622,72.18,11.07,32.18,0.8388,1
5.66,33.88,94.8,0.2558,-0.2246,194.39,4.25,23.76,0.3593,0
113.41,58.44,55.38,0.1793,0.0543,203.96,0.87,22.22,0.9329,1
56.88,31.33,28.27,0.4408,-0.2231,354.35,8.94,28.26,0.0763,0
57.68,97.61,76.34,0.3711,0.0358,242.23,8.13,32.62,0.8358,1
63.57,42.4,86.46,0.4419,-0.1656,336.47,8.48,27.69,0.2047,0
57.03,15.91,42.98,0.9066,-0.5581,992.07,9.25,29.44,0.0005,0
5.79,45.13,59.35,0.5714,-0.1821,299.71,0.52,23.35,0.1053,0
54.21,37.74,68.27,0.4225,-0.0815,176.38,5.8,32.17,0.4621,0
91.76,22.21,75.5,0.5543,0.1111,75.67,1.41,25.5,0.7258,1
46.18,46.76,74.25,0.4915,-0.2077,375.99,1.55,18.54,0.2036,0
307.29,22.64,88.32,0.6378,-0.0487,299.6,21.87,30.34,0.8896,1
114.94,59.86,72.19,0.5142,-0.1823,524.65,5.76,27.19,0.3859,1
138.87,8.34,87.26,0.4535,0.0545,335.47,4.83,25.3,0.5443,0
21.32,74.91,72.36,0.415,-0.1465,505.96,2.87,31.7,0.1684,0
130.15,41.71,49.9,0.1908,-0.093,288.9,2.75,28.28,0.9026,1
88.09,1.94,80.12,-0.0183,-0.2317,87.39,8.67,28.35,0.7258,1
104.87,66.21,85.85,0.4825,0.076,279.52,1.17,22.68,0.915,1
26.08,56.65,55.88,0.5222,-0.1087,276.18,2.89,26.97,0.3344,0
120.55,56.78,71.26,0.5114,-0.0802,383.69,9.7,26.78,0.4557,0
37.95,81.88,18.46,0.2578,0.0532,180.9,2.56,32.11,0.5928,1
19.06,29.0,78.09,0.2988,-0.2285,448.13,3.35,30.75,0.0702,0
68.12,26.96,77.85,-0.0084,-0.2383,367.53,0.39,29.2,0.3561,0
104.37,27.82,64.93,0.7084,-0.3672,397.45,13.71,20.39,0.2647,0
166.46,54.36,49.88,0.2551,0.1515,379.21,8.88,26.52,0.8396,1
38.76,38.64,53.97,0.4921,-0.2928,207.3,0.52,20.13,0.236,1
83.82,79.02,62.08,-0.0248,-0.0001,386.16,3.64,32.7,0.8377,1
37.81,94.3,74.74,0.5997,0.2377,136.16,10.74,32.81,0.8317,1
56.22,70.2,79.83,0.0685,0.0273,403.88,15.72,20.98,0.4978,0
60.84,47.53,53.06,0.58,-0.468,1336.15,9.4,28.17,0.0002,0
140.8,54.89,48.82,0.5142,0.05,257.6,0.08,28.82,0.8752,1
116.87,80.39,45.99,0.4616,0.2276,280.89,4.42,34.34,0.9497,1
137.52,53.94,88.74,0.1947,0.0283,327.07,18.42,27.17,0.5939,0
99.88,78.48,60.61,0.3132,0.0714,24.76,2.52,32.05,0.9528,1
112.6,18.11,68.45,0.2856,-0.2239,29.4,2.96,30.5,0.5996,0
33.12,74.13,75.06,0.5206,-0.1608,580.14,6.38,24.18,0.0867,0
45.53,79.21,83.83,0.2444,-0.003,257.25,3.44,26.19,0.856,1
39.96,44.15,68.56,0.3252,-0.1346,365.23,7.52,29.34,0.1042,0
69.42,79.02,90.7,0.3186,0.1775,67.69,5.51,39.07,0.974,1
74.06,42.08,89.95,0.4887,-0.0735,226.33,15.12,32.41,0.414,1
99.64,82.42,65.53,0.2147,0.1933,231.84,13.33,27.88,0.8171,1
143.93,42.3,47.01,0.4969,-0.181,313.15,0.91,23.69,0.7751,1
79.63,67.3,76.39,0.0654,0.3088,46.55,7.92,18.55,0.9857,1
71.17,47.41,75.48,0.6179,-0.1592,319.01,6.61,20.17,0.3874,0
51.83,74.31,35.05,-0.0033,-0.2829,858.88,6.33,33.91,0.0508,0
30.72,78.88,77.29,0.8207,0.13,177.29,2.21,24.72,0.7345,1
122.63,27.82,26.67,0.2123,0.2388,215.04,5.99,23.08,0.699,1
24.45,20.66,88.91,0.7422,-0.1487,44.71,3.55,30.02,0.2152,1
140.75,51.53,61.71,0.2032,0.0818,107.08,2.53,19.21,0.9733,0
12.44,29.03,74.74,0.479,-0.3233,878.08,10.26,18.19,0.0031,0
8.96,66.47,60.6,0.1639,0.0292,302.92,10.64,33.26,0.2386,0
80.37,71.52,77.94,0.4158,0.0249,162.31,2.71,30.77,0.9233,1
40.73,83.76,53.26,0.0658,-0.3113,698.22,6.92,24.12,0.2422,0
218.32,69.99,98.11,0.7399,0.1887,265.71,11.52,29.18,0.9761,1
126.46,12.87,68.59,-0.159,-0.2409,686.03,0.32,34.75,0.0944,0
102.1,72.71,66.5,0.2393,-0.0406,554.73,3.75,28.73,0.7037,1
27.91,51.77,72.97,0.5461,-0.3737,276.36,1.3,30.32,0.1865,0
59.02,35.21,88.28,0.5988,-0.1255,111.79,0.78,28.56,0.6062,1
84.57,77.06,73.11,0.3427,0.1658,302.67,3.94,15.36,0.8383,0
48.77,68.7,64.46,0.5219,0.0549,226.23,0.41,28.82,0.4132,0
44.32,53.97,58.39,0.4285,0.0721,323.85,13.26,26.26,0.279,0
53.67,85.22,70.94,0.5156,0.1882,230.09,0.2,30.08,0.9328,0
82.72,48.21,59.24,0.2636,-0.0001,126.98,3.67,27.69,0.7072,1
125.93,49.28,69.97,0.7317,0.1014,130.84,1.32,17.4,0.8637,1
281.94,36.44,74.78,0.4747,0.211,54.5,1.02,26.09,0.9976,1
49.13,61.54,50.32,0.5138,-0.1178,581.73,13.28,25.48,0.0688,0
73.71,41.13,58.1,0.256,-0.0887,132.65,0.42,29.76,0.7174,0
4.19,63.63,63.35,0.423,-0.2028,676.07,8.08,33.8,0.022,0
24.64,25.72,55.69,0.5565,-0.2696,228.38,5.74,32.1,0.2871,0
102.62,62.19,76.84,0.4059,-0.2329,660.99,1.43,22.2,0.5969,1
124.22,21.78,61.7,0.7413,-0.0741,310.39,7.6,33.37,0.3359,0
68.98,18.67,73.88,0.5814,-0.1474,268.15,3.14,29.83,0.1342,1
15.05,40.36,80.92,0.7517,-0.0942,136.09,0.5,27.69,0.3185,0
22.32,17.61,67.99,0.5644,-0.3076,364.25,1.4,34.79,0.124,1
7.81,65.71,45.91,0.4844,0.0146,98.59,2.8,39.0,0.6348,0
10.78,62.98,49.91,0.7568,-0.2856,674.37,2.45,29.54,0.0133,0
34.4,39.25,52.56,0.5641,-0.2184,482.45,17.45,25.75,0.0495,0
76.86,62.44,53.04,0.6646,0.0243,466.07,0.43,26.19,0.4024,1
22.87,46.71,48.71,0.2542,-0.0794,113.19,6.48,30.75,0.3327,0
39.51,52.22,84.75,0.0559,0.1169,290.11,10.59,27.03,0.3524,0
34.18,61.72,57.58,0.3779,-0.2911,686.82,7.8,28.12,0.0143,0
129.45,23.46,82.62,0.3867,-0.1352,181.55,13.23,27.66,0.4894,1
107.64,64.5,77.64,0.426,0.1152,81.92,2.72,27.29,0.9678,1
15.42,73.59,43.12,0.3136,-0.1049,199.65,3.68,37.41,0.6964,1
34.61,32.67,54.26,0.2722,-0.3939,268.98,13.26,29.01,0.0919,0
184.15,38.73,63.53,-0.1014,0.0488,266.52,1.55,28.67,0.972,1
108.57,44.19,86.57,0.4233,-0.1511,103.83,2.7,24.05,0.9259,1
63.65,48.32,67.89,0.8548,-0.0368,11.62,7.09,35.08,0.5186,0
13.71,35.5,76.48,0.3597,-0.1218,368.15,1.84,26.04,0.1681,0
44.17,57.73,67.79,0.4607,-0.118,470.55,0.25,23.6,0.2501,0
36.5,30.39,67.2,0.2786,-0.2981,204.92,1.2,28.87,0.2284,1
22.87,68.45,44.15,0.6351,-0.074,589.59,6.65,29.84,0.0435,0
50.45,61.15,73.4,0.694,0.0552,64.73,6.19,17.42,0.8499,1
50.04,87.19,66.31,0.5145,-0.0245,513.34,13.59,34.29,0.1368,0
39.23,87.07,50.13,0.2549,0.0886,121.6,3.27,31.44,0.9108,0
49.25,50.24,73.88,0.457,-0.141,220.89,11.0,24.3,0.4561,1
81.33,29.61,83.6,0.3862,-0.2196,805.08,0.36,18.66,0.0183,0
151.08,78.7,56.18,0.3387,0.0492,283.05,1.9,22.08,0.9846,1
67.08,77.52,82.92,0.6455,0.0391,236.55,9.68,29.76,0.4382,0
67.29,36.95,68.41,0.2928,0.0087,31.36,4.48,24.42,0.8832,1
34.41,67.57,48.12,0.203,0.1555,68.3,14.13,30.38,0.4355,1
77.98,63.17,75.18,0.2064,0.083,65.29,5.35,29.71,0.8698,1
106.29,56.26,64.68,0.5573,0.1122,389.12,7.66,32.03,0.2067,0
41.48,27.28,73.07,0.1596,-0.3342,548.29,3.82,31.28,0.0477,0
24.86,40.71,50.63,0.1543,0.0283,35.1,1.96,23.05,0.7541,0
46.38,36.56,46.74,0.4894,-0.066,87.65,17.53,35.52,0.236,0
30.09,42.18,86.39,0.547,-0.1262,344.98,11.62,26.94,0.3204,0
122.59,68.96,51.7,0.3388,0.1683,197.65,5.36,18.85,0.907,1
39.35,36.59,49.65,0.4483,-0.2367,205.2,4.37,26.47,0.3409,1
48.5,56.61,45.82,0.3264,-0.3406,300.4,1.81,29.76,0.3078,1
162.4,79.62,75.06,-0.1712,0.0086,413.51,0.71,27.27,0.9391,1
13.32,76.89,81.39,0.3162,-0.2638,871.74,7.38,31.88,0.0236,0
93.57,80.96,82.3,0.2602,0.2047,81.7,3.23,22.11,0.9829,1
67.26,29.41,83.54,0.6932,-0.058,296.52,4.51,28.21,0.2298,1
44.03,46.16,57.44,0.509,0.0391,524.16,7.13,21.31,0.0467,0
28.38,43.49,52.16,0.3742,-0.0922,556.6,4.69,23.9,0.0294,0
207.42,60.2,62.27,0.0667,0.2403,123.15,16.3,25.81,0.9865,1
35.64,68.73,79.72,0.2104,0.0244,37.81,12.97,21.57,0.8254,1
52.36,89.93,57.97,0.3979,-0.0023,804.01,11.09,31.0,0.051,0
59.49,86.65,44.89,0.7274,0.1259,80.12,2.46,24.85,0.9127,1
13.2,44.31,53.15,0.6499,-0.0565,99.9,2.41,19.42,0.357,1
100.0,69.02,95.52,0.2728,0.0847,102.12,15.11,27.43,0.7871,1
90.93,37.93,58.08,0.3833,-0.048,31.61,4.88,26.36,0.6218,1
23.87,59.18,53.99,0.4747,-0.1314,65.95,5.53,37.8,0.499,1
88.36,28.98,84.59,0.3408,-0.2066,192.25,1.67,29.63,0.366,1
55.69,34.65,90.4,0.4363,-0.2353,179.14,3.14,29.92,0.5192,0
96.16,69.32,63.39,0.26,-0.151,356.2,10.37,30.93,0.4395,0
62.43,43.82,80.68,0.01,-0.1727,638.6,4.65,21.02,0.0335,0
24.18,73.31,53.9,0.3132,-0.1302,406.25,4.88,19.95,0.2783,1
133.74,70.8,80.09,0.2004,0.177,191.0,4.8,26.05,0.9798,1
77.35,50.92,50.12,0.5448,-0.3233,1057.24,12.88,27.72,0.0024,0
131.94,79.47,78.26,0.4482,0.307,39.94,7.5,18.31,0.9941,1
18.04,24.76,65.22,0.331,-0.3864,544.78,3.53,31.23,0.0209,0
14.13,61.8,77.18,0.3959,-0.3506,669.27,2.06,21.88,0.1901,0
50.71,33.17,58.27,0.4229,-0.3837,688.39,12.23,24.66,0.0083,0
109.36,80.05,44.43,0.5952,0.2702,246.18,2.27,23.27,0.8584,1
18.25,5.88,59.23,0.1468,-0.2464,8.17,3.05,31.0,0.3377,0
141.55,80.79,75.2,0.5259,0.1918,117.61,3.89,27.05,0.976,1
55.46,62.36,56.7,0.3379,-0.1042,188.26,5.83,25.17,0.4376,0
40.13,62.21,73.78,0.4004,0.0,159.51,7.59,28.7,0.4138,0
56.56,84.78,52.4,0.1666,-0.0057,167.52,11.2,18.8,0.94,1
153.12,22.4,62.48,0.344,0.1333,123.01,1.57,24.44,0.8361,1
15.36,77.7,65.13,0.2341,-0.178,221.82,16.07,19.82,0.2803,0
20.11,24.12,30.6,0.649,-0.4142,366.68,4.63,20.53,0.0284,0
74.16,28.32,63.75,0.0735,-0.1383,362.38,2.37,28.8,0.3587,1
42.51,26.01,64.64,0.4437,-0.2805,404.29,4.29,33.75,0.1397,0
57.07,36.48,100.0,0.4959,-0.0946,135.98,5.49,40.71,0.4217,0
72.44,31.8,53.46,0.666,-0.2159,369.21,6.52,28.51,0.1183,0
85.58,70.95,58.94,0.4552,0.1838,32.79,13.42,26.48,0.8913,1
48.34,36.26,57.42,0.3435,-0.0782,182.18,8.44,19.91,0.5064,0
74.19,68.63,75.85,0.584,0.0581,354.9,3.53,20.12,0.7786,1
84.45,39.05,36.95,-0.0566,-0.0616,90.18,6.83,33.88,0.5485,0
143.44,58.68,61.39,0.2628,0.0948,123.91,9.6,29.73,0.9496,1
66.99,42.34,70.0,0.2231,-0.1165,476.94,7.27,30.01,0.1465,0
41.74,21.78,92.17,0.345,-0.0949,262.72,2.31,27.89,0.1422,0
113.62,17.79,71.32,0.5142,-0.2458,190.17,3.12,31.09,0.821,1
25.59,83.97,73.91,0.1462,0.1618,187.59,6.27,29.86,0.7544,1
99.93,42.6,75.11,0.5868,0.0696,172.35,2.05,30.33,0.8503,1
194.1,35.75,67.6,0.2183,0.0236,549.31,6.97,31.26,0.6762,0
53.77,59.45,45.3,0.5779,-0.158,235.27,6.04,27.99,0.3378,0
27.4,46.09,38.88,0.4305,-0.2856,245.46,3.46,28.18,0.2212,1
96.2,14.73,83.5,0.4917,-0.1369,256.8,1.32,28.22,0.217,1
46.47,39.5,56.61,0.4189,-0.1511,175.75,17.29,26.43,0.2484,0
43.16,79.61,46.47,0.7831,0.0205,244.49,4.1,35.31,0.6432,0
72.88,70.89,37.82,0.5288,0.0183,92.53,5.79,22.25,0.9098,1
177.02,32.48,63.57,0.1764,0.0781,127.77,6.84,20.77,0.9327,1
79.57,37.69,56.0,0.2533,-0.3098,1060.69,2.97,26.11,0.0061,0
55.21,23.43,61.71,0.6211,-0.2654,257.18,4.97,29.41,0.0996,0
221.8,40.8,76.07,0.3106,-0.0809,804.9,6.17,18.64,0.3401,0
273.58,39.94,44.51,0.1517,0.0011,577.96,1.22,22.34,0.8966,1
194.88,24.61,72.74,0.5681,-0.1493,914.94,5.67,26.25,0.1144,0
62.19,49.6,49.88,0.5284,0.1258,46.05,0.56,29.85,0.6988,1
14.55,50.57,74.84,0.4823,-0.1106,292.95,1.7,27.12,0.252,0
56.22,23.86,69.95,0.4519,-0.55,1289.72,1.65,25.87,0.0003,0
40.93,72.99,49.02,0.6849,-0.1231,460.15,11.59,28.73,0.06,0
60.57,52.9,81.7,0.1812,-0.0639,271.63,11.67,17.8,0.4569,1
82.75,30.52,56.26,0.1074,-0.0944,183.0,6.69,24.68,0.5035,0
129.97,38.57,87.24,0.1304,0.0614,65.64,2.3,22.99,0.9148,1
22.37,37.21,63.84,0.3827,-0.2537,469.72,3.74,30.39,0.0867,1
64.53,60.37,69.75,0.1319,-0.0827,391.65,6.24,26.79,0.2915,0
72.88,25.32,89.01,0.5544,-0.319,589.45,8.75,24.15,0.0448,0
131.76,47.19,63.02,0.3381,-0.0464,354.49,16.84,26.68,0.5414,1
30.54,64.18,81.55,0.2269,0.0416,468.0,10.49,28.33,0.2036,0
33.72,71.16,82.72,0.3464,-0.0307,122.61,7.84,26.03,0.7851,0
26.73,23.68,55.08,0.6496,-0.1796,26.2,11.27,23.66,0.3568,0
9.61,59.19,59.86,0.616,0.0601,102.65,2.62,19.94,0.7382,1
79.03,61.9,72.0,0.2031,0.007,422.5,0.27,21.71,0.4513,1
74.79,67.9,44.73,0.044,-0.3759,853.67,1.29,37.8,0.0206,0
45.04,56.59,73.92,0.1369,-0.1353,582.36,14.13,32.47,0.0511,0
65.93,54.62,75.81,0.2622,-0.2736,595.36,3.4,27.0,0.08,0
89.25,23.78,43.18,0.4621,-0.1683,97.79,0.68,24.76,0.478,0
30.04,52.63,65.33,0.798,-0.2175,361.28,3.2,27.9,0.3098,0
59.99,49.3,51.49,0.5417,-0.0976,76.56,1.62,29.35,0.7879,0
115.57,63.86,77.29,0.2761,-0.1789,404.71,7.26,19.19,0.6409,0
46.29,44.79,67.22,0.0515,-0.2641,259.75,2.33,22.04,0.6164,1
166.69,71.27,58.48,0.2821,0.1727,241.4,2.38,28.28,0.9769,1
195.21,34.56,26.16,0.336,0.061,250.98,2.38,24.33,0.8407,1
133.5,51.75,60.68,0.2144,-0.0496,34.28,6.68,23.58,0.8647,0
55.38,38.11,71.0,0.3338,-0.216,302.56,4.5,29.34,0.1604,0
59.83,68.79,74.28,0.2235,0.0333,69.65,8.04,30.62,0.7814,1
130.83,30.59,59.65,0.5334,-0.1766,125.85,2.36,23.05,0.8158,0
158.09,48.29,42.25,0.5213,0.1645,102.63,4.16,34.09,0.8545,1
93.26,47.47,44.6,0.5824,-0.1361,394.09,1.48,20.74,0.284,0
48.39,18.49,44.1,0.6028,-0.1463,99.97,10.81,26.15,0.2916,0
68.62,68.79,58.53,0.4564,-0.0574,153.53,10.17,25.11,0.6313,1
